CRITICAL - 2026-02-24 08:31:10 --> TypeError: Cannot assign CodeIgniter\HTTP\CLIRequest to property CodeIgniter\Security\Security::$request of type CodeIgniter\HTTP\IncomingRequest
[Method: CLI, Route: serve]
in SYSTEMPATH\Security\Security.php on line 210.
 1 SYSTEMPATH\Config\Services.php(657): CodeIgniter\Security\Security->__construct(Object(Config\Security))
 2 SYSTEMPATH\Config\BaseService.php(325): CodeIgniter\Config\Services::security(Object(Config\Security), false)
 3 SYSTEMPATH\Config\BaseService.php(264): CodeIgniter\Config\BaseService::__callStatic('security', [...])
 4 SYSTEMPATH\Config\Services.php(652): CodeIgniter\Config\BaseService::getSharedInstance('security', null)
 5 SYSTEMPATH\Config\BaseService.php(334): CodeIgniter\Config\Services::security()
 6 SYSTEMPATH\Config\BaseService.php(203): CodeIgniter\Config\BaseService::__callStatic('security', [])
 7 SYSTEMPATH\Common.php(1078): CodeIgniter\Config\BaseService::get('security')
 8 SYSTEMPATH\Common.php(266): service('security')
 9 SYSTEMPATH\Common.php(302): csrf_token()
10 APPPATH\Views\reporter\reporter_view.php(32): csrf_field()
11 SYSTEMPATH\View\View.php(238): include('E:\\Development Tools\\Xampp\\htdocs\\NToday-News\\app\\Views\\reporter\\reporter_view.php')
12 SYSTEMPATH\View\View.php(241): CodeIgniter\View\View->CodeIgniter\View\{closure}()
13 SYSTEMPATH\Common.php(1250): CodeIgniter\View\View->render('reporter/reporter_view', [], true)
14 APPPATH\Config\Routes.php(59): view('reporter/reporter_view')
15 SYSTEMPATH\Router\RouteCollection.php(339): require('E:\\Development Tools\\Xampp\\htdocs\\NToday-News\\app\\Config\\Routes.php')
16 SYSTEMPATH\CLI\Console.php(41): CodeIgniter\Router\RouteCollection->loadRoutes()
17 SYSTEMPATH\Boot.php(442): CodeIgniter\CLI\Console->run()
18 SYSTEMPATH\Boot.php(166): CodeIgniter\Boot::runCommand(Object(CodeIgniter\CLI\Console))
19 ROOTPATH\spark(87): CodeIgniter\Boot::bootSpark(Object(Config\Paths))
CRITICAL - 2026-02-24 08:33:08 --> TypeError: Cannot assign CodeIgniter\HTTP\CLIRequest to property CodeIgniter\Security\Security::$request of type CodeIgniter\HTTP\IncomingRequest
[Method: CLI, Route: serve]
in SYSTEMPATH\Security\Security.php on line 210.
 1 SYSTEMPATH\Config\Services.php(657): CodeIgniter\Security\Security->__construct(Object(Config\Security))
 2 SYSTEMPATH\Config\BaseService.php(325): CodeIgniter\Config\Services::security(Object(Config\Security), false)
 3 SYSTEMPATH\Config\BaseService.php(264): CodeIgniter\Config\BaseService::__callStatic('security', [...])
 4 SYSTEMPATH\Config\Services.php(652): CodeIgniter\Config\BaseService::getSharedInstance('security', null)
 5 SYSTEMPATH\Config\BaseService.php(334): CodeIgniter\Config\Services::security()
 6 SYSTEMPATH\Config\BaseService.php(203): CodeIgniter\Config\BaseService::__callStatic('security', [])
 7 SYSTEMPATH\Common.php(1078): CodeIgniter\Config\BaseService::get('security')
 8 SYSTEMPATH\Common.php(266): service('security')
 9 SYSTEMPATH\Common.php(302): csrf_token()
10 APPPATH\Views\reporter\reporter_view.php(32): csrf_field()
11 SYSTEMPATH\View\View.php(238): include('E:\\Development Tools\\Xampp\\htdocs\\NToday-News\\app\\Views\\reporter\\reporter_view.php')
12 SYSTEMPATH\View\View.php(241): CodeIgniter\View\View->CodeIgniter\View\{closure}()
13 SYSTEMPATH\Common.php(1250): CodeIgniter\View\View->render('reporter/reporter_view', [], true)
14 APPPATH\Config\Routes.php(59): view('reporter/reporter_view')
15 SYSTEMPATH\Router\RouteCollection.php(339): require('E:\\Development Tools\\Xampp\\htdocs\\NToday-News\\app\\Config\\Routes.php')
16 SYSTEMPATH\CLI\Console.php(41): CodeIgniter\Router\RouteCollection->loadRoutes()
17 SYSTEMPATH\Boot.php(442): CodeIgniter\CLI\Console->run()
18 SYSTEMPATH\Boot.php(166): CodeIgniter\Boot::runCommand(Object(CodeIgniter\CLI\Console))
19 ROOTPATH\spark(87): CodeIgniter\Boot::bootSpark(Object(Config\Paths))
CRITICAL - 2026-02-24 08:39:35 --> TypeError: Cannot assign CodeIgniter\HTTP\CLIRequest to property CodeIgniter\Security\Security::$request of type CodeIgniter\HTTP\IncomingRequest
[Method: CLI, Route: serve]
in SYSTEMPATH\Security\Security.php on line 210.
 1 SYSTEMPATH\Config\Services.php(657): CodeIgniter\Security\Security->__construct(Object(Config\Security))
 2 SYSTEMPATH\Config\BaseService.php(325): CodeIgniter\Config\Services::security(Object(Config\Security), false)
 3 SYSTEMPATH\Config\BaseService.php(264): CodeIgniter\Config\BaseService::__callStatic('security', [...])
 4 SYSTEMPATH\Config\Services.php(652): CodeIgniter\Config\BaseService::getSharedInstance('security', null)
 5 SYSTEMPATH\Config\BaseService.php(334): CodeIgniter\Config\Services::security()
 6 SYSTEMPATH\Config\BaseService.php(203): CodeIgniter\Config\BaseService::__callStatic('security', [])
 7 SYSTEMPATH\Common.php(1078): CodeIgniter\Config\BaseService::get('security')
 8 SYSTEMPATH\Common.php(266): service('security')
 9 SYSTEMPATH\Common.php(302): csrf_token()
10 APPPATH\Views\reporter\reporter_view.php(32): csrf_field()
11 SYSTEMPATH\View\View.php(238): include('E:\\Development Tools\\Xampp\\htdocs\\NToday-News\\app\\Views\\reporter\\reporter_view.php')
12 SYSTEMPATH\View\View.php(241): CodeIgniter\View\View->CodeIgniter\View\{closure}()
13 SYSTEMPATH\Common.php(1250): CodeIgniter\View\View->render('reporter/reporter_view', [], true)
14 APPPATH\Config\Routes.php(59): view('reporter/reporter_view')
15 SYSTEMPATH\Router\RouteCollection.php(339): require('E:\\Development Tools\\Xampp\\htdocs\\NToday-News\\app\\Config\\Routes.php')
16 SYSTEMPATH\CLI\Console.php(41): CodeIgniter\Router\RouteCollection->loadRoutes()
17 SYSTEMPATH\Boot.php(442): CodeIgniter\CLI\Console->run()
18 SYSTEMPATH\Boot.php(166): CodeIgniter\Boot::runCommand(Object(CodeIgniter\CLI\Console))
19 ROOTPATH\spark(87): CodeIgniter\Boot::bootSpark(Object(Config\Paths))
CRITICAL - 2026-02-24 08:40:11 --> TypeError: Cannot assign CodeIgniter\HTTP\CLIRequest to property CodeIgniter\Security\Security::$request of type CodeIgniter\HTTP\IncomingRequest
[Method: CLI, Route: serve]
in SYSTEMPATH\Security\Security.php on line 210.
 1 SYSTEMPATH\Config\Services.php(657): CodeIgniter\Security\Security->__construct(Object(Config\Security))
 2 SYSTEMPATH\Config\BaseService.php(325): CodeIgniter\Config\Services::security(Object(Config\Security), false)
 3 SYSTEMPATH\Config\BaseService.php(264): CodeIgniter\Config\BaseService::__callStatic('security', [...])
 4 SYSTEMPATH\Config\Services.php(652): CodeIgniter\Config\BaseService::getSharedInstance('security', null)
 5 SYSTEMPATH\Config\BaseService.php(334): CodeIgniter\Config\Services::security()
 6 SYSTEMPATH\Config\BaseService.php(203): CodeIgniter\Config\BaseService::__callStatic('security', [])
 7 SYSTEMPATH\Common.php(1078): CodeIgniter\Config\BaseService::get('security')
 8 SYSTEMPATH\Common.php(266): service('security')
 9 SYSTEMPATH\Common.php(302): csrf_token()
10 APPPATH\Views\reporter\reporter_view.php(32): csrf_field()
11 SYSTEMPATH\View\View.php(238): include('E:\\Development Tools\\Xampp\\htdocs\\NToday-News\\app\\Views\\reporter\\reporter_view.php')
12 SYSTEMPATH\View\View.php(241): CodeIgniter\View\View->CodeIgniter\View\{closure}()
13 SYSTEMPATH\Common.php(1250): CodeIgniter\View\View->render('reporter/reporter_view', [], true)
14 APPPATH\Config\Routes.php(59): view('reporter/reporter_view')
15 SYSTEMPATH\Router\RouteCollection.php(339): require('E:\\Development Tools\\Xampp\\htdocs\\NToday-News\\app\\Config\\Routes.php')
16 SYSTEMPATH\CLI\Console.php(41): CodeIgniter\Router\RouteCollection->loadRoutes()
17 SYSTEMPATH\Boot.php(442): CodeIgniter\CLI\Console->run()
18 SYSTEMPATH\Boot.php(166): CodeIgniter\Boot::runCommand(Object(CodeIgniter\CLI\Console))
19 ROOTPATH\spark(87): CodeIgniter\Boot::bootSpark(Object(Config\Paths))
DEBUG - 2026-02-24 08:51:07 --> Session: Class initialized using 'CodeIgniter\Session\Handlers\FileHandler' driver.
DEBUG - 2026-02-24 08:51:14 --> Session: Class initialized using 'CodeIgniter\Session\Handlers\FileHandler' driver.
DEBUG - 2026-02-24 08:51:16 --> Session: Class initialized using 'CodeIgniter\Session\Handlers\FileHandler' driver.
DEBUG - 2026-02-24 08:53:38 --> Session: Class initialized using 'CodeIgniter\Session\Handlers\FileHandler' driver.
DEBUG - 2026-02-24 09:05:02 --> Session: Class initialized using 'CodeIgniter\Session\Handlers\FileHandler' driver.
DEBUG - 2026-02-24 09:05:47 --> Session: Class initialized using 'CodeIgniter\Session\Handlers\FileHandler' driver.
DEBUG - 2026-02-24 09:06:27 --> Session: Class initialized using 'CodeIgniter\Session\Handlers\FileHandler' driver.
DEBUG - 2026-02-24 09:07:17 --> Session: Class initialized using 'CodeIgniter\Session\Handlers\FileHandler' driver.
DEBUG - 2026-02-24 09:07:17 --> Session: Class initialized using 'CodeIgniter\Session\Handlers\FileHandler' driver.
DEBUG - 2026-02-24 09:07:56 --> Session: Class initialized using 'CodeIgniter\Session\Handlers\FileHandler' driver.
DEBUG - 2026-02-24 10:39:55 --> Session: Class initialized using 'CodeIgniter\Session\Handlers\FileHandler' driver.
DEBUG - 2026-02-24 10:40:01 --> Session: Class initialized using 'CodeIgniter\Session\Handlers\FileHandler' driver.
DEBUG - 2026-02-24 10:45:49 --> Session: Class initialized using 'CodeIgniter\Session\Handlers\FileHandler' driver.
WARNING - 2026-02-24 10:53:24 --> [DEPRECATED] strtotime(): Passing null to parameter #1 ($datetime) of type string is deprecated in APPPATH\Views\frontend\home.php on line 110.
 1 APPPATH\Views\frontend\home.php(110): strtotime(null)
 2 SYSTEMPATH\View\View.php(238): include('E:\\Development Tools\\Xampp\\htdocs\\NToday-News\\app\\Views\\frontend\\home.php')
 3 SYSTEMPATH\View\View.php(241): CodeIgniter\View\View->CodeIgniter\View\{closure}()
 4 SYSTEMPATH\Common.php(1250): CodeIgniter\View\View->render('frontend/home', [], true)
 5 APPPATH\Controllers\Home.php(23): view('frontend/home', [...])
 6 SYSTEMPATH\CodeIgniter.php(951): App\Controllers\Home->index()
 7 SYSTEMPATH\CodeIgniter.php(497): CodeIgniter\CodeIgniter->runController(Object(App\Controllers\Home))
 8 SYSTEMPATH\CodeIgniter.php(340): CodeIgniter\CodeIgniter->handleRequest(null, Object(Config\Cache), false)
 9 SYSTEMPATH\Boot.php(417): CodeIgniter\CodeIgniter->run()
10 SYSTEMPATH\Boot.php(68): CodeIgniter\Boot::runCodeIgniter(Object(CodeIgniter\CodeIgniter))
11 FCPATH\index.php(59): CodeIgniter\Boot::bootWeb(Object(Config\Paths))
12 SYSTEMPATH\rewrite.php(44): require_once('E:\\Development Tools\\Xampp\\htdocs\\NToday-News\\public\\index.php')
WARNING - 2026-02-24 10:53:24 --> [DEPRECATED] strtotime(): Passing null to parameter #1 ($datetime) of type string is deprecated in APPPATH\Views\frontend\home.php on line 110.
 1 APPPATH\Views\frontend\home.php(110): strtotime(null)
 2 SYSTEMPATH\View\View.php(238): include('E:\\Development Tools\\Xampp\\htdocs\\NToday-News\\app\\Views\\frontend\\home.php')
 3 SYSTEMPATH\View\View.php(241): CodeIgniter\View\View->CodeIgniter\View\{closure}()
 4 SYSTEMPATH\Common.php(1250): CodeIgniter\View\View->render('frontend/home', [], true)
 5 APPPATH\Controllers\Home.php(23): view('frontend/home', [...])
 6 SYSTEMPATH\CodeIgniter.php(951): App\Controllers\Home->index()
 7 SYSTEMPATH\CodeIgniter.php(497): CodeIgniter\CodeIgniter->runController(Object(App\Controllers\Home))
 8 SYSTEMPATH\CodeIgniter.php(340): CodeIgniter\CodeIgniter->handleRequest(null, Object(Config\Cache), false)
 9 SYSTEMPATH\Boot.php(417): CodeIgniter\CodeIgniter->run()
10 SYSTEMPATH\Boot.php(68): CodeIgniter\Boot::runCodeIgniter(Object(CodeIgniter\CodeIgniter))
11 FCPATH\index.php(59): CodeIgniter\Boot::bootWeb(Object(Config\Paths))
12 SYSTEMPATH\rewrite.php(44): require_once('E:\\Development Tools\\Xampp\\htdocs\\NToday-News\\public\\index.php')
CRITICAL - 2026-02-24 10:53:56 --> CodeIgniter\HTTP\Exceptions\BadRequestException: The URI you submitted has disallowed characters: "తెలంగాణలో-భారీ-వర్షాలు-రెడ్-అలర్ట్-జారీ-చేసిన-ఐఎండీ-imd"
[Method: GET, Route: news/%E0%B0%A4%E0%B1%86%E0%B0%B2%E0%B0%82%E0%B0%97%E0%B0%BE%E0%B0%A3%E0%B0%B2%E0%B1%8B-%E0%B0%AD%E0%B0%BE%E0%B0%B0%E0%B1%80-%E0%B0%B5%E0%B0%B0%E0%B1%8D%E0%B0%B7%E0%B0%BE%E0%B0%B2%E0%B1%81-%E0%B0%B0%E0%B1%86%E0%B0%A1%E0%B1%8D-%E0%B0%85%E0%B0%B2%E0%B0%B0%E0%B1%8D%E0%B0%9F%E0%B1%8D-%E0%B0%9C%E0%B0%BE%E0%B0%B0%E0%B1%80-%E0%B0%9A%E0%B1%87%E0%B0%B8%E0%B0%BF%E0%B0%A8-%E0%B0%90%E0%B0%8E%E0%B0%82%E0%B0%A1%E0%B1%80-imd]
in SYSTEMPATH\Router\Router.php on line 768.
 1 SYSTEMPATH\Router\Router.php(219): CodeIgniter\Router\Router->checkDisallowedChars('news/తెలంగాణలో-భారీ-వర్షాలు-రెడ్-అలర్ట్-జారీ-చేసిన-ఐఎండీ-imd')
 2 SYSTEMPATH\CodeIgniter.php(829): CodeIgniter\Router\Router->handle('news/తెలంగాణలో-భారీ-వర్షాలు-రెడ్-అలర్ట్-జారీ-చేసిన-ఐఎండీ-imd')
 3 SYSTEMPATH\CodeIgniter.php(441): CodeIgniter\CodeIgniter->tryToRouteIt(Object(CodeIgniter\Router\RouteCollection))
 4 SYSTEMPATH\CodeIgniter.php(340): CodeIgniter\CodeIgniter->handleRequest(null, Object(Config\Cache), false)
 5 SYSTEMPATH\Boot.php(417): CodeIgniter\CodeIgniter->run()
 6 SYSTEMPATH\Boot.php(68): CodeIgniter\Boot::runCodeIgniter(Object(CodeIgniter\CodeIgniter))
 7 FCPATH\index.php(59): CodeIgniter\Boot::bootWeb(Object(Config\Paths))
 8 SYSTEMPATH\rewrite.php(44): require_once('E:\\Development Tools\\Xampp\\htdocs\\NToday-News\\public\\index.php')
CRITICAL - 2026-02-24 10:54:02 --> CodeIgniter\HTTP\Exceptions\BadRequestException: The URI you submitted has disallowed characters: "ఇప్పుడు-మళ్ళీ-సబ్మిట్-చేయండి"
[Method: GET, Route: news/%E0%B0%87%E0%B0%AA%E0%B1%8D%E0%B0%AA%E0%B1%81%E0%B0%A1%E0%B1%81-%E0%B0%AE%E0%B0%B3%E0%B1%8D%E0%B0%B3%E0%B1%80-%E0%B0%B8%E0%B0%AC%E0%B1%8D%E0%B0%AE%E0%B0%BF%E0%B0%9F%E0%B1%8D-%E0%B0%9A%E0%B1%87%E0%B0%AF%E0%B0%82%E0%B0%A1%E0%B0%BF]
in SYSTEMPATH\Router\Router.php on line 768.
 1 SYSTEMPATH\Router\Router.php(219): CodeIgniter\Router\Router->checkDisallowedChars('news/ఇప్పుడు-మళ్ళీ-సబ్మిట్-చేయండి')
 2 SYSTEMPATH\CodeIgniter.php(829): CodeIgniter\Router\Router->handle('news/ఇప్పుడు-మళ్ళీ-సబ్మిట్-చేయండి')
 3 SYSTEMPATH\CodeIgniter.php(441): CodeIgniter\CodeIgniter->tryToRouteIt(Object(CodeIgniter\Router\RouteCollection))
 4 SYSTEMPATH\CodeIgniter.php(340): CodeIgniter\CodeIgniter->handleRequest(null, Object(Config\Cache), false)
 5 SYSTEMPATH\Boot.php(417): CodeIgniter\CodeIgniter->run()
 6 SYSTEMPATH\Boot.php(68): CodeIgniter\Boot::runCodeIgniter(Object(CodeIgniter\CodeIgniter))
 7 FCPATH\index.php(59): CodeIgniter\Boot::bootWeb(Object(Config\Paths))
 8 SYSTEMPATH\rewrite.php(44): require_once('E:\\Development Tools\\Xampp\\htdocs\\NToday-News\\public\\index.php')
WARNING - 2026-02-24 10:56:48 --> [DEPRECATED] strtotime(): Passing null to parameter #1 ($datetime) of type string is deprecated in APPPATH\Views\frontend\home.php on line 110.
 1 APPPATH\Views\frontend\home.php(110): strtotime(null)
 2 SYSTEMPATH\View\View.php(238): include('E:\\Development Tools\\Xampp\\htdocs\\NToday-News\\app\\Views\\frontend\\home.php')
 3 SYSTEMPATH\View\View.php(241): CodeIgniter\View\View->CodeIgniter\View\{closure}()
 4 SYSTEMPATH\Common.php(1250): CodeIgniter\View\View->render('frontend/home', [], true)
 5 APPPATH\Controllers\Home.php(23): view('frontend/home', [...])
 6 SYSTEMPATH\CodeIgniter.php(951): App\Controllers\Home->index()
 7 SYSTEMPATH\CodeIgniter.php(497): CodeIgniter\CodeIgniter->runController(Object(App\Controllers\Home))
 8 SYSTEMPATH\CodeIgniter.php(340): CodeIgniter\CodeIgniter->handleRequest(null, Object(Config\Cache), false)
 9 SYSTEMPATH\Boot.php(417): CodeIgniter\CodeIgniter->run()
10 SYSTEMPATH\Boot.php(68): CodeIgniter\Boot::runCodeIgniter(Object(CodeIgniter\CodeIgniter))
11 FCPATH\index.php(59): CodeIgniter\Boot::bootWeb(Object(Config\Paths))
12 SYSTEMPATH\rewrite.php(44): require_once('E:\\Development Tools\\Xampp\\htdocs\\NToday-News\\public\\index.php')
WARNING - 2026-02-24 10:56:48 --> [DEPRECATED] strtotime(): Passing null to parameter #1 ($datetime) of type string is deprecated in APPPATH\Views\frontend\home.php on line 110.
 1 APPPATH\Views\frontend\home.php(110): strtotime(null)
 2 SYSTEMPATH\View\View.php(238): include('E:\\Development Tools\\Xampp\\htdocs\\NToday-News\\app\\Views\\frontend\\home.php')
 3 SYSTEMPATH\View\View.php(241): CodeIgniter\View\View->CodeIgniter\View\{closure}()
 4 SYSTEMPATH\Common.php(1250): CodeIgniter\View\View->render('frontend/home', [], true)
 5 APPPATH\Controllers\Home.php(23): view('frontend/home', [...])
 6 SYSTEMPATH\CodeIgniter.php(951): App\Controllers\Home->index()
 7 SYSTEMPATH\CodeIgniter.php(497): CodeIgniter\CodeIgniter->runController(Object(App\Controllers\Home))
 8 SYSTEMPATH\CodeIgniter.php(340): CodeIgniter\CodeIgniter->handleRequest(null, Object(Config\Cache), false)
 9 SYSTEMPATH\Boot.php(417): CodeIgniter\CodeIgniter->run()
10 SYSTEMPATH\Boot.php(68): CodeIgniter\Boot::runCodeIgniter(Object(CodeIgniter\CodeIgniter))
11 FCPATH\index.php(59): CodeIgniter\Boot::bootWeb(Object(Config\Paths))
12 SYSTEMPATH\rewrite.php(44): require_once('E:\\Development Tools\\Xampp\\htdocs\\NToday-News\\public\\index.php')
CRITICAL - 2026-02-24 11:00:36 --> ParseError: syntax error, unexpected token "endfor"
[Method: GET, Route: /]
in APPPATH\Views\frontend\home.php on line 213.
 1 SYSTEMPATH\View\View.php(241): CodeIgniter\View\View->CodeIgniter\View\{closure}()
 2 SYSTEMPATH\Common.php(1250): CodeIgniter\View\View->render('frontend/home', [], true)
 3 APPPATH\Controllers\Home.php(23): view('frontend/home', [...])
 4 SYSTEMPATH\CodeIgniter.php(951): App\Controllers\Home->index()
 5 SYSTEMPATH\CodeIgniter.php(497): CodeIgniter\CodeIgniter->runController(Object(App\Controllers\Home))
 6 SYSTEMPATH\CodeIgniter.php(340): CodeIgniter\CodeIgniter->handleRequest(null, Object(Config\Cache), false)
 7 SYSTEMPATH\Boot.php(417): CodeIgniter\CodeIgniter->run()
 8 SYSTEMPATH\Boot.php(68): CodeIgniter\Boot::runCodeIgniter(Object(CodeIgniter\CodeIgniter))
 9 FCPATH\index.php(59): CodeIgniter\Boot::bootWeb(Object(Config\Paths))
10 SYSTEMPATH\rewrite.php(44): require_once('E:\\Development Tools\\Xampp\\htdocs\\NToday-News\\public\\index.php')
WARNING - 2026-02-24 11:02:27 --> [DEPRECATED] strtotime(): Passing null to parameter #1 ($datetime) of type string is deprecated in APPPATH\Views\frontend\home.php on line 207.
 1 APPPATH\Views\frontend\home.php(207): strtotime(null)
 2 SYSTEMPATH\View\View.php(238): include('E:\\Development Tools\\Xampp\\htdocs\\NToday-News\\app\\Views\\frontend\\home.php')
 3 SYSTEMPATH\View\View.php(241): CodeIgniter\View\View->CodeIgniter\View\{closure}()
 4 SYSTEMPATH\Common.php(1250): CodeIgniter\View\View->render('frontend/home', [], true)
 5 APPPATH\Controllers\Home.php(23): view('frontend/home', [...])
 6 SYSTEMPATH\CodeIgniter.php(951): App\Controllers\Home->index()
 7 SYSTEMPATH\CodeIgniter.php(497): CodeIgniter\CodeIgniter->runController(Object(App\Controllers\Home))
 8 SYSTEMPATH\CodeIgniter.php(340): CodeIgniter\CodeIgniter->handleRequest(null, Object(Config\Cache), false)
 9 SYSTEMPATH\Boot.php(417): CodeIgniter\CodeIgniter->run()
10 SYSTEMPATH\Boot.php(68): CodeIgniter\Boot::runCodeIgniter(Object(CodeIgniter\CodeIgniter))
11 FCPATH\index.php(59): CodeIgniter\Boot::bootWeb(Object(Config\Paths))
12 SYSTEMPATH\rewrite.php(44): require_once('E:\\Development Tools\\Xampp\\htdocs\\NToday-News\\public\\index.php')
WARNING - 2026-02-24 11:02:27 --> [DEPRECATED] strtotime(): Passing null to parameter #1 ($datetime) of type string is deprecated in APPPATH\Views\frontend\home.php on line 207.
 1 APPPATH\Views\frontend\home.php(207): strtotime(null)
 2 SYSTEMPATH\View\View.php(238): include('E:\\Development Tools\\Xampp\\htdocs\\NToday-News\\app\\Views\\frontend\\home.php')
 3 SYSTEMPATH\View\View.php(241): CodeIgniter\View\View->CodeIgniter\View\{closure}()
 4 SYSTEMPATH\Common.php(1250): CodeIgniter\View\View->render('frontend/home', [], true)
 5 APPPATH\Controllers\Home.php(23): view('frontend/home', [...])
 6 SYSTEMPATH\CodeIgniter.php(951): App\Controllers\Home->index()
 7 SYSTEMPATH\CodeIgniter.php(497): CodeIgniter\CodeIgniter->runController(Object(App\Controllers\Home))
 8 SYSTEMPATH\CodeIgniter.php(340): CodeIgniter\CodeIgniter->handleRequest(null, Object(Config\Cache), false)
 9 SYSTEMPATH\Boot.php(417): CodeIgniter\CodeIgniter->run()
10 SYSTEMPATH\Boot.php(68): CodeIgniter\Boot::runCodeIgniter(Object(CodeIgniter\CodeIgniter))
11 FCPATH\index.php(59): CodeIgniter\Boot::bootWeb(Object(Config\Paths))
12 SYSTEMPATH\rewrite.php(44): require_once('E:\\Development Tools\\Xampp\\htdocs\\NToday-News\\public\\index.php')
WARNING - 2026-02-24 11:02:41 --> [DEPRECATED] strtotime(): Passing null to parameter #1 ($datetime) of type string is deprecated in APPPATH\Views\frontend\home.php on line 207.
 1 APPPATH\Views\frontend\home.php(207): strtotime(null)
 2 SYSTEMPATH\View\View.php(238): include('E:\\Development Tools\\Xampp\\htdocs\\NToday-News\\app\\Views\\frontend\\home.php')
 3 SYSTEMPATH\View\View.php(241): CodeIgniter\View\View->CodeIgniter\View\{closure}()
 4 SYSTEMPATH\Common.php(1250): CodeIgniter\View\View->render('frontend/home', [], true)
 5 APPPATH\Controllers\Home.php(23): view('frontend/home', [...])
 6 SYSTEMPATH\CodeIgniter.php(951): App\Controllers\Home->index()
 7 SYSTEMPATH\CodeIgniter.php(497): CodeIgniter\CodeIgniter->runController(Object(App\Controllers\Home))
 8 SYSTEMPATH\CodeIgniter.php(340): CodeIgniter\CodeIgniter->handleRequest(null, Object(Config\Cache), false)
 9 SYSTEMPATH\Boot.php(417): CodeIgniter\CodeIgniter->run()
10 SYSTEMPATH\Boot.php(68): CodeIgniter\Boot::runCodeIgniter(Object(CodeIgniter\CodeIgniter))
11 FCPATH\index.php(59): CodeIgniter\Boot::bootWeb(Object(Config\Paths))
12 SYSTEMPATH\rewrite.php(44): require_once('E:\\Development Tools\\Xampp\\htdocs\\NToday-News\\public\\index.php')
WARNING - 2026-02-24 11:02:41 --> [DEPRECATED] strtotime(): Passing null to parameter #1 ($datetime) of type string is deprecated in APPPATH\Views\frontend\home.php on line 207.
 1 APPPATH\Views\frontend\home.php(207): strtotime(null)
 2 SYSTEMPATH\View\View.php(238): include('E:\\Development Tools\\Xampp\\htdocs\\NToday-News\\app\\Views\\frontend\\home.php')
 3 SYSTEMPATH\View\View.php(241): CodeIgniter\View\View->CodeIgniter\View\{closure}()
 4 SYSTEMPATH\Common.php(1250): CodeIgniter\View\View->render('frontend/home', [], true)
 5 APPPATH\Controllers\Home.php(23): view('frontend/home', [...])
 6 SYSTEMPATH\CodeIgniter.php(951): App\Controllers\Home->index()
 7 SYSTEMPATH\CodeIgniter.php(497): CodeIgniter\CodeIgniter->runController(Object(App\Controllers\Home))
 8 SYSTEMPATH\CodeIgniter.php(340): CodeIgniter\CodeIgniter->handleRequest(null, Object(Config\Cache), false)
 9 SYSTEMPATH\Boot.php(417): CodeIgniter\CodeIgniter->run()
10 SYSTEMPATH\Boot.php(68): CodeIgniter\Boot::runCodeIgniter(Object(CodeIgniter\CodeIgniter))
11 FCPATH\index.php(59): CodeIgniter\Boot::bootWeb(Object(Config\Paths))
12 SYSTEMPATH\rewrite.php(44): require_once('E:\\Development Tools\\Xampp\\htdocs\\NToday-News\\public\\index.php')
WARNING - 2026-02-24 11:02:44 --> [DEPRECATED] strtotime(): Passing null to parameter #1 ($datetime) of type string is deprecated in APPPATH\Views\frontend\home.php on line 207.
 1 APPPATH\Views\frontend\home.php(207): strtotime(null)
 2 SYSTEMPATH\View\View.php(238): include('E:\\Development Tools\\Xampp\\htdocs\\NToday-News\\app\\Views\\frontend\\home.php')
 3 SYSTEMPATH\View\View.php(241): CodeIgniter\View\View->CodeIgniter\View\{closure}()
 4 SYSTEMPATH\Common.php(1250): CodeIgniter\View\View->render('frontend/home', [], true)
 5 APPPATH\Controllers\Home.php(23): view('frontend/home', [...])
 6 SYSTEMPATH\CodeIgniter.php(951): App\Controllers\Home->index()
 7 SYSTEMPATH\CodeIgniter.php(497): CodeIgniter\CodeIgniter->runController(Object(App\Controllers\Home))
 8 SYSTEMPATH\CodeIgniter.php(340): CodeIgniter\CodeIgniter->handleRequest(null, Object(Config\Cache), false)
 9 SYSTEMPATH\Boot.php(417): CodeIgniter\CodeIgniter->run()
10 SYSTEMPATH\Boot.php(68): CodeIgniter\Boot::runCodeIgniter(Object(CodeIgniter\CodeIgniter))
11 FCPATH\index.php(59): CodeIgniter\Boot::bootWeb(Object(Config\Paths))
12 SYSTEMPATH\rewrite.php(44): require_once('E:\\Development Tools\\Xampp\\htdocs\\NToday-News\\public\\index.php')
WARNING - 2026-02-24 11:02:44 --> [DEPRECATED] strtotime(): Passing null to parameter #1 ($datetime) of type string is deprecated in APPPATH\Views\frontend\home.php on line 207.
 1 APPPATH\Views\frontend\home.php(207): strtotime(null)
 2 SYSTEMPATH\View\View.php(238): include('E:\\Development Tools\\Xampp\\htdocs\\NToday-News\\app\\Views\\frontend\\home.php')
 3 SYSTEMPATH\View\View.php(241): CodeIgniter\View\View->CodeIgniter\View\{closure}()
 4 SYSTEMPATH\Common.php(1250): CodeIgniter\View\View->render('frontend/home', [], true)
 5 APPPATH\Controllers\Home.php(23): view('frontend/home', [...])
 6 SYSTEMPATH\CodeIgniter.php(951): App\Controllers\Home->index()
 7 SYSTEMPATH\CodeIgniter.php(497): CodeIgniter\CodeIgniter->runController(Object(App\Controllers\Home))
 8 SYSTEMPATH\CodeIgniter.php(340): CodeIgniter\CodeIgniter->handleRequest(null, Object(Config\Cache), false)
 9 SYSTEMPATH\Boot.php(417): CodeIgniter\CodeIgniter->run()
10 SYSTEMPATH\Boot.php(68): CodeIgniter\Boot::runCodeIgniter(Object(CodeIgniter\CodeIgniter))
11 FCPATH\index.php(59): CodeIgniter\Boot::bootWeb(Object(Config\Paths))
12 SYSTEMPATH\rewrite.php(44): require_once('E:\\Development Tools\\Xampp\\htdocs\\NToday-News\\public\\index.php')
WARNING - 2026-02-24 11:04:47 --> [DEPRECATED] strtotime(): Passing null to parameter #1 ($datetime) of type string is deprecated in APPPATH\Views\frontend\home.php on line 158.
 1 APPPATH\Views\frontend\home.php(158): strtotime(null)
 2 SYSTEMPATH\View\View.php(238): include('E:\\Development Tools\\Xampp\\htdocs\\NToday-News\\app\\Views\\frontend\\home.php')
 3 SYSTEMPATH\View\View.php(241): CodeIgniter\View\View->CodeIgniter\View\{closure}()
 4 SYSTEMPATH\Common.php(1250): CodeIgniter\View\View->render('frontend/home', [], true)
 5 APPPATH\Controllers\Home.php(23): view('frontend/home', [...])
 6 SYSTEMPATH\CodeIgniter.php(951): App\Controllers\Home->index()
 7 SYSTEMPATH\CodeIgniter.php(497): CodeIgniter\CodeIgniter->runController(Object(App\Controllers\Home))
 8 SYSTEMPATH\CodeIgniter.php(340): CodeIgniter\CodeIgniter->handleRequest(null, Object(Config\Cache), false)
 9 SYSTEMPATH\Boot.php(417): CodeIgniter\CodeIgniter->run()
10 SYSTEMPATH\Boot.php(68): CodeIgniter\Boot::runCodeIgniter(Object(CodeIgniter\CodeIgniter))
11 FCPATH\index.php(59): CodeIgniter\Boot::bootWeb(Object(Config\Paths))
12 SYSTEMPATH\rewrite.php(44): require_once('E:\\Development Tools\\Xampp\\htdocs\\NToday-News\\public\\index.php')
WARNING - 2026-02-24 11:04:47 --> [DEPRECATED] strtotime(): Passing null to parameter #1 ($datetime) of type string is deprecated in APPPATH\Views\frontend\home.php on line 158.
 1 APPPATH\Views\frontend\home.php(158): strtotime(null)
 2 SYSTEMPATH\View\View.php(238): include('E:\\Development Tools\\Xampp\\htdocs\\NToday-News\\app\\Views\\frontend\\home.php')
 3 SYSTEMPATH\View\View.php(241): CodeIgniter\View\View->CodeIgniter\View\{closure}()
 4 SYSTEMPATH\Common.php(1250): CodeIgniter\View\View->render('frontend/home', [], true)
 5 APPPATH\Controllers\Home.php(23): view('frontend/home', [...])
 6 SYSTEMPATH\CodeIgniter.php(951): App\Controllers\Home->index()
 7 SYSTEMPATH\CodeIgniter.php(497): CodeIgniter\CodeIgniter->runController(Object(App\Controllers\Home))
 8 SYSTEMPATH\CodeIgniter.php(340): CodeIgniter\CodeIgniter->handleRequest(null, Object(Config\Cache), false)
 9 SYSTEMPATH\Boot.php(417): CodeIgniter\CodeIgniter->run()
10 SYSTEMPATH\Boot.php(68): CodeIgniter\Boot::runCodeIgniter(Object(CodeIgniter\CodeIgniter))
11 FCPATH\index.php(59): CodeIgniter\Boot::bootWeb(Object(Config\Paths))
12 SYSTEMPATH\rewrite.php(44): require_once('E:\\Development Tools\\Xampp\\htdocs\\NToday-News\\public\\index.php')
CRITICAL - 2026-02-24 11:06:03 --> CodeIgniter\HTTP\Exceptions\BadRequestException: The URI you submitted has disallowed characters: "తెలంగాణలో-భారీ-వర్షాలు-రెడ్-అలర్ట్-జారీ-చేసిన-ఐఎండీ-imd"
[Method: GET, Route: news/%E0%B0%A4%E0%B1%86%E0%B0%B2%E0%B0%82%E0%B0%97%E0%B0%BE%E0%B0%A3%E0%B0%B2%E0%B1%8B-%E0%B0%AD%E0%B0%BE%E0%B0%B0%E0%B1%80-%E0%B0%B5%E0%B0%B0%E0%B1%8D%E0%B0%B7%E0%B0%BE%E0%B0%B2%E0%B1%81-%E0%B0%B0%E0%B1%86%E0%B0%A1%E0%B1%8D-%E0%B0%85%E0%B0%B2%E0%B0%B0%E0%B1%8D%E0%B0%9F%E0%B1%8D-%E0%B0%9C%E0%B0%BE%E0%B0%B0%E0%B1%80-%E0%B0%9A%E0%B1%87%E0%B0%B8%E0%B0%BF%E0%B0%A8-%E0%B0%90%E0%B0%8E%E0%B0%82%E0%B0%A1%E0%B1%80-imd]
in SYSTEMPATH\Router\Router.php on line 768.
 1 SYSTEMPATH\Router\Router.php(219): CodeIgniter\Router\Router->checkDisallowedChars('news/తెలంగాణలో-భారీ-వర్షాలు-రెడ్-అలర్ట్-జారీ-చేసిన-ఐఎండీ-imd')
 2 SYSTEMPATH\CodeIgniter.php(829): CodeIgniter\Router\Router->handle('news/తెలంగాణలో-భారీ-వర్షాలు-రెడ్-అలర్ట్-జారీ-చేసిన-ఐఎండీ-imd')
 3 SYSTEMPATH\CodeIgniter.php(441): CodeIgniter\CodeIgniter->tryToRouteIt(Object(CodeIgniter\Router\RouteCollection))
 4 SYSTEMPATH\CodeIgniter.php(340): CodeIgniter\CodeIgniter->handleRequest(null, Object(Config\Cache), false)
 5 SYSTEMPATH\Boot.php(417): CodeIgniter\CodeIgniter->run()
 6 SYSTEMPATH\Boot.php(68): CodeIgniter\Boot::runCodeIgniter(Object(CodeIgniter\CodeIgniter))
 7 FCPATH\index.php(59): CodeIgniter\Boot::bootWeb(Object(Config\Paths))
 8 SYSTEMPATH\rewrite.php(44): require_once('E:\\Development Tools\\Xampp\\htdocs\\NToday-News\\public\\index.php')
WARNING - 2026-02-24 11:09:17 --> [DEPRECATED] strtotime(): Passing null to parameter #1 ($datetime) of type string is deprecated in APPPATH\Views\frontend\home.php on line 29.
 1 APPPATH\Views\frontend\home.php(29): strtotime(null)
 2 SYSTEMPATH\View\View.php(238): include('E:\\Development Tools\\Xampp\\htdocs\\NToday-News\\app\\Views\\frontend\\home.php')
 3 SYSTEMPATH\View\View.php(241): CodeIgniter\View\View->CodeIgniter\View\{closure}()
 4 SYSTEMPATH\Common.php(1250): CodeIgniter\View\View->render('frontend/home', [], true)
 5 APPPATH\Controllers\Home.php(23): view('frontend/home', [...])
 6 SYSTEMPATH\CodeIgniter.php(951): App\Controllers\Home->index()
 7 SYSTEMPATH\CodeIgniter.php(497): CodeIgniter\CodeIgniter->runController(Object(App\Controllers\Home))
 8 SYSTEMPATH\CodeIgniter.php(340): CodeIgniter\CodeIgniter->handleRequest(null, Object(Config\Cache), false)
 9 SYSTEMPATH\Boot.php(417): CodeIgniter\CodeIgniter->run()
10 SYSTEMPATH\Boot.php(68): CodeIgniter\Boot::runCodeIgniter(Object(CodeIgniter\CodeIgniter))
11 FCPATH\index.php(59): CodeIgniter\Boot::bootWeb(Object(Config\Paths))
12 SYSTEMPATH\rewrite.php(44): require_once('E:\\Development Tools\\Xampp\\htdocs\\NToday-News\\public\\index.php')
WARNING - 2026-02-24 11:09:17 --> [DEPRECATED] strtotime(): Passing null to parameter #1 ($datetime) of type string is deprecated in APPPATH\Views\frontend\home.php on line 29.
 1 APPPATH\Views\frontend\home.php(29): strtotime(null)
 2 SYSTEMPATH\View\View.php(238): include('E:\\Development Tools\\Xampp\\htdocs\\NToday-News\\app\\Views\\frontend\\home.php')
 3 SYSTEMPATH\View\View.php(241): CodeIgniter\View\View->CodeIgniter\View\{closure}()
 4 SYSTEMPATH\Common.php(1250): CodeIgniter\View\View->render('frontend/home', [], true)
 5 APPPATH\Controllers\Home.php(23): view('frontend/home', [...])
 6 SYSTEMPATH\CodeIgniter.php(951): App\Controllers\Home->index()
 7 SYSTEMPATH\CodeIgniter.php(497): CodeIgniter\CodeIgniter->runController(Object(App\Controllers\Home))
 8 SYSTEMPATH\CodeIgniter.php(340): CodeIgniter\CodeIgniter->handleRequest(null, Object(Config\Cache), false)
 9 SYSTEMPATH\Boot.php(417): CodeIgniter\CodeIgniter->run()
10 SYSTEMPATH\Boot.php(68): CodeIgniter\Boot::runCodeIgniter(Object(CodeIgniter\CodeIgniter))
11 FCPATH\index.php(59): CodeIgniter\Boot::bootWeb(Object(Config\Paths))
12 SYSTEMPATH\rewrite.php(44): require_once('E:\\Development Tools\\Xampp\\htdocs\\NToday-News\\public\\index.php')
WARNING - 2026-02-24 11:09:19 --> [DEPRECATED] strtotime(): Passing null to parameter #1 ($datetime) of type string is deprecated in APPPATH\Views\frontend\home.php on line 29.
 1 APPPATH\Views\frontend\home.php(29): strtotime(null)
 2 SYSTEMPATH\View\View.php(238): include('E:\\Development Tools\\Xampp\\htdocs\\NToday-News\\app\\Views\\frontend\\home.php')
 3 SYSTEMPATH\View\View.php(241): CodeIgniter\View\View->CodeIgniter\View\{closure}()
 4 SYSTEMPATH\Common.php(1250): CodeIgniter\View\View->render('frontend/home', [], true)
 5 APPPATH\Controllers\Home.php(23): view('frontend/home', [...])
 6 SYSTEMPATH\CodeIgniter.php(951): App\Controllers\Home->index()
 7 SYSTEMPATH\CodeIgniter.php(497): CodeIgniter\CodeIgniter->runController(Object(App\Controllers\Home))
 8 SYSTEMPATH\CodeIgniter.php(340): CodeIgniter\CodeIgniter->handleRequest(null, Object(Config\Cache), false)
 9 SYSTEMPATH\Boot.php(417): CodeIgniter\CodeIgniter->run()
10 SYSTEMPATH\Boot.php(68): CodeIgniter\Boot::runCodeIgniter(Object(CodeIgniter\CodeIgniter))
11 FCPATH\index.php(59): CodeIgniter\Boot::bootWeb(Object(Config\Paths))
12 SYSTEMPATH\rewrite.php(44): require_once('E:\\Development Tools\\Xampp\\htdocs\\NToday-News\\public\\index.php')
WARNING - 2026-02-24 11:09:19 --> [DEPRECATED] strtotime(): Passing null to parameter #1 ($datetime) of type string is deprecated in APPPATH\Views\frontend\home.php on line 29.
 1 APPPATH\Views\frontend\home.php(29): strtotime(null)
 2 SYSTEMPATH\View\View.php(238): include('E:\\Development Tools\\Xampp\\htdocs\\NToday-News\\app\\Views\\frontend\\home.php')
 3 SYSTEMPATH\View\View.php(241): CodeIgniter\View\View->CodeIgniter\View\{closure}()
 4 SYSTEMPATH\Common.php(1250): CodeIgniter\View\View->render('frontend/home', [], true)
 5 APPPATH\Controllers\Home.php(23): view('frontend/home', [...])
 6 SYSTEMPATH\CodeIgniter.php(951): App\Controllers\Home->index()
 7 SYSTEMPATH\CodeIgniter.php(497): CodeIgniter\CodeIgniter->runController(Object(App\Controllers\Home))
 8 SYSTEMPATH\CodeIgniter.php(340): CodeIgniter\CodeIgniter->handleRequest(null, Object(Config\Cache), false)
 9 SYSTEMPATH\Boot.php(417): CodeIgniter\CodeIgniter->run()
10 SYSTEMPATH\Boot.php(68): CodeIgniter\Boot::runCodeIgniter(Object(CodeIgniter\CodeIgniter))
11 FCPATH\index.php(59): CodeIgniter\Boot::bootWeb(Object(Config\Paths))
12 SYSTEMPATH\rewrite.php(44): require_once('E:\\Development Tools\\Xampp\\htdocs\\NToday-News\\public\\index.php')
WARNING - 2026-02-24 11:13:34 --> [DEPRECATED] strtotime(): Passing null to parameter #1 ($datetime) of type string is deprecated in APPPATH\Views\frontend\home.php on line 29.
 1 APPPATH\Views\frontend\home.php(29): strtotime(null)
 2 SYSTEMPATH\View\View.php(238): include('E:\\Development Tools\\Xampp\\htdocs\\NToday-News\\app\\Views\\frontend\\home.php')
 3 SYSTEMPATH\View\View.php(241): CodeIgniter\View\View->CodeIgniter\View\{closure}()
 4 SYSTEMPATH\Common.php(1250): CodeIgniter\View\View->render('frontend/home', [], true)
 5 APPPATH\Controllers\Home.php(23): view('frontend/home', [...])
 6 SYSTEMPATH\CodeIgniter.php(951): App\Controllers\Home->index()
 7 SYSTEMPATH\CodeIgniter.php(497): CodeIgniter\CodeIgniter->runController(Object(App\Controllers\Home))
 8 SYSTEMPATH\CodeIgniter.php(340): CodeIgniter\CodeIgniter->handleRequest(null, Object(Config\Cache), false)
 9 SYSTEMPATH\Boot.php(417): CodeIgniter\CodeIgniter->run()
10 SYSTEMPATH\Boot.php(68): CodeIgniter\Boot::runCodeIgniter(Object(CodeIgniter\CodeIgniter))
11 FCPATH\index.php(59): CodeIgniter\Boot::bootWeb(Object(Config\Paths))
12 SYSTEMPATH\rewrite.php(44): require_once('E:\\Development Tools\\Xampp\\htdocs\\NToday-News\\public\\index.php')
WARNING - 2026-02-24 11:13:34 --> [DEPRECATED] strtotime(): Passing null to parameter #1 ($datetime) of type string is deprecated in APPPATH\Views\frontend\home.php on line 29.
 1 APPPATH\Views\frontend\home.php(29): strtotime(null)
 2 SYSTEMPATH\View\View.php(238): include('E:\\Development Tools\\Xampp\\htdocs\\NToday-News\\app\\Views\\frontend\\home.php')
 3 SYSTEMPATH\View\View.php(241): CodeIgniter\View\View->CodeIgniter\View\{closure}()
 4 SYSTEMPATH\Common.php(1250): CodeIgniter\View\View->render('frontend/home', [], true)
 5 APPPATH\Controllers\Home.php(23): view('frontend/home', [...])
 6 SYSTEMPATH\CodeIgniter.php(951): App\Controllers\Home->index()
 7 SYSTEMPATH\CodeIgniter.php(497): CodeIgniter\CodeIgniter->runController(Object(App\Controllers\Home))
 8 SYSTEMPATH\CodeIgniter.php(340): CodeIgniter\CodeIgniter->handleRequest(null, Object(Config\Cache), false)
 9 SYSTEMPATH\Boot.php(417): CodeIgniter\CodeIgniter->run()
10 SYSTEMPATH\Boot.php(68): CodeIgniter\Boot::runCodeIgniter(Object(CodeIgniter\CodeIgniter))
11 FCPATH\index.php(59): CodeIgniter\Boot::bootWeb(Object(Config\Paths))
12 SYSTEMPATH\rewrite.php(44): require_once('E:\\Development Tools\\Xampp\\htdocs\\NToday-News\\public\\index.php')
WARNING - 2026-02-24 11:14:05 --> [DEPRECATED] strtotime(): Passing null to parameter #1 ($datetime) of type string is deprecated in APPPATH\Views\frontend\home.php on line 28.
 1 APPPATH\Views\frontend\home.php(28): strtotime(null)
 2 SYSTEMPATH\View\View.php(238): include('E:\\Development Tools\\Xampp\\htdocs\\NToday-News\\app\\Views\\frontend\\home.php')
 3 SYSTEMPATH\View\View.php(241): CodeIgniter\View\View->CodeIgniter\View\{closure}()
 4 SYSTEMPATH\Common.php(1250): CodeIgniter\View\View->render('frontend/home', [], true)
 5 APPPATH\Controllers\Home.php(23): view('frontend/home', [...])
 6 SYSTEMPATH\CodeIgniter.php(951): App\Controllers\Home->index()
 7 SYSTEMPATH\CodeIgniter.php(497): CodeIgniter\CodeIgniter->runController(Object(App\Controllers\Home))
 8 SYSTEMPATH\CodeIgniter.php(340): CodeIgniter\CodeIgniter->handleRequest(null, Object(Config\Cache), false)
 9 SYSTEMPATH\Boot.php(417): CodeIgniter\CodeIgniter->run()
10 SYSTEMPATH\Boot.php(68): CodeIgniter\Boot::runCodeIgniter(Object(CodeIgniter\CodeIgniter))
11 FCPATH\index.php(59): CodeIgniter\Boot::bootWeb(Object(Config\Paths))
12 SYSTEMPATH\rewrite.php(44): require_once('E:\\Development Tools\\Xampp\\htdocs\\NToday-News\\public\\index.php')
WARNING - 2026-02-24 11:14:05 --> [DEPRECATED] strtotime(): Passing null to parameter #1 ($datetime) of type string is deprecated in APPPATH\Views\frontend\home.php on line 28.
 1 APPPATH\Views\frontend\home.php(28): strtotime(null)
 2 SYSTEMPATH\View\View.php(238): include('E:\\Development Tools\\Xampp\\htdocs\\NToday-News\\app\\Views\\frontend\\home.php')
 3 SYSTEMPATH\View\View.php(241): CodeIgniter\View\View->CodeIgniter\View\{closure}()
 4 SYSTEMPATH\Common.php(1250): CodeIgniter\View\View->render('frontend/home', [], true)
 5 APPPATH\Controllers\Home.php(23): view('frontend/home', [...])
 6 SYSTEMPATH\CodeIgniter.php(951): App\Controllers\Home->index()
 7 SYSTEMPATH\CodeIgniter.php(497): CodeIgniter\CodeIgniter->runController(Object(App\Controllers\Home))
 8 SYSTEMPATH\CodeIgniter.php(340): CodeIgniter\CodeIgniter->handleRequest(null, Object(Config\Cache), false)
 9 SYSTEMPATH\Boot.php(417): CodeIgniter\CodeIgniter->run()
10 SYSTEMPATH\Boot.php(68): CodeIgniter\Boot::runCodeIgniter(Object(CodeIgniter\CodeIgniter))
11 FCPATH\index.php(59): CodeIgniter\Boot::bootWeb(Object(Config\Paths))
12 SYSTEMPATH\rewrite.php(44): require_once('E:\\Development Tools\\Xampp\\htdocs\\NToday-News\\public\\index.php')
WARNING - 2026-02-24 11:15:16 --> [DEPRECATED] strtotime(): Passing null to parameter #1 ($datetime) of type string is deprecated in APPPATH\Views\frontend\home.php on line 28.
 1 APPPATH\Views\frontend\home.php(28): strtotime(null)
 2 SYSTEMPATH\View\View.php(238): include('E:\\Development Tools\\Xampp\\htdocs\\NToday-News\\app\\Views\\frontend\\home.php')
 3 SYSTEMPATH\View\View.php(241): CodeIgniter\View\View->CodeIgniter\View\{closure}()
 4 SYSTEMPATH\Common.php(1250): CodeIgniter\View\View->render('frontend/home', [], true)
 5 APPPATH\Controllers\Home.php(23): view('frontend/home', [...])
 6 SYSTEMPATH\CodeIgniter.php(951): App\Controllers\Home->index()
 7 SYSTEMPATH\CodeIgniter.php(497): CodeIgniter\CodeIgniter->runController(Object(App\Controllers\Home))
 8 SYSTEMPATH\CodeIgniter.php(340): CodeIgniter\CodeIgniter->handleRequest(null, Object(Config\Cache), false)
 9 SYSTEMPATH\Boot.php(417): CodeIgniter\CodeIgniter->run()
10 SYSTEMPATH\Boot.php(68): CodeIgniter\Boot::runCodeIgniter(Object(CodeIgniter\CodeIgniter))
11 FCPATH\index.php(59): CodeIgniter\Boot::bootWeb(Object(Config\Paths))
12 SYSTEMPATH\rewrite.php(44): require_once('E:\\Development Tools\\Xampp\\htdocs\\NToday-News\\public\\index.php')
WARNING - 2026-02-24 11:15:16 --> [DEPRECATED] strtotime(): Passing null to parameter #1 ($datetime) of type string is deprecated in APPPATH\Views\frontend\home.php on line 28.
 1 APPPATH\Views\frontend\home.php(28): strtotime(null)
 2 SYSTEMPATH\View\View.php(238): include('E:\\Development Tools\\Xampp\\htdocs\\NToday-News\\app\\Views\\frontend\\home.php')
 3 SYSTEMPATH\View\View.php(241): CodeIgniter\View\View->CodeIgniter\View\{closure}()
 4 SYSTEMPATH\Common.php(1250): CodeIgniter\View\View->render('frontend/home', [], true)
 5 APPPATH\Controllers\Home.php(23): view('frontend/home', [...])
 6 SYSTEMPATH\CodeIgniter.php(951): App\Controllers\Home->index()
 7 SYSTEMPATH\CodeIgniter.php(497): CodeIgniter\CodeIgniter->runController(Object(App\Controllers\Home))
 8 SYSTEMPATH\CodeIgniter.php(340): CodeIgniter\CodeIgniter->handleRequest(null, Object(Config\Cache), false)
 9 SYSTEMPATH\Boot.php(417): CodeIgniter\CodeIgniter->run()
10 SYSTEMPATH\Boot.php(68): CodeIgniter\Boot::runCodeIgniter(Object(CodeIgniter\CodeIgniter))
11 FCPATH\index.php(59): CodeIgniter\Boot::bootWeb(Object(Config\Paths))
12 SYSTEMPATH\rewrite.php(44): require_once('E:\\Development Tools\\Xampp\\htdocs\\NToday-News\\public\\index.php')
WARNING - 2026-02-24 11:18:49 --> [DEPRECATED] strtotime(): Passing null to parameter #1 ($datetime) of type string is deprecated in APPPATH\Views\frontend\home.php on line 40.
 1 APPPATH\Views\frontend\home.php(40): strtotime(null)
 2 SYSTEMPATH\View\View.php(238): include('E:\\Development Tools\\Xampp\\htdocs\\NToday-News\\app\\Views\\frontend\\home.php')
 3 SYSTEMPATH\View\View.php(241): CodeIgniter\View\View->CodeIgniter\View\{closure}()
 4 SYSTEMPATH\Common.php(1250): CodeIgniter\View\View->render('frontend/home', [], true)
 5 APPPATH\Controllers\Home.php(23): view('frontend/home', [...])
 6 SYSTEMPATH\CodeIgniter.php(951): App\Controllers\Home->index()
 7 SYSTEMPATH\CodeIgniter.php(497): CodeIgniter\CodeIgniter->runController(Object(App\Controllers\Home))
 8 SYSTEMPATH\CodeIgniter.php(340): CodeIgniter\CodeIgniter->handleRequest(null, Object(Config\Cache), false)
 9 SYSTEMPATH\Boot.php(417): CodeIgniter\CodeIgniter->run()
10 SYSTEMPATH\Boot.php(68): CodeIgniter\Boot::runCodeIgniter(Object(CodeIgniter\CodeIgniter))
11 FCPATH\index.php(59): CodeIgniter\Boot::bootWeb(Object(Config\Paths))
12 SYSTEMPATH\rewrite.php(44): require_once('E:\\Development Tools\\Xampp\\htdocs\\NToday-News\\public\\index.php')
WARNING - 2026-02-24 11:18:49 --> [DEPRECATED] strtotime(): Passing null to parameter #1 ($datetime) of type string is deprecated in APPPATH\Views\frontend\home.php on line 40.
 1 APPPATH\Views\frontend\home.php(40): strtotime(null)
 2 SYSTEMPATH\View\View.php(238): include('E:\\Development Tools\\Xampp\\htdocs\\NToday-News\\app\\Views\\frontend\\home.php')
 3 SYSTEMPATH\View\View.php(241): CodeIgniter\View\View->CodeIgniter\View\{closure}()
 4 SYSTEMPATH\Common.php(1250): CodeIgniter\View\View->render('frontend/home', [], true)
 5 APPPATH\Controllers\Home.php(23): view('frontend/home', [...])
 6 SYSTEMPATH\CodeIgniter.php(951): App\Controllers\Home->index()
 7 SYSTEMPATH\CodeIgniter.php(497): CodeIgniter\CodeIgniter->runController(Object(App\Controllers\Home))
 8 SYSTEMPATH\CodeIgniter.php(340): CodeIgniter\CodeIgniter->handleRequest(null, Object(Config\Cache), false)
 9 SYSTEMPATH\Boot.php(417): CodeIgniter\CodeIgniter->run()
10 SYSTEMPATH\Boot.php(68): CodeIgniter\Boot::runCodeIgniter(Object(CodeIgniter\CodeIgniter))
11 FCPATH\index.php(59): CodeIgniter\Boot::bootWeb(Object(Config\Paths))
12 SYSTEMPATH\rewrite.php(44): require_once('E:\\Development Tools\\Xampp\\htdocs\\NToday-News\\public\\index.php')
WARNING - 2026-02-24 11:19:38 --> [DEPRECATED] strtotime(): Passing null to parameter #1 ($datetime) of type string is deprecated in APPPATH\Views\frontend\home.php on line 42.
 1 APPPATH\Views\frontend\home.php(42): strtotime(null)
 2 SYSTEMPATH\View\View.php(238): include('E:\\Development Tools\\Xampp\\htdocs\\NToday-News\\app\\Views\\frontend\\home.php')
 3 SYSTEMPATH\View\View.php(241): CodeIgniter\View\View->CodeIgniter\View\{closure}()
 4 SYSTEMPATH\Common.php(1250): CodeIgniter\View\View->render('frontend/home', [], true)
 5 APPPATH\Controllers\Home.php(23): view('frontend/home', [...])
 6 SYSTEMPATH\CodeIgniter.php(951): App\Controllers\Home->index()
 7 SYSTEMPATH\CodeIgniter.php(497): CodeIgniter\CodeIgniter->runController(Object(App\Controllers\Home))
 8 SYSTEMPATH\CodeIgniter.php(340): CodeIgniter\CodeIgniter->handleRequest(null, Object(Config\Cache), false)
 9 SYSTEMPATH\Boot.php(417): CodeIgniter\CodeIgniter->run()
10 SYSTEMPATH\Boot.php(68): CodeIgniter\Boot::runCodeIgniter(Object(CodeIgniter\CodeIgniter))
11 FCPATH\index.php(59): CodeIgniter\Boot::bootWeb(Object(Config\Paths))
12 SYSTEMPATH\rewrite.php(44): require_once('E:\\Development Tools\\Xampp\\htdocs\\NToday-News\\public\\index.php')
WARNING - 2026-02-24 11:19:38 --> [DEPRECATED] strtotime(): Passing null to parameter #1 ($datetime) of type string is deprecated in APPPATH\Views\frontend\home.php on line 42.
 1 APPPATH\Views\frontend\home.php(42): strtotime(null)
 2 SYSTEMPATH\View\View.php(238): include('E:\\Development Tools\\Xampp\\htdocs\\NToday-News\\app\\Views\\frontend\\home.php')
 3 SYSTEMPATH\View\View.php(241): CodeIgniter\View\View->CodeIgniter\View\{closure}()
 4 SYSTEMPATH\Common.php(1250): CodeIgniter\View\View->render('frontend/home', [], true)
 5 APPPATH\Controllers\Home.php(23): view('frontend/home', [...])
 6 SYSTEMPATH\CodeIgniter.php(951): App\Controllers\Home->index()
 7 SYSTEMPATH\CodeIgniter.php(497): CodeIgniter\CodeIgniter->runController(Object(App\Controllers\Home))
 8 SYSTEMPATH\CodeIgniter.php(340): CodeIgniter\CodeIgniter->handleRequest(null, Object(Config\Cache), false)
 9 SYSTEMPATH\Boot.php(417): CodeIgniter\CodeIgniter->run()
10 SYSTEMPATH\Boot.php(68): CodeIgniter\Boot::runCodeIgniter(Object(CodeIgniter\CodeIgniter))
11 FCPATH\index.php(59): CodeIgniter\Boot::bootWeb(Object(Config\Paths))
12 SYSTEMPATH\rewrite.php(44): require_once('E:\\Development Tools\\Xampp\\htdocs\\NToday-News\\public\\index.php')
CRITICAL - 2026-02-24 11:20:03 --> CodeIgniter\HTTP\Exceptions\BadRequestException: The URI you submitted has disallowed characters: "ఇప్పుడు-మళ్ళీ-సబ్మిట్-చేయండి"
[Method: GET, Route: news/%E0%B0%87%E0%B0%AA%E0%B1%8D%E0%B0%AA%E0%B1%81%E0%B0%A1%E0%B1%81-%E0%B0%AE%E0%B0%B3%E0%B1%8D%E0%B0%B3%E0%B1%80-%E0%B0%B8%E0%B0%AC%E0%B1%8D%E0%B0%AE%E0%B0%BF%E0%B0%9F%E0%B1%8D-%E0%B0%9A%E0%B1%87%E0%B0%AF%E0%B0%82%E0%B0%A1%E0%B0%BF]
in SYSTEMPATH\Router\Router.php on line 768.
 1 SYSTEMPATH\Router\Router.php(219): CodeIgniter\Router\Router->checkDisallowedChars('news/ఇప్పుడు-మళ్ళీ-సబ్మిట్-చేయండి')
 2 SYSTEMPATH\CodeIgniter.php(829): CodeIgniter\Router\Router->handle('news/ఇప్పుడు-మళ్ళీ-సబ్మిట్-చేయండి')
 3 SYSTEMPATH\CodeIgniter.php(441): CodeIgniter\CodeIgniter->tryToRouteIt(Object(CodeIgniter\Router\RouteCollection))
 4 SYSTEMPATH\CodeIgniter.php(340): CodeIgniter\CodeIgniter->handleRequest(null, Object(Config\Cache), false)
 5 SYSTEMPATH\Boot.php(417): CodeIgniter\CodeIgniter->run()
 6 SYSTEMPATH\Boot.php(68): CodeIgniter\Boot::runCodeIgniter(Object(CodeIgniter\CodeIgniter))
 7 FCPATH\index.php(59): CodeIgniter\Boot::bootWeb(Object(Config\Paths))
 8 SYSTEMPATH\rewrite.php(44): require_once('E:\\Development Tools\\Xampp\\htdocs\\NToday-News\\public\\index.php')
CRITICAL - 2026-02-24 11:20:13 --> CodeIgniter\HTTP\Exceptions\BadRequestException: The URI you submitted has disallowed characters: "తెలంగాణలో-భారీ-వర్షాలు-రెడ్-అలర్ట్-జారీ-చేసిన-ఐఎండీ-imd"
[Method: GET, Route: news/%E0%B0%A4%E0%B1%86%E0%B0%B2%E0%B0%82%E0%B0%97%E0%B0%BE%E0%B0%A3%E0%B0%B2%E0%B1%8B-%E0%B0%AD%E0%B0%BE%E0%B0%B0%E0%B1%80-%E0%B0%B5%E0%B0%B0%E0%B1%8D%E0%B0%B7%E0%B0%BE%E0%B0%B2%E0%B1%81-%E0%B0%B0%E0%B1%86%E0%B0%A1%E0%B1%8D-%E0%B0%85%E0%B0%B2%E0%B0%B0%E0%B1%8D%E0%B0%9F%E0%B1%8D-%E0%B0%9C%E0%B0%BE%E0%B0%B0%E0%B1%80-%E0%B0%9A%E0%B1%87%E0%B0%B8%E0%B0%BF%E0%B0%A8-%E0%B0%90%E0%B0%8E%E0%B0%82%E0%B0%A1%E0%B1%80-imd]
in SYSTEMPATH\Router\Router.php on line 768.
 1 SYSTEMPATH\Router\Router.php(219): CodeIgniter\Router\Router->checkDisallowedChars('news/తెలంగాణలో-భారీ-వర్షాలు-రెడ్-అలర్ట్-జారీ-చేసిన-ఐఎండీ-imd')
 2 SYSTEMPATH\CodeIgniter.php(829): CodeIgniter\Router\Router->handle('news/తెలంగాణలో-భారీ-వర్షాలు-రెడ్-అలర్ట్-జారీ-చేసిన-ఐఎండీ-imd')
 3 SYSTEMPATH\CodeIgniter.php(441): CodeIgniter\CodeIgniter->tryToRouteIt(Object(CodeIgniter\Router\RouteCollection))
 4 SYSTEMPATH\CodeIgniter.php(340): CodeIgniter\CodeIgniter->handleRequest(null, Object(Config\Cache), false)
 5 SYSTEMPATH\Boot.php(417): CodeIgniter\CodeIgniter->run()
 6 SYSTEMPATH\Boot.php(68): CodeIgniter\Boot::runCodeIgniter(Object(CodeIgniter\CodeIgniter))
 7 FCPATH\index.php(59): CodeIgniter\Boot::bootWeb(Object(Config\Paths))
 8 SYSTEMPATH\rewrite.php(44): require_once('E:\\Development Tools\\Xampp\\htdocs\\NToday-News\\public\\index.php')
WARNING - 2026-02-24 11:21:27 --> [DEPRECATED] strtotime(): Passing null to parameter #1 ($datetime) of type string is deprecated in APPPATH\Views\frontend\home.php on line 42.
 1 APPPATH\Views\frontend\home.php(42): strtotime(null)
 2 SYSTEMPATH\View\View.php(238): include('E:\\Development Tools\\Xampp\\htdocs\\NToday-News\\app\\Views\\frontend\\home.php')
 3 SYSTEMPATH\View\View.php(241): CodeIgniter\View\View->CodeIgniter\View\{closure}()
 4 SYSTEMPATH\Common.php(1250): CodeIgniter\View\View->render('frontend/home', [], true)
 5 APPPATH\Controllers\Home.php(23): view('frontend/home', [...])
 6 SYSTEMPATH\CodeIgniter.php(951): App\Controllers\Home->index()
 7 SYSTEMPATH\CodeIgniter.php(497): CodeIgniter\CodeIgniter->runController(Object(App\Controllers\Home))
 8 SYSTEMPATH\CodeIgniter.php(340): CodeIgniter\CodeIgniter->handleRequest(null, Object(Config\Cache), false)
 9 SYSTEMPATH\Boot.php(417): CodeIgniter\CodeIgniter->run()
10 SYSTEMPATH\Boot.php(68): CodeIgniter\Boot::runCodeIgniter(Object(CodeIgniter\CodeIgniter))
11 FCPATH\index.php(59): CodeIgniter\Boot::bootWeb(Object(Config\Paths))
12 SYSTEMPATH\rewrite.php(44): require_once('E:\\Development Tools\\Xampp\\htdocs\\NToday-News\\public\\index.php')
WARNING - 2026-02-24 11:21:27 --> [DEPRECATED] strtotime(): Passing null to parameter #1 ($datetime) of type string is deprecated in APPPATH\Views\frontend\home.php on line 42.
 1 APPPATH\Views\frontend\home.php(42): strtotime(null)
 2 SYSTEMPATH\View\View.php(238): include('E:\\Development Tools\\Xampp\\htdocs\\NToday-News\\app\\Views\\frontend\\home.php')
 3 SYSTEMPATH\View\View.php(241): CodeIgniter\View\View->CodeIgniter\View\{closure}()
 4 SYSTEMPATH\Common.php(1250): CodeIgniter\View\View->render('frontend/home', [], true)
 5 APPPATH\Controllers\Home.php(23): view('frontend/home', [...])
 6 SYSTEMPATH\CodeIgniter.php(951): App\Controllers\Home->index()
 7 SYSTEMPATH\CodeIgniter.php(497): CodeIgniter\CodeIgniter->runController(Object(App\Controllers\Home))
 8 SYSTEMPATH\CodeIgniter.php(340): CodeIgniter\CodeIgniter->handleRequest(null, Object(Config\Cache), false)
 9 SYSTEMPATH\Boot.php(417): CodeIgniter\CodeIgniter->run()
10 SYSTEMPATH\Boot.php(68): CodeIgniter\Boot::runCodeIgniter(Object(CodeIgniter\CodeIgniter))
11 FCPATH\index.php(59): CodeIgniter\Boot::bootWeb(Object(Config\Paths))
12 SYSTEMPATH\rewrite.php(44): require_once('E:\\Development Tools\\Xampp\\htdocs\\NToday-News\\public\\index.php')
CRITICAL - 2026-02-24 11:22:52 --> CodeIgniter\HTTP\Exceptions\BadRequestException: The URI you submitted has disallowed characters: "తెలంగాణలో-భారీ-వర్షాలు-రెడ్-అలర్ట్-జారీ-చేసిన-ఐఎండీ-imd"
[Method: GET, Route: news/%E0%B0%A4%E0%B1%86%E0%B0%B2%E0%B0%82%E0%B0%97%E0%B0%BE%E0%B0%A3%E0%B0%B2%E0%B1%8B-%E0%B0%AD%E0%B0%BE%E0%B0%B0%E0%B1%80-%E0%B0%B5%E0%B0%B0%E0%B1%8D%E0%B0%B7%E0%B0%BE%E0%B0%B2%E0%B1%81-%E0%B0%B0%E0%B1%86%E0%B0%A1%E0%B1%8D-%E0%B0%85%E0%B0%B2%E0%B0%B0%E0%B1%8D%E0%B0%9F%E0%B1%8D-%E0%B0%9C%E0%B0%BE%E0%B0%B0%E0%B1%80-%E0%B0%9A%E0%B1%87%E0%B0%B8%E0%B0%BF%E0%B0%A8-%E0%B0%90%E0%B0%8E%E0%B0%82%E0%B0%A1%E0%B1%80-imd]
in SYSTEMPATH\Router\Router.php on line 768.
 1 SYSTEMPATH\Router\Router.php(219): CodeIgniter\Router\Router->checkDisallowedChars('news/తెలంగాణలో-భారీ-వర్షాలు-రెడ్-అలర్ట్-జారీ-చేసిన-ఐఎండీ-imd')
 2 SYSTEMPATH\CodeIgniter.php(829): CodeIgniter\Router\Router->handle('news/తెలంగాణలో-భారీ-వర్షాలు-రెడ్-అలర్ట్-జారీ-చేసిన-ఐఎండీ-imd')
 3 SYSTEMPATH\CodeIgniter.php(441): CodeIgniter\CodeIgniter->tryToRouteIt(Object(CodeIgniter\Router\RouteCollection))
 4 SYSTEMPATH\CodeIgniter.php(340): CodeIgniter\CodeIgniter->handleRequest(null, Object(Config\Cache), false)
 5 SYSTEMPATH\Boot.php(417): CodeIgniter\CodeIgniter->run()
 6 SYSTEMPATH\Boot.php(68): CodeIgniter\Boot::runCodeIgniter(Object(CodeIgniter\CodeIgniter))
 7 FCPATH\index.php(59): CodeIgniter\Boot::bootWeb(Object(Config\Paths))
 8 SYSTEMPATH\rewrite.php(44): require_once('E:\\Development Tools\\Xampp\\htdocs\\NToday-News\\public\\index.php')
CRITICAL - 2026-02-24 11:23:11 --> CodeIgniter\HTTP\Exceptions\BadRequestException: The URI you submitted has disallowed characters: "ఇప్పుడు-మళ్ళీ-సబ్మిట్-చేయండి"
[Method: GET, Route: news/%E0%B0%87%E0%B0%AA%E0%B1%8D%E0%B0%AA%E0%B1%81%E0%B0%A1%E0%B1%81-%E0%B0%AE%E0%B0%B3%E0%B1%8D%E0%B0%B3%E0%B1%80-%E0%B0%B8%E0%B0%AC%E0%B1%8D%E0%B0%AE%E0%B0%BF%E0%B0%9F%E0%B1%8D-%E0%B0%9A%E0%B1%87%E0%B0%AF%E0%B0%82%E0%B0%A1%E0%B0%BF]
in SYSTEMPATH\Router\Router.php on line 768.
 1 SYSTEMPATH\Router\Router.php(219): CodeIgniter\Router\Router->checkDisallowedChars('news/ఇప్పుడు-మళ్ళీ-సబ్మిట్-చేయండి')
 2 SYSTEMPATH\CodeIgniter.php(829): CodeIgniter\Router\Router->handle('news/ఇప్పుడు-మళ్ళీ-సబ్మిట్-చేయండి')
 3 SYSTEMPATH\CodeIgniter.php(441): CodeIgniter\CodeIgniter->tryToRouteIt(Object(CodeIgniter\Router\RouteCollection))
 4 SYSTEMPATH\CodeIgniter.php(340): CodeIgniter\CodeIgniter->handleRequest(null, Object(Config\Cache), false)
 5 SYSTEMPATH\Boot.php(417): CodeIgniter\CodeIgniter->run()
 6 SYSTEMPATH\Boot.php(68): CodeIgniter\Boot::runCodeIgniter(Object(CodeIgniter\CodeIgniter))
 7 FCPATH\index.php(59): CodeIgniter\Boot::bootWeb(Object(Config\Paths))
 8 SYSTEMPATH\rewrite.php(44): require_once('E:\\Development Tools\\Xampp\\htdocs\\NToday-News\\public\\index.php')
WARNING - 2026-02-24 11:24:39 --> [DEPRECATED] strtotime(): Passing null to parameter #1 ($datetime) of type string is deprecated in APPPATH\Views\frontend\home.php on line 72.
 1 APPPATH\Views\frontend\home.php(72): strtotime(null)
 2 SYSTEMPATH\View\View.php(238): include('E:\\Development Tools\\Xampp\\htdocs\\NToday-News\\app\\Views\\frontend\\home.php')
 3 SYSTEMPATH\View\View.php(241): CodeIgniter\View\View->CodeIgniter\View\{closure}()
 4 SYSTEMPATH\Common.php(1250): CodeIgniter\View\View->render('frontend/home', [], true)
 5 APPPATH\Controllers\Home.php(23): view('frontend/home', [...])
 6 SYSTEMPATH\CodeIgniter.php(951): App\Controllers\Home->index()
 7 SYSTEMPATH\CodeIgniter.php(497): CodeIgniter\CodeIgniter->runController(Object(App\Controllers\Home))
 8 SYSTEMPATH\CodeIgniter.php(340): CodeIgniter\CodeIgniter->handleRequest(null, Object(Config\Cache), false)
 9 SYSTEMPATH\Boot.php(417): CodeIgniter\CodeIgniter->run()
10 SYSTEMPATH\Boot.php(68): CodeIgniter\Boot::runCodeIgniter(Object(CodeIgniter\CodeIgniter))
11 FCPATH\index.php(59): CodeIgniter\Boot::bootWeb(Object(Config\Paths))
12 SYSTEMPATH\rewrite.php(44): require_once('E:\\Development Tools\\Xampp\\htdocs\\NToday-News\\public\\index.php')
WARNING - 2026-02-24 11:24:39 --> [DEPRECATED] strtotime(): Passing null to parameter #1 ($datetime) of type string is deprecated in APPPATH\Views\frontend\home.php on line 72.
 1 APPPATH\Views\frontend\home.php(72): strtotime(null)
 2 SYSTEMPATH\View\View.php(238): include('E:\\Development Tools\\Xampp\\htdocs\\NToday-News\\app\\Views\\frontend\\home.php')
 3 SYSTEMPATH\View\View.php(241): CodeIgniter\View\View->CodeIgniter\View\{closure}()
 4 SYSTEMPATH\Common.php(1250): CodeIgniter\View\View->render('frontend/home', [], true)
 5 APPPATH\Controllers\Home.php(23): view('frontend/home', [...])
 6 SYSTEMPATH\CodeIgniter.php(951): App\Controllers\Home->index()
 7 SYSTEMPATH\CodeIgniter.php(497): CodeIgniter\CodeIgniter->runController(Object(App\Controllers\Home))
 8 SYSTEMPATH\CodeIgniter.php(340): CodeIgniter\CodeIgniter->handleRequest(null, Object(Config\Cache), false)
 9 SYSTEMPATH\Boot.php(417): CodeIgniter\CodeIgniter->run()
10 SYSTEMPATH\Boot.php(68): CodeIgniter\Boot::runCodeIgniter(Object(CodeIgniter\CodeIgniter))
11 FCPATH\index.php(59): CodeIgniter\Boot::bootWeb(Object(Config\Paths))
12 SYSTEMPATH\rewrite.php(44): require_once('E:\\Development Tools\\Xampp\\htdocs\\NToday-News\\public\\index.php')
WARNING - 2026-02-24 11:25:00 --> [DEPRECATED] strtotime(): Passing null to parameter #1 ($datetime) of type string is deprecated in APPPATH\Views\frontend\home.php on line 42.
 1 APPPATH\Views\frontend\home.php(42): strtotime(null)
 2 SYSTEMPATH\View\View.php(238): include('E:\\Development Tools\\Xampp\\htdocs\\NToday-News\\app\\Views\\frontend\\home.php')
 3 SYSTEMPATH\View\View.php(241): CodeIgniter\View\View->CodeIgniter\View\{closure}()
 4 SYSTEMPATH\Common.php(1250): CodeIgniter\View\View->render('frontend/home', [], true)
 5 APPPATH\Controllers\Home.php(23): view('frontend/home', [...])
 6 SYSTEMPATH\CodeIgniter.php(951): App\Controllers\Home->index()
 7 SYSTEMPATH\CodeIgniter.php(497): CodeIgniter\CodeIgniter->runController(Object(App\Controllers\Home))
 8 SYSTEMPATH\CodeIgniter.php(340): CodeIgniter\CodeIgniter->handleRequest(null, Object(Config\Cache), false)
 9 SYSTEMPATH\Boot.php(417): CodeIgniter\CodeIgniter->run()
10 SYSTEMPATH\Boot.php(68): CodeIgniter\Boot::runCodeIgniter(Object(CodeIgniter\CodeIgniter))
11 FCPATH\index.php(59): CodeIgniter\Boot::bootWeb(Object(Config\Paths))
12 SYSTEMPATH\rewrite.php(44): require_once('E:\\Development Tools\\Xampp\\htdocs\\NToday-News\\public\\index.php')
WARNING - 2026-02-24 11:25:00 --> [DEPRECATED] strtotime(): Passing null to parameter #1 ($datetime) of type string is deprecated in APPPATH\Views\frontend\home.php on line 42.
 1 APPPATH\Views\frontend\home.php(42): strtotime(null)
 2 SYSTEMPATH\View\View.php(238): include('E:\\Development Tools\\Xampp\\htdocs\\NToday-News\\app\\Views\\frontend\\home.php')
 3 SYSTEMPATH\View\View.php(241): CodeIgniter\View\View->CodeIgniter\View\{closure}()
 4 SYSTEMPATH\Common.php(1250): CodeIgniter\View\View->render('frontend/home', [], true)
 5 APPPATH\Controllers\Home.php(23): view('frontend/home', [...])
 6 SYSTEMPATH\CodeIgniter.php(951): App\Controllers\Home->index()
 7 SYSTEMPATH\CodeIgniter.php(497): CodeIgniter\CodeIgniter->runController(Object(App\Controllers\Home))
 8 SYSTEMPATH\CodeIgniter.php(340): CodeIgniter\CodeIgniter->handleRequest(null, Object(Config\Cache), false)
 9 SYSTEMPATH\Boot.php(417): CodeIgniter\CodeIgniter->run()
10 SYSTEMPATH\Boot.php(68): CodeIgniter\Boot::runCodeIgniter(Object(CodeIgniter\CodeIgniter))
11 FCPATH\index.php(59): CodeIgniter\Boot::bootWeb(Object(Config\Paths))
12 SYSTEMPATH\rewrite.php(44): require_once('E:\\Development Tools\\Xampp\\htdocs\\NToday-News\\public\\index.php')
WARNING - 2026-02-24 11:26:30 --> [DEPRECATED] strtotime(): Passing null to parameter #1 ($datetime) of type string is deprecated in APPPATH\Views\frontend\home.php on line 49.
 1 APPPATH\Views\frontend\home.php(49): strtotime(null)
 2 SYSTEMPATH\View\View.php(238): include('E:\\Development Tools\\Xampp\\htdocs\\NToday-News\\app\\Views\\frontend\\home.php')
 3 SYSTEMPATH\View\View.php(241): CodeIgniter\View\View->CodeIgniter\View\{closure}()
 4 SYSTEMPATH\Common.php(1250): CodeIgniter\View\View->render('frontend/home', [], true)
 5 APPPATH\Controllers\Home.php(23): view('frontend/home', [...])
 6 SYSTEMPATH\CodeIgniter.php(951): App\Controllers\Home->index()
 7 SYSTEMPATH\CodeIgniter.php(497): CodeIgniter\CodeIgniter->runController(Object(App\Controllers\Home))
 8 SYSTEMPATH\CodeIgniter.php(340): CodeIgniter\CodeIgniter->handleRequest(null, Object(Config\Cache), false)
 9 SYSTEMPATH\Boot.php(417): CodeIgniter\CodeIgniter->run()
10 SYSTEMPATH\Boot.php(68): CodeIgniter\Boot::runCodeIgniter(Object(CodeIgniter\CodeIgniter))
11 FCPATH\index.php(59): CodeIgniter\Boot::bootWeb(Object(Config\Paths))
12 SYSTEMPATH\rewrite.php(44): require_once('E:\\Development Tools\\Xampp\\htdocs\\NToday-News\\public\\index.php')
WARNING - 2026-02-24 11:26:30 --> [DEPRECATED] strtotime(): Passing null to parameter #1 ($datetime) of type string is deprecated in APPPATH\Views\frontend\home.php on line 49.
 1 APPPATH\Views\frontend\home.php(49): strtotime(null)
 2 SYSTEMPATH\View\View.php(238): include('E:\\Development Tools\\Xampp\\htdocs\\NToday-News\\app\\Views\\frontend\\home.php')
 3 SYSTEMPATH\View\View.php(241): CodeIgniter\View\View->CodeIgniter\View\{closure}()
 4 SYSTEMPATH\Common.php(1250): CodeIgniter\View\View->render('frontend/home', [], true)
 5 APPPATH\Controllers\Home.php(23): view('frontend/home', [...])
 6 SYSTEMPATH\CodeIgniter.php(951): App\Controllers\Home->index()
 7 SYSTEMPATH\CodeIgniter.php(497): CodeIgniter\CodeIgniter->runController(Object(App\Controllers\Home))
 8 SYSTEMPATH\CodeIgniter.php(340): CodeIgniter\CodeIgniter->handleRequest(null, Object(Config\Cache), false)
 9 SYSTEMPATH\Boot.php(417): CodeIgniter\CodeIgniter->run()
10 SYSTEMPATH\Boot.php(68): CodeIgniter\Boot::runCodeIgniter(Object(CodeIgniter\CodeIgniter))
11 FCPATH\index.php(59): CodeIgniter\Boot::bootWeb(Object(Config\Paths))
12 SYSTEMPATH\rewrite.php(44): require_once('E:\\Development Tools\\Xampp\\htdocs\\NToday-News\\public\\index.php')
WARNING - 2026-02-24 11:34:27 --> [DEPRECATED] strtotime(): Passing null to parameter #1 ($datetime) of type string is deprecated in APPPATH\Views\frontend\home.php on line 49.
 1 APPPATH\Views\frontend\home.php(49): strtotime(null)
 2 SYSTEMPATH\View\View.php(238): include('E:\\Development Tools\\Xampp\\htdocs\\NToday-News\\app\\Views\\frontend\\home.php')
 3 SYSTEMPATH\View\View.php(241): CodeIgniter\View\View->CodeIgniter\View\{closure}()
 4 SYSTEMPATH\Common.php(1250): CodeIgniter\View\View->render('frontend/home', [], true)
 5 APPPATH\Controllers\Home.php(23): view('frontend/home', [...])
 6 SYSTEMPATH\CodeIgniter.php(951): App\Controllers\Home->index()
 7 SYSTEMPATH\CodeIgniter.php(497): CodeIgniter\CodeIgniter->runController(Object(App\Controllers\Home))
 8 SYSTEMPATH\CodeIgniter.php(340): CodeIgniter\CodeIgniter->handleRequest(null, Object(Config\Cache), false)
 9 SYSTEMPATH\Boot.php(417): CodeIgniter\CodeIgniter->run()
10 SYSTEMPATH\Boot.php(68): CodeIgniter\Boot::runCodeIgniter(Object(CodeIgniter\CodeIgniter))
11 FCPATH\index.php(59): CodeIgniter\Boot::bootWeb(Object(Config\Paths))
12 SYSTEMPATH\rewrite.php(44): require_once('E:\\Development Tools\\Xampp\\htdocs\\NToday-News\\public\\index.php')
WARNING - 2026-02-24 11:34:27 --> [DEPRECATED] strtotime(): Passing null to parameter #1 ($datetime) of type string is deprecated in APPPATH\Views\frontend\home.php on line 49.
 1 APPPATH\Views\frontend\home.php(49): strtotime(null)
 2 SYSTEMPATH\View\View.php(238): include('E:\\Development Tools\\Xampp\\htdocs\\NToday-News\\app\\Views\\frontend\\home.php')
 3 SYSTEMPATH\View\View.php(241): CodeIgniter\View\View->CodeIgniter\View\{closure}()
 4 SYSTEMPATH\Common.php(1250): CodeIgniter\View\View->render('frontend/home', [], true)
 5 APPPATH\Controllers\Home.php(23): view('frontend/home', [...])
 6 SYSTEMPATH\CodeIgniter.php(951): App\Controllers\Home->index()
 7 SYSTEMPATH\CodeIgniter.php(497): CodeIgniter\CodeIgniter->runController(Object(App\Controllers\Home))
 8 SYSTEMPATH\CodeIgniter.php(340): CodeIgniter\CodeIgniter->handleRequest(null, Object(Config\Cache), false)
 9 SYSTEMPATH\Boot.php(417): CodeIgniter\CodeIgniter->run()
10 SYSTEMPATH\Boot.php(68): CodeIgniter\Boot::runCodeIgniter(Object(CodeIgniter\CodeIgniter))
11 FCPATH\index.php(59): CodeIgniter\Boot::bootWeb(Object(Config\Paths))
12 SYSTEMPATH\rewrite.php(44): require_once('E:\\Development Tools\\Xampp\\htdocs\\NToday-News\\public\\index.php')
WARNING - 2026-02-24 11:35:20 --> [DEPRECATED] strtotime(): Passing null to parameter #1 ($datetime) of type string is deprecated in APPPATH\Views\frontend\home.php on line 49.
 1 APPPATH\Views\frontend\home.php(49): strtotime(null)
 2 SYSTEMPATH\View\View.php(238): include('E:\\Development Tools\\Xampp\\htdocs\\NToday-News\\app\\Views\\frontend\\home.php')
 3 SYSTEMPATH\View\View.php(241): CodeIgniter\View\View->CodeIgniter\View\{closure}()
 4 SYSTEMPATH\Common.php(1250): CodeIgniter\View\View->render('frontend/home', [], true)
 5 APPPATH\Controllers\Home.php(23): view('frontend/home', [...])
 6 SYSTEMPATH\CodeIgniter.php(951): App\Controllers\Home->index()
 7 SYSTEMPATH\CodeIgniter.php(497): CodeIgniter\CodeIgniter->runController(Object(App\Controllers\Home))
 8 SYSTEMPATH\CodeIgniter.php(340): CodeIgniter\CodeIgniter->handleRequest(null, Object(Config\Cache), false)
 9 SYSTEMPATH\Boot.php(417): CodeIgniter\CodeIgniter->run()
10 SYSTEMPATH\Boot.php(68): CodeIgniter\Boot::runCodeIgniter(Object(CodeIgniter\CodeIgniter))
11 FCPATH\index.php(59): CodeIgniter\Boot::bootWeb(Object(Config\Paths))
12 SYSTEMPATH\rewrite.php(44): require_once('E:\\Development Tools\\Xampp\\htdocs\\NToday-News\\public\\index.php')
WARNING - 2026-02-24 11:35:20 --> [DEPRECATED] strtotime(): Passing null to parameter #1 ($datetime) of type string is deprecated in APPPATH\Views\frontend\home.php on line 49.
 1 APPPATH\Views\frontend\home.php(49): strtotime(null)
 2 SYSTEMPATH\View\View.php(238): include('E:\\Development Tools\\Xampp\\htdocs\\NToday-News\\app\\Views\\frontend\\home.php')
 3 SYSTEMPATH\View\View.php(241): CodeIgniter\View\View->CodeIgniter\View\{closure}()
 4 SYSTEMPATH\Common.php(1250): CodeIgniter\View\View->render('frontend/home', [], true)
 5 APPPATH\Controllers\Home.php(23): view('frontend/home', [...])
 6 SYSTEMPATH\CodeIgniter.php(951): App\Controllers\Home->index()
 7 SYSTEMPATH\CodeIgniter.php(497): CodeIgniter\CodeIgniter->runController(Object(App\Controllers\Home))
 8 SYSTEMPATH\CodeIgniter.php(340): CodeIgniter\CodeIgniter->handleRequest(null, Object(Config\Cache), false)
 9 SYSTEMPATH\Boot.php(417): CodeIgniter\CodeIgniter->run()
10 SYSTEMPATH\Boot.php(68): CodeIgniter\Boot::runCodeIgniter(Object(CodeIgniter\CodeIgniter))
11 FCPATH\index.php(59): CodeIgniter\Boot::bootWeb(Object(Config\Paths))
12 SYSTEMPATH\rewrite.php(44): require_once('E:\\Development Tools\\Xampp\\htdocs\\NToday-News\\public\\index.php')
DEBUG - 2026-02-24 11:38:05 --> Session: Class initialized using 'CodeIgniter\Session\Handlers\FileHandler' driver.
DEBUG - 2026-02-24 11:38:10 --> Session: Class initialized using 'CodeIgniter\Session\Handlers\FileHandler' driver.
WARNING - 2026-02-24 11:39:11 --> [DEPRECATED] strtotime(): Passing null to parameter #1 ($datetime) of type string is deprecated in APPPATH\Views\frontend\home.php on line 49.
 1 APPPATH\Views\frontend\home.php(49): strtotime(null)
 2 SYSTEMPATH\View\View.php(238): include('E:\\Development Tools\\Xampp\\htdocs\\NToday-News\\app\\Views\\frontend\\home.php')
 3 SYSTEMPATH\View\View.php(241): CodeIgniter\View\View->CodeIgniter\View\{closure}()
 4 SYSTEMPATH\Common.php(1250): CodeIgniter\View\View->render('frontend/home', [], true)
 5 APPPATH\Controllers\Home.php(23): view('frontend/home', [...])
 6 SYSTEMPATH\CodeIgniter.php(951): App\Controllers\Home->index()
 7 SYSTEMPATH\CodeIgniter.php(497): CodeIgniter\CodeIgniter->runController(Object(App\Controllers\Home))
 8 SYSTEMPATH\CodeIgniter.php(340): CodeIgniter\CodeIgniter->handleRequest(null, Object(Config\Cache), false)
 9 SYSTEMPATH\Boot.php(417): CodeIgniter\CodeIgniter->run()
10 SYSTEMPATH\Boot.php(68): CodeIgniter\Boot::runCodeIgniter(Object(CodeIgniter\CodeIgniter))
11 FCPATH\index.php(59): CodeIgniter\Boot::bootWeb(Object(Config\Paths))
12 SYSTEMPATH\rewrite.php(44): require_once('E:\\Development Tools\\Xampp\\htdocs\\NToday-News\\public\\index.php')
WARNING - 2026-02-24 11:39:11 --> [DEPRECATED] strtotime(): Passing null to parameter #1 ($datetime) of type string is deprecated in APPPATH\Views\frontend\home.php on line 49.
 1 APPPATH\Views\frontend\home.php(49): strtotime(null)
 2 SYSTEMPATH\View\View.php(238): include('E:\\Development Tools\\Xampp\\htdocs\\NToday-News\\app\\Views\\frontend\\home.php')
 3 SYSTEMPATH\View\View.php(241): CodeIgniter\View\View->CodeIgniter\View\{closure}()
 4 SYSTEMPATH\Common.php(1250): CodeIgniter\View\View->render('frontend/home', [], true)
 5 APPPATH\Controllers\Home.php(23): view('frontend/home', [...])
 6 SYSTEMPATH\CodeIgniter.php(951): App\Controllers\Home->index()
 7 SYSTEMPATH\CodeIgniter.php(497): CodeIgniter\CodeIgniter->runController(Object(App\Controllers\Home))
 8 SYSTEMPATH\CodeIgniter.php(340): CodeIgniter\CodeIgniter->handleRequest(null, Object(Config\Cache), false)
 9 SYSTEMPATH\Boot.php(417): CodeIgniter\CodeIgniter->run()
10 SYSTEMPATH\Boot.php(68): CodeIgniter\Boot::runCodeIgniter(Object(CodeIgniter\CodeIgniter))
11 FCPATH\index.php(59): CodeIgniter\Boot::bootWeb(Object(Config\Paths))
12 SYSTEMPATH\rewrite.php(44): require_once('E:\\Development Tools\\Xampp\\htdocs\\NToday-News\\public\\index.php')
WARNING - 2026-02-24 11:39:33 --> [DEPRECATED] strtotime(): Passing null to parameter #1 ($datetime) of type string is deprecated in APPPATH\Views\frontend\home.php on line 49.
 1 APPPATH\Views\frontend\home.php(49): strtotime(null)
 2 SYSTEMPATH\View\View.php(238): include('E:\\Development Tools\\Xampp\\htdocs\\NToday-News\\app\\Views\\frontend\\home.php')
 3 SYSTEMPATH\View\View.php(241): CodeIgniter\View\View->CodeIgniter\View\{closure}()
 4 SYSTEMPATH\Common.php(1250): CodeIgniter\View\View->render('frontend/home', [], true)
 5 APPPATH\Controllers\Home.php(23): view('frontend/home', [...])
 6 SYSTEMPATH\CodeIgniter.php(951): App\Controllers\Home->index()
 7 SYSTEMPATH\CodeIgniter.php(497): CodeIgniter\CodeIgniter->runController(Object(App\Controllers\Home))
 8 SYSTEMPATH\CodeIgniter.php(340): CodeIgniter\CodeIgniter->handleRequest(null, Object(Config\Cache), false)
 9 SYSTEMPATH\Boot.php(417): CodeIgniter\CodeIgniter->run()
10 SYSTEMPATH\Boot.php(68): CodeIgniter\Boot::runCodeIgniter(Object(CodeIgniter\CodeIgniter))
11 FCPATH\index.php(59): CodeIgniter\Boot::bootWeb(Object(Config\Paths))
12 SYSTEMPATH\rewrite.php(44): require_once('E:\\Development Tools\\Xampp\\htdocs\\NToday-News\\public\\index.php')
WARNING - 2026-02-24 11:39:33 --> [DEPRECATED] strtotime(): Passing null to parameter #1 ($datetime) of type string is deprecated in APPPATH\Views\frontend\home.php on line 49.
 1 APPPATH\Views\frontend\home.php(49): strtotime(null)
 2 SYSTEMPATH\View\View.php(238): include('E:\\Development Tools\\Xampp\\htdocs\\NToday-News\\app\\Views\\frontend\\home.php')
 3 SYSTEMPATH\View\View.php(241): CodeIgniter\View\View->CodeIgniter\View\{closure}()
 4 SYSTEMPATH\Common.php(1250): CodeIgniter\View\View->render('frontend/home', [], true)
 5 APPPATH\Controllers\Home.php(23): view('frontend/home', [...])
 6 SYSTEMPATH\CodeIgniter.php(951): App\Controllers\Home->index()
 7 SYSTEMPATH\CodeIgniter.php(497): CodeIgniter\CodeIgniter->runController(Object(App\Controllers\Home))
 8 SYSTEMPATH\CodeIgniter.php(340): CodeIgniter\CodeIgniter->handleRequest(null, Object(Config\Cache), false)
 9 SYSTEMPATH\Boot.php(417): CodeIgniter\CodeIgniter->run()
10 SYSTEMPATH\Boot.php(68): CodeIgniter\Boot::runCodeIgniter(Object(CodeIgniter\CodeIgniter))
11 FCPATH\index.php(59): CodeIgniter\Boot::bootWeb(Object(Config\Paths))
12 SYSTEMPATH\rewrite.php(44): require_once('E:\\Development Tools\\Xampp\\htdocs\\NToday-News\\public\\index.php')
WARNING - 2026-02-24 11:39:36 --> [DEPRECATED] strtotime(): Passing null to parameter #1 ($datetime) of type string is deprecated in APPPATH\Views\frontend\home.php on line 49.
 1 APPPATH\Views\frontend\home.php(49): strtotime(null)
 2 SYSTEMPATH\View\View.php(238): include('E:\\Development Tools\\Xampp\\htdocs\\NToday-News\\app\\Views\\frontend\\home.php')
 3 SYSTEMPATH\View\View.php(241): CodeIgniter\View\View->CodeIgniter\View\{closure}()
 4 SYSTEMPATH\Common.php(1250): CodeIgniter\View\View->render('frontend/home', [], true)
 5 APPPATH\Controllers\Home.php(23): view('frontend/home', [...])
 6 SYSTEMPATH\CodeIgniter.php(951): App\Controllers\Home->index()
 7 SYSTEMPATH\CodeIgniter.php(497): CodeIgniter\CodeIgniter->runController(Object(App\Controllers\Home))
 8 SYSTEMPATH\CodeIgniter.php(340): CodeIgniter\CodeIgniter->handleRequest(null, Object(Config\Cache), false)
 9 SYSTEMPATH\Boot.php(417): CodeIgniter\CodeIgniter->run()
10 SYSTEMPATH\Boot.php(68): CodeIgniter\Boot::runCodeIgniter(Object(CodeIgniter\CodeIgniter))
11 FCPATH\index.php(59): CodeIgniter\Boot::bootWeb(Object(Config\Paths))
12 SYSTEMPATH\rewrite.php(44): require_once('E:\\Development Tools\\Xampp\\htdocs\\NToday-News\\public\\index.php')
WARNING - 2026-02-24 11:39:36 --> [DEPRECATED] strtotime(): Passing null to parameter #1 ($datetime) of type string is deprecated in APPPATH\Views\frontend\home.php on line 49.
 1 APPPATH\Views\frontend\home.php(49): strtotime(null)
 2 SYSTEMPATH\View\View.php(238): include('E:\\Development Tools\\Xampp\\htdocs\\NToday-News\\app\\Views\\frontend\\home.php')
 3 SYSTEMPATH\View\View.php(241): CodeIgniter\View\View->CodeIgniter\View\{closure}()
 4 SYSTEMPATH\Common.php(1250): CodeIgniter\View\View->render('frontend/home', [], true)
 5 APPPATH\Controllers\Home.php(23): view('frontend/home', [...])
 6 SYSTEMPATH\CodeIgniter.php(951): App\Controllers\Home->index()
 7 SYSTEMPATH\CodeIgniter.php(497): CodeIgniter\CodeIgniter->runController(Object(App\Controllers\Home))
 8 SYSTEMPATH\CodeIgniter.php(340): CodeIgniter\CodeIgniter->handleRequest(null, Object(Config\Cache), false)
 9 SYSTEMPATH\Boot.php(417): CodeIgniter\CodeIgniter->run()
10 SYSTEMPATH\Boot.php(68): CodeIgniter\Boot::runCodeIgniter(Object(CodeIgniter\CodeIgniter))
11 FCPATH\index.php(59): CodeIgniter\Boot::bootWeb(Object(Config\Paths))
12 SYSTEMPATH\rewrite.php(44): require_once('E:\\Development Tools\\Xampp\\htdocs\\NToday-News\\public\\index.php')
WARNING - 2026-02-24 11:39:38 --> [DEPRECATED] strtotime(): Passing null to parameter #1 ($datetime) of type string is deprecated in APPPATH\Views\frontend\home.php on line 49.
 1 APPPATH\Views\frontend\home.php(49): strtotime(null)
 2 SYSTEMPATH\View\View.php(238): include('E:\\Development Tools\\Xampp\\htdocs\\NToday-News\\app\\Views\\frontend\\home.php')
 3 SYSTEMPATH\View\View.php(241): CodeIgniter\View\View->CodeIgniter\View\{closure}()
 4 SYSTEMPATH\Common.php(1250): CodeIgniter\View\View->render('frontend/home', [], true)
 5 APPPATH\Controllers\Home.php(23): view('frontend/home', [...])
 6 SYSTEMPATH\CodeIgniter.php(951): App\Controllers\Home->index()
 7 SYSTEMPATH\CodeIgniter.php(497): CodeIgniter\CodeIgniter->runController(Object(App\Controllers\Home))
 8 SYSTEMPATH\CodeIgniter.php(340): CodeIgniter\CodeIgniter->handleRequest(null, Object(Config\Cache), false)
 9 SYSTEMPATH\Boot.php(417): CodeIgniter\CodeIgniter->run()
10 SYSTEMPATH\Boot.php(68): CodeIgniter\Boot::runCodeIgniter(Object(CodeIgniter\CodeIgniter))
11 FCPATH\index.php(59): CodeIgniter\Boot::bootWeb(Object(Config\Paths))
12 SYSTEMPATH\rewrite.php(44): require_once('E:\\Development Tools\\Xampp\\htdocs\\NToday-News\\public\\index.php')
WARNING - 2026-02-24 11:39:38 --> [DEPRECATED] strtotime(): Passing null to parameter #1 ($datetime) of type string is deprecated in APPPATH\Views\frontend\home.php on line 49.
 1 APPPATH\Views\frontend\home.php(49): strtotime(null)
 2 SYSTEMPATH\View\View.php(238): include('E:\\Development Tools\\Xampp\\htdocs\\NToday-News\\app\\Views\\frontend\\home.php')
 3 SYSTEMPATH\View\View.php(241): CodeIgniter\View\View->CodeIgniter\View\{closure}()
 4 SYSTEMPATH\Common.php(1250): CodeIgniter\View\View->render('frontend/home', [], true)
 5 APPPATH\Controllers\Home.php(23): view('frontend/home', [...])
 6 SYSTEMPATH\CodeIgniter.php(951): App\Controllers\Home->index()
 7 SYSTEMPATH\CodeIgniter.php(497): CodeIgniter\CodeIgniter->runController(Object(App\Controllers\Home))
 8 SYSTEMPATH\CodeIgniter.php(340): CodeIgniter\CodeIgniter->handleRequest(null, Object(Config\Cache), false)
 9 SYSTEMPATH\Boot.php(417): CodeIgniter\CodeIgniter->run()
10 SYSTEMPATH\Boot.php(68): CodeIgniter\Boot::runCodeIgniter(Object(CodeIgniter\CodeIgniter))
11 FCPATH\index.php(59): CodeIgniter\Boot::bootWeb(Object(Config\Paths))
12 SYSTEMPATH\rewrite.php(44): require_once('E:\\Development Tools\\Xampp\\htdocs\\NToday-News\\public\\index.php')
WARNING - 2026-02-24 11:40:01 --> [DEPRECATED] strtotime(): Passing null to parameter #1 ($datetime) of type string is deprecated in APPPATH\Views\frontend\home.php on line 49.
 1 APPPATH\Views\frontend\home.php(49): strtotime(null)
 2 SYSTEMPATH\View\View.php(238): include('E:\\Development Tools\\Xampp\\htdocs\\NToday-News\\app\\Views\\frontend\\home.php')
 3 SYSTEMPATH\View\View.php(241): CodeIgniter\View\View->CodeIgniter\View\{closure}()
 4 SYSTEMPATH\Common.php(1250): CodeIgniter\View\View->render('frontend/home', [], true)
 5 APPPATH\Controllers\Home.php(23): view('frontend/home', [...])
 6 SYSTEMPATH\CodeIgniter.php(951): App\Controllers\Home->index()
 7 SYSTEMPATH\CodeIgniter.php(497): CodeIgniter\CodeIgniter->runController(Object(App\Controllers\Home))
 8 SYSTEMPATH\CodeIgniter.php(340): CodeIgniter\CodeIgniter->handleRequest(null, Object(Config\Cache), false)
 9 SYSTEMPATH\Boot.php(417): CodeIgniter\CodeIgniter->run()
10 SYSTEMPATH\Boot.php(68): CodeIgniter\Boot::runCodeIgniter(Object(CodeIgniter\CodeIgniter))
11 FCPATH\index.php(59): CodeIgniter\Boot::bootWeb(Object(Config\Paths))
12 SYSTEMPATH\rewrite.php(44): require_once('E:\\Development Tools\\Xampp\\htdocs\\NToday-News\\public\\index.php')
WARNING - 2026-02-24 11:40:01 --> [DEPRECATED] strtotime(): Passing null to parameter #1 ($datetime) of type string is deprecated in APPPATH\Views\frontend\home.php on line 49.
 1 APPPATH\Views\frontend\home.php(49): strtotime(null)
 2 SYSTEMPATH\View\View.php(238): include('E:\\Development Tools\\Xampp\\htdocs\\NToday-News\\app\\Views\\frontend\\home.php')
 3 SYSTEMPATH\View\View.php(241): CodeIgniter\View\View->CodeIgniter\View\{closure}()
 4 SYSTEMPATH\Common.php(1250): CodeIgniter\View\View->render('frontend/home', [], true)
 5 APPPATH\Controllers\Home.php(23): view('frontend/home', [...])
 6 SYSTEMPATH\CodeIgniter.php(951): App\Controllers\Home->index()
 7 SYSTEMPATH\CodeIgniter.php(497): CodeIgniter\CodeIgniter->runController(Object(App\Controllers\Home))
 8 SYSTEMPATH\CodeIgniter.php(340): CodeIgniter\CodeIgniter->handleRequest(null, Object(Config\Cache), false)
 9 SYSTEMPATH\Boot.php(417): CodeIgniter\CodeIgniter->run()
10 SYSTEMPATH\Boot.php(68): CodeIgniter\Boot::runCodeIgniter(Object(CodeIgniter\CodeIgniter))
11 FCPATH\index.php(59): CodeIgniter\Boot::bootWeb(Object(Config\Paths))
12 SYSTEMPATH\rewrite.php(44): require_once('E:\\Development Tools\\Xampp\\htdocs\\NToday-News\\public\\index.php')
WARNING - 2026-02-24 11:40:30 --> [DEPRECATED] strtotime(): Passing null to parameter #1 ($datetime) of type string is deprecated in APPPATH\Views\frontend\home.php on line 49.
 1 APPPATH\Views\frontend\home.php(49): strtotime(null)
 2 SYSTEMPATH\View\View.php(238): include('E:\\Development Tools\\Xampp\\htdocs\\NToday-News\\app\\Views\\frontend\\home.php')
 3 SYSTEMPATH\View\View.php(241): CodeIgniter\View\View->CodeIgniter\View\{closure}()
 4 SYSTEMPATH\Common.php(1250): CodeIgniter\View\View->render('frontend/home', [], true)
 5 APPPATH\Controllers\Home.php(23): view('frontend/home', [...])
 6 SYSTEMPATH\CodeIgniter.php(951): App\Controllers\Home->index()
 7 SYSTEMPATH\CodeIgniter.php(497): CodeIgniter\CodeIgniter->runController(Object(App\Controllers\Home))
 8 SYSTEMPATH\CodeIgniter.php(340): CodeIgniter\CodeIgniter->handleRequest(null, Object(Config\Cache), false)
 9 SYSTEMPATH\Boot.php(417): CodeIgniter\CodeIgniter->run()
10 SYSTEMPATH\Boot.php(68): CodeIgniter\Boot::runCodeIgniter(Object(CodeIgniter\CodeIgniter))
11 FCPATH\index.php(59): CodeIgniter\Boot::bootWeb(Object(Config\Paths))
12 SYSTEMPATH\rewrite.php(44): require_once('E:\\Development Tools\\Xampp\\htdocs\\NToday-News\\public\\index.php')
WARNING - 2026-02-24 11:40:30 --> [DEPRECATED] strtotime(): Passing null to parameter #1 ($datetime) of type string is deprecated in APPPATH\Views\frontend\home.php on line 49.
 1 APPPATH\Views\frontend\home.php(49): strtotime(null)
 2 SYSTEMPATH\View\View.php(238): include('E:\\Development Tools\\Xampp\\htdocs\\NToday-News\\app\\Views\\frontend\\home.php')
 3 SYSTEMPATH\View\View.php(241): CodeIgniter\View\View->CodeIgniter\View\{closure}()
 4 SYSTEMPATH\Common.php(1250): CodeIgniter\View\View->render('frontend/home', [], true)
 5 APPPATH\Controllers\Home.php(23): view('frontend/home', [...])
 6 SYSTEMPATH\CodeIgniter.php(951): App\Controllers\Home->index()
 7 SYSTEMPATH\CodeIgniter.php(497): CodeIgniter\CodeIgniter->runController(Object(App\Controllers\Home))
 8 SYSTEMPATH\CodeIgniter.php(340): CodeIgniter\CodeIgniter->handleRequest(null, Object(Config\Cache), false)
 9 SYSTEMPATH\Boot.php(417): CodeIgniter\CodeIgniter->run()
10 SYSTEMPATH\Boot.php(68): CodeIgniter\Boot::runCodeIgniter(Object(CodeIgniter\CodeIgniter))
11 FCPATH\index.php(59): CodeIgniter\Boot::bootWeb(Object(Config\Paths))
12 SYSTEMPATH\rewrite.php(44): require_once('E:\\Development Tools\\Xampp\\htdocs\\NToday-News\\public\\index.php')
WARNING - 2026-02-24 11:40:31 --> [DEPRECATED] strtotime(): Passing null to parameter #1 ($datetime) of type string is deprecated in APPPATH\Views\frontend\home.php on line 49.
 1 APPPATH\Views\frontend\home.php(49): strtotime(null)
 2 SYSTEMPATH\View\View.php(238): include('E:\\Development Tools\\Xampp\\htdocs\\NToday-News\\app\\Views\\frontend\\home.php')
 3 SYSTEMPATH\View\View.php(241): CodeIgniter\View\View->CodeIgniter\View\{closure}()
 4 SYSTEMPATH\Common.php(1250): CodeIgniter\View\View->render('frontend/home', [], true)
 5 APPPATH\Controllers\Home.php(23): view('frontend/home', [...])
 6 SYSTEMPATH\CodeIgniter.php(951): App\Controllers\Home->index()
 7 SYSTEMPATH\CodeIgniter.php(497): CodeIgniter\CodeIgniter->runController(Object(App\Controllers\Home))
 8 SYSTEMPATH\CodeIgniter.php(340): CodeIgniter\CodeIgniter->handleRequest(null, Object(Config\Cache), false)
 9 SYSTEMPATH\Boot.php(417): CodeIgniter\CodeIgniter->run()
10 SYSTEMPATH\Boot.php(68): CodeIgniter\Boot::runCodeIgniter(Object(CodeIgniter\CodeIgniter))
11 FCPATH\index.php(59): CodeIgniter\Boot::bootWeb(Object(Config\Paths))
12 SYSTEMPATH\rewrite.php(44): require_once('E:\\Development Tools\\Xampp\\htdocs\\NToday-News\\public\\index.php')
WARNING - 2026-02-24 11:40:31 --> [DEPRECATED] strtotime(): Passing null to parameter #1 ($datetime) of type string is deprecated in APPPATH\Views\frontend\home.php on line 49.
 1 APPPATH\Views\frontend\home.php(49): strtotime(null)
 2 SYSTEMPATH\View\View.php(238): include('E:\\Development Tools\\Xampp\\htdocs\\NToday-News\\app\\Views\\frontend\\home.php')
 3 SYSTEMPATH\View\View.php(241): CodeIgniter\View\View->CodeIgniter\View\{closure}()
 4 SYSTEMPATH\Common.php(1250): CodeIgniter\View\View->render('frontend/home', [], true)
 5 APPPATH\Controllers\Home.php(23): view('frontend/home', [...])
 6 SYSTEMPATH\CodeIgniter.php(951): App\Controllers\Home->index()
 7 SYSTEMPATH\CodeIgniter.php(497): CodeIgniter\CodeIgniter->runController(Object(App\Controllers\Home))
 8 SYSTEMPATH\CodeIgniter.php(340): CodeIgniter\CodeIgniter->handleRequest(null, Object(Config\Cache), false)
 9 SYSTEMPATH\Boot.php(417): CodeIgniter\CodeIgniter->run()
10 SYSTEMPATH\Boot.php(68): CodeIgniter\Boot::runCodeIgniter(Object(CodeIgniter\CodeIgniter))
11 FCPATH\index.php(59): CodeIgniter\Boot::bootWeb(Object(Config\Paths))
12 SYSTEMPATH\rewrite.php(44): require_once('E:\\Development Tools\\Xampp\\htdocs\\NToday-News\\public\\index.php')
WARNING - 2026-02-24 11:40:35 --> [DEPRECATED] strtotime(): Passing null to parameter #1 ($datetime) of type string is deprecated in APPPATH\Views\frontend\home.php on line 49.
 1 APPPATH\Views\frontend\home.php(49): strtotime(null)
 2 SYSTEMPATH\View\View.php(238): include('E:\\Development Tools\\Xampp\\htdocs\\NToday-News\\app\\Views\\frontend\\home.php')
 3 SYSTEMPATH\View\View.php(241): CodeIgniter\View\View->CodeIgniter\View\{closure}()
 4 SYSTEMPATH\Common.php(1250): CodeIgniter\View\View->render('frontend/home', [], true)
 5 APPPATH\Controllers\Home.php(23): view('frontend/home', [...])
 6 SYSTEMPATH\CodeIgniter.php(951): App\Controllers\Home->index()
 7 SYSTEMPATH\CodeIgniter.php(497): CodeIgniter\CodeIgniter->runController(Object(App\Controllers\Home))
 8 SYSTEMPATH\CodeIgniter.php(340): CodeIgniter\CodeIgniter->handleRequest(null, Object(Config\Cache), false)
 9 SYSTEMPATH\Boot.php(417): CodeIgniter\CodeIgniter->run()
10 SYSTEMPATH\Boot.php(68): CodeIgniter\Boot::runCodeIgniter(Object(CodeIgniter\CodeIgniter))
11 FCPATH\index.php(59): CodeIgniter\Boot::bootWeb(Object(Config\Paths))
12 SYSTEMPATH\rewrite.php(44): require_once('E:\\Development Tools\\Xampp\\htdocs\\NToday-News\\public\\index.php')
WARNING - 2026-02-24 11:40:35 --> [DEPRECATED] strtotime(): Passing null to parameter #1 ($datetime) of type string is deprecated in APPPATH\Views\frontend\home.php on line 49.
 1 APPPATH\Views\frontend\home.php(49): strtotime(null)
 2 SYSTEMPATH\View\View.php(238): include('E:\\Development Tools\\Xampp\\htdocs\\NToday-News\\app\\Views\\frontend\\home.php')
 3 SYSTEMPATH\View\View.php(241): CodeIgniter\View\View->CodeIgniter\View\{closure}()
 4 SYSTEMPATH\Common.php(1250): CodeIgniter\View\View->render('frontend/home', [], true)
 5 APPPATH\Controllers\Home.php(23): view('frontend/home', [...])
 6 SYSTEMPATH\CodeIgniter.php(951): App\Controllers\Home->index()
 7 SYSTEMPATH\CodeIgniter.php(497): CodeIgniter\CodeIgniter->runController(Object(App\Controllers\Home))
 8 SYSTEMPATH\CodeIgniter.php(340): CodeIgniter\CodeIgniter->handleRequest(null, Object(Config\Cache), false)
 9 SYSTEMPATH\Boot.php(417): CodeIgniter\CodeIgniter->run()
10 SYSTEMPATH\Boot.php(68): CodeIgniter\Boot::runCodeIgniter(Object(CodeIgniter\CodeIgniter))
11 FCPATH\index.php(59): CodeIgniter\Boot::bootWeb(Object(Config\Paths))
12 SYSTEMPATH\rewrite.php(44): require_once('E:\\Development Tools\\Xampp\\htdocs\\NToday-News\\public\\index.php')
WARNING - 2026-02-24 11:40:56 --> [DEPRECATED] strtotime(): Passing null to parameter #1 ($datetime) of type string is deprecated in APPPATH\Views\frontend\home.php on line 49.
 1 APPPATH\Views\frontend\home.php(49): strtotime(null)
 2 SYSTEMPATH\View\View.php(238): include('E:\\Development Tools\\Xampp\\htdocs\\NToday-News\\app\\Views\\frontend\\home.php')
 3 SYSTEMPATH\View\View.php(241): CodeIgniter\View\View->CodeIgniter\View\{closure}()
 4 SYSTEMPATH\Common.php(1250): CodeIgniter\View\View->render('frontend/home', [], true)
 5 APPPATH\Controllers\Home.php(23): view('frontend/home', [...])
 6 SYSTEMPATH\CodeIgniter.php(951): App\Controllers\Home->index()
 7 SYSTEMPATH\CodeIgniter.php(497): CodeIgniter\CodeIgniter->runController(Object(App\Controllers\Home))
 8 SYSTEMPATH\CodeIgniter.php(340): CodeIgniter\CodeIgniter->handleRequest(null, Object(Config\Cache), false)
 9 SYSTEMPATH\Boot.php(417): CodeIgniter\CodeIgniter->run()
10 SYSTEMPATH\Boot.php(68): CodeIgniter\Boot::runCodeIgniter(Object(CodeIgniter\CodeIgniter))
11 FCPATH\index.php(59): CodeIgniter\Boot::bootWeb(Object(Config\Paths))
12 SYSTEMPATH\rewrite.php(44): require_once('E:\\Development Tools\\Xampp\\htdocs\\NToday-News\\public\\index.php')
WARNING - 2026-02-24 11:40:56 --> [DEPRECATED] strtotime(): Passing null to parameter #1 ($datetime) of type string is deprecated in APPPATH\Views\frontend\home.php on line 49.
 1 APPPATH\Views\frontend\home.php(49): strtotime(null)
 2 SYSTEMPATH\View\View.php(238): include('E:\\Development Tools\\Xampp\\htdocs\\NToday-News\\app\\Views\\frontend\\home.php')
 3 SYSTEMPATH\View\View.php(241): CodeIgniter\View\View->CodeIgniter\View\{closure}()
 4 SYSTEMPATH\Common.php(1250): CodeIgniter\View\View->render('frontend/home', [], true)
 5 APPPATH\Controllers\Home.php(23): view('frontend/home', [...])
 6 SYSTEMPATH\CodeIgniter.php(951): App\Controllers\Home->index()
 7 SYSTEMPATH\CodeIgniter.php(497): CodeIgniter\CodeIgniter->runController(Object(App\Controllers\Home))
 8 SYSTEMPATH\CodeIgniter.php(340): CodeIgniter\CodeIgniter->handleRequest(null, Object(Config\Cache), false)
 9 SYSTEMPATH\Boot.php(417): CodeIgniter\CodeIgniter->run()
10 SYSTEMPATH\Boot.php(68): CodeIgniter\Boot::runCodeIgniter(Object(CodeIgniter\CodeIgniter))
11 FCPATH\index.php(59): CodeIgniter\Boot::bootWeb(Object(Config\Paths))
12 SYSTEMPATH\rewrite.php(44): require_once('E:\\Development Tools\\Xampp\\htdocs\\NToday-News\\public\\index.php')
WARNING - 2026-02-24 11:41:14 --> [DEPRECATED] strtotime(): Passing null to parameter #1 ($datetime) of type string is deprecated in APPPATH\Views\frontend\home.php on line 49.
 1 APPPATH\Views\frontend\home.php(49): strtotime(null)
 2 SYSTEMPATH\View\View.php(238): include('E:\\Development Tools\\Xampp\\htdocs\\NToday-News\\app\\Views\\frontend\\home.php')
 3 SYSTEMPATH\View\View.php(241): CodeIgniter\View\View->CodeIgniter\View\{closure}()
 4 SYSTEMPATH\Common.php(1250): CodeIgniter\View\View->render('frontend/home', [], true)
 5 APPPATH\Controllers\Home.php(23): view('frontend/home', [...])
 6 SYSTEMPATH\CodeIgniter.php(951): App\Controllers\Home->index()
 7 SYSTEMPATH\CodeIgniter.php(497): CodeIgniter\CodeIgniter->runController(Object(App\Controllers\Home))
 8 SYSTEMPATH\CodeIgniter.php(340): CodeIgniter\CodeIgniter->handleRequest(null, Object(Config\Cache), false)
 9 SYSTEMPATH\Boot.php(417): CodeIgniter\CodeIgniter->run()
10 SYSTEMPATH\Boot.php(68): CodeIgniter\Boot::runCodeIgniter(Object(CodeIgniter\CodeIgniter))
11 FCPATH\index.php(59): CodeIgniter\Boot::bootWeb(Object(Config\Paths))
12 SYSTEMPATH\rewrite.php(44): require_once('E:\\Development Tools\\Xampp\\htdocs\\NToday-News\\public\\index.php')
WARNING - 2026-02-24 11:41:14 --> [DEPRECATED] strtotime(): Passing null to parameter #1 ($datetime) of type string is deprecated in APPPATH\Views\frontend\home.php on line 49.
 1 APPPATH\Views\frontend\home.php(49): strtotime(null)
 2 SYSTEMPATH\View\View.php(238): include('E:\\Development Tools\\Xampp\\htdocs\\NToday-News\\app\\Views\\frontend\\home.php')
 3 SYSTEMPATH\View\View.php(241): CodeIgniter\View\View->CodeIgniter\View\{closure}()
 4 SYSTEMPATH\Common.php(1250): CodeIgniter\View\View->render('frontend/home', [], true)
 5 APPPATH\Controllers\Home.php(23): view('frontend/home', [...])
 6 SYSTEMPATH\CodeIgniter.php(951): App\Controllers\Home->index()
 7 SYSTEMPATH\CodeIgniter.php(497): CodeIgniter\CodeIgniter->runController(Object(App\Controllers\Home))
 8 SYSTEMPATH\CodeIgniter.php(340): CodeIgniter\CodeIgniter->handleRequest(null, Object(Config\Cache), false)
 9 SYSTEMPATH\Boot.php(417): CodeIgniter\CodeIgniter->run()
10 SYSTEMPATH\Boot.php(68): CodeIgniter\Boot::runCodeIgniter(Object(CodeIgniter\CodeIgniter))
11 FCPATH\index.php(59): CodeIgniter\Boot::bootWeb(Object(Config\Paths))
12 SYSTEMPATH\rewrite.php(44): require_once('E:\\Development Tools\\Xampp\\htdocs\\NToday-News\\public\\index.php')
WARNING - 2026-02-24 11:41:41 --> [DEPRECATED] strtotime(): Passing null to parameter #1 ($datetime) of type string is deprecated in APPPATH\Views\frontend\home.php on line 49.
 1 APPPATH\Views\frontend\home.php(49): strtotime(null)
 2 SYSTEMPATH\View\View.php(238): include('E:\\Development Tools\\Xampp\\htdocs\\NToday-News\\app\\Views\\frontend\\home.php')
 3 SYSTEMPATH\View\View.php(241): CodeIgniter\View\View->CodeIgniter\View\{closure}()
 4 SYSTEMPATH\Common.php(1250): CodeIgniter\View\View->render('frontend/home', [], true)
 5 APPPATH\Controllers\Home.php(23): view('frontend/home', [...])
 6 SYSTEMPATH\CodeIgniter.php(951): App\Controllers\Home->index()
 7 SYSTEMPATH\CodeIgniter.php(497): CodeIgniter\CodeIgniter->runController(Object(App\Controllers\Home))
 8 SYSTEMPATH\CodeIgniter.php(340): CodeIgniter\CodeIgniter->handleRequest(null, Object(Config\Cache), false)
 9 SYSTEMPATH\Boot.php(417): CodeIgniter\CodeIgniter->run()
10 SYSTEMPATH\Boot.php(68): CodeIgniter\Boot::runCodeIgniter(Object(CodeIgniter\CodeIgniter))
11 FCPATH\index.php(59): CodeIgniter\Boot::bootWeb(Object(Config\Paths))
12 SYSTEMPATH\rewrite.php(44): require_once('E:\\Development Tools\\Xampp\\htdocs\\NToday-News\\public\\index.php')
WARNING - 2026-02-24 11:41:41 --> [DEPRECATED] strtotime(): Passing null to parameter #1 ($datetime) of type string is deprecated in APPPATH\Views\frontend\home.php on line 49.
 1 APPPATH\Views\frontend\home.php(49): strtotime(null)
 2 SYSTEMPATH\View\View.php(238): include('E:\\Development Tools\\Xampp\\htdocs\\NToday-News\\app\\Views\\frontend\\home.php')
 3 SYSTEMPATH\View\View.php(241): CodeIgniter\View\View->CodeIgniter\View\{closure}()
 4 SYSTEMPATH\Common.php(1250): CodeIgniter\View\View->render('frontend/home', [], true)
 5 APPPATH\Controllers\Home.php(23): view('frontend/home', [...])
 6 SYSTEMPATH\CodeIgniter.php(951): App\Controllers\Home->index()
 7 SYSTEMPATH\CodeIgniter.php(497): CodeIgniter\CodeIgniter->runController(Object(App\Controllers\Home))
 8 SYSTEMPATH\CodeIgniter.php(340): CodeIgniter\CodeIgniter->handleRequest(null, Object(Config\Cache), false)
 9 SYSTEMPATH\Boot.php(417): CodeIgniter\CodeIgniter->run()
10 SYSTEMPATH\Boot.php(68): CodeIgniter\Boot::runCodeIgniter(Object(CodeIgniter\CodeIgniter))
11 FCPATH\index.php(59): CodeIgniter\Boot::bootWeb(Object(Config\Paths))
12 SYSTEMPATH\rewrite.php(44): require_once('E:\\Development Tools\\Xampp\\htdocs\\NToday-News\\public\\index.php')
WARNING - 2026-02-24 11:42:06 --> [DEPRECATED] strtotime(): Passing null to parameter #1 ($datetime) of type string is deprecated in APPPATH\Views\frontend\home.php on line 49.
 1 APPPATH\Views\frontend\home.php(49): strtotime(null)
 2 SYSTEMPATH\View\View.php(238): include('E:\\Development Tools\\Xampp\\htdocs\\NToday-News\\app\\Views\\frontend\\home.php')
 3 SYSTEMPATH\View\View.php(241): CodeIgniter\View\View->CodeIgniter\View\{closure}()
 4 SYSTEMPATH\Common.php(1250): CodeIgniter\View\View->render('frontend/home', [], true)
 5 APPPATH\Controllers\Home.php(23): view('frontend/home', [...])
 6 SYSTEMPATH\CodeIgniter.php(951): App\Controllers\Home->index()
 7 SYSTEMPATH\CodeIgniter.php(497): CodeIgniter\CodeIgniter->runController(Object(App\Controllers\Home))
 8 SYSTEMPATH\CodeIgniter.php(340): CodeIgniter\CodeIgniter->handleRequest(null, Object(Config\Cache), false)
 9 SYSTEMPATH\Boot.php(417): CodeIgniter\CodeIgniter->run()
10 SYSTEMPATH\Boot.php(68): CodeIgniter\Boot::runCodeIgniter(Object(CodeIgniter\CodeIgniter))
11 FCPATH\index.php(59): CodeIgniter\Boot::bootWeb(Object(Config\Paths))
12 SYSTEMPATH\rewrite.php(44): require_once('E:\\Development Tools\\Xampp\\htdocs\\NToday-News\\public\\index.php')
WARNING - 2026-02-24 11:42:06 --> [DEPRECATED] strtotime(): Passing null to parameter #1 ($datetime) of type string is deprecated in APPPATH\Views\frontend\home.php on line 49.
 1 APPPATH\Views\frontend\home.php(49): strtotime(null)
 2 SYSTEMPATH\View\View.php(238): include('E:\\Development Tools\\Xampp\\htdocs\\NToday-News\\app\\Views\\frontend\\home.php')
 3 SYSTEMPATH\View\View.php(241): CodeIgniter\View\View->CodeIgniter\View\{closure}()
 4 SYSTEMPATH\Common.php(1250): CodeIgniter\View\View->render('frontend/home', [], true)
 5 APPPATH\Controllers\Home.php(23): view('frontend/home', [...])
 6 SYSTEMPATH\CodeIgniter.php(951): App\Controllers\Home->index()
 7 SYSTEMPATH\CodeIgniter.php(497): CodeIgniter\CodeIgniter->runController(Object(App\Controllers\Home))
 8 SYSTEMPATH\CodeIgniter.php(340): CodeIgniter\CodeIgniter->handleRequest(null, Object(Config\Cache), false)
 9 SYSTEMPATH\Boot.php(417): CodeIgniter\CodeIgniter->run()
10 SYSTEMPATH\Boot.php(68): CodeIgniter\Boot::runCodeIgniter(Object(CodeIgniter\CodeIgniter))
11 FCPATH\index.php(59): CodeIgniter\Boot::bootWeb(Object(Config\Paths))
12 SYSTEMPATH\rewrite.php(44): require_once('E:\\Development Tools\\Xampp\\htdocs\\NToday-News\\public\\index.php')
WARNING - 2026-02-24 11:42:07 --> [DEPRECATED] strtotime(): Passing null to parameter #1 ($datetime) of type string is deprecated in APPPATH\Views\frontend\home.php on line 49.
 1 APPPATH\Views\frontend\home.php(49): strtotime(null)
 2 SYSTEMPATH\View\View.php(238): include('E:\\Development Tools\\Xampp\\htdocs\\NToday-News\\app\\Views\\frontend\\home.php')
 3 SYSTEMPATH\View\View.php(241): CodeIgniter\View\View->CodeIgniter\View\{closure}()
 4 SYSTEMPATH\Common.php(1250): CodeIgniter\View\View->render('frontend/home', [], true)
 5 APPPATH\Controllers\Home.php(23): view('frontend/home', [...])
 6 SYSTEMPATH\CodeIgniter.php(951): App\Controllers\Home->index()
 7 SYSTEMPATH\CodeIgniter.php(497): CodeIgniter\CodeIgniter->runController(Object(App\Controllers\Home))
 8 SYSTEMPATH\CodeIgniter.php(340): CodeIgniter\CodeIgniter->handleRequest(null, Object(Config\Cache), false)
 9 SYSTEMPATH\Boot.php(417): CodeIgniter\CodeIgniter->run()
10 SYSTEMPATH\Boot.php(68): CodeIgniter\Boot::runCodeIgniter(Object(CodeIgniter\CodeIgniter))
11 FCPATH\index.php(59): CodeIgniter\Boot::bootWeb(Object(Config\Paths))
12 SYSTEMPATH\rewrite.php(44): require_once('E:\\Development Tools\\Xampp\\htdocs\\NToday-News\\public\\index.php')
WARNING - 2026-02-24 11:42:07 --> [DEPRECATED] strtotime(): Passing null to parameter #1 ($datetime) of type string is deprecated in APPPATH\Views\frontend\home.php on line 49.
 1 APPPATH\Views\frontend\home.php(49): strtotime(null)
 2 SYSTEMPATH\View\View.php(238): include('E:\\Development Tools\\Xampp\\htdocs\\NToday-News\\app\\Views\\frontend\\home.php')
 3 SYSTEMPATH\View\View.php(241): CodeIgniter\View\View->CodeIgniter\View\{closure}()
 4 SYSTEMPATH\Common.php(1250): CodeIgniter\View\View->render('frontend/home', [], true)
 5 APPPATH\Controllers\Home.php(23): view('frontend/home', [...])
 6 SYSTEMPATH\CodeIgniter.php(951): App\Controllers\Home->index()
 7 SYSTEMPATH\CodeIgniter.php(497): CodeIgniter\CodeIgniter->runController(Object(App\Controllers\Home))
 8 SYSTEMPATH\CodeIgniter.php(340): CodeIgniter\CodeIgniter->handleRequest(null, Object(Config\Cache), false)
 9 SYSTEMPATH\Boot.php(417): CodeIgniter\CodeIgniter->run()
10 SYSTEMPATH\Boot.php(68): CodeIgniter\Boot::runCodeIgniter(Object(CodeIgniter\CodeIgniter))
11 FCPATH\index.php(59): CodeIgniter\Boot::bootWeb(Object(Config\Paths))
12 SYSTEMPATH\rewrite.php(44): require_once('E:\\Development Tools\\Xampp\\htdocs\\NToday-News\\public\\index.php')
WARNING - 2026-02-24 11:42:26 --> [DEPRECATED] strtotime(): Passing null to parameter #1 ($datetime) of type string is deprecated in APPPATH\Views\frontend\home.php on line 49.
 1 APPPATH\Views\frontend\home.php(49): strtotime(null)
 2 SYSTEMPATH\View\View.php(238): include('E:\\Development Tools\\Xampp\\htdocs\\NToday-News\\app\\Views\\frontend\\home.php')
 3 SYSTEMPATH\View\View.php(241): CodeIgniter\View\View->CodeIgniter\View\{closure}()
 4 SYSTEMPATH\Common.php(1250): CodeIgniter\View\View->render('frontend/home', [], true)
 5 APPPATH\Controllers\Home.php(23): view('frontend/home', [...])
 6 SYSTEMPATH\CodeIgniter.php(951): App\Controllers\Home->index()
 7 SYSTEMPATH\CodeIgniter.php(497): CodeIgniter\CodeIgniter->runController(Object(App\Controllers\Home))
 8 SYSTEMPATH\CodeIgniter.php(340): CodeIgniter\CodeIgniter->handleRequest(null, Object(Config\Cache), false)
 9 SYSTEMPATH\Boot.php(417): CodeIgniter\CodeIgniter->run()
10 SYSTEMPATH\Boot.php(68): CodeIgniter\Boot::runCodeIgniter(Object(CodeIgniter\CodeIgniter))
11 FCPATH\index.php(59): CodeIgniter\Boot::bootWeb(Object(Config\Paths))
12 SYSTEMPATH\rewrite.php(44): require_once('E:\\Development Tools\\Xampp\\htdocs\\NToday-News\\public\\index.php')
WARNING - 2026-02-24 11:42:26 --> [DEPRECATED] strtotime(): Passing null to parameter #1 ($datetime) of type string is deprecated in APPPATH\Views\frontend\home.php on line 49.
 1 APPPATH\Views\frontend\home.php(49): strtotime(null)
 2 SYSTEMPATH\View\View.php(238): include('E:\\Development Tools\\Xampp\\htdocs\\NToday-News\\app\\Views\\frontend\\home.php')
 3 SYSTEMPATH\View\View.php(241): CodeIgniter\View\View->CodeIgniter\View\{closure}()
 4 SYSTEMPATH\Common.php(1250): CodeIgniter\View\View->render('frontend/home', [], true)
 5 APPPATH\Controllers\Home.php(23): view('frontend/home', [...])
 6 SYSTEMPATH\CodeIgniter.php(951): App\Controllers\Home->index()
 7 SYSTEMPATH\CodeIgniter.php(497): CodeIgniter\CodeIgniter->runController(Object(App\Controllers\Home))
 8 SYSTEMPATH\CodeIgniter.php(340): CodeIgniter\CodeIgniter->handleRequest(null, Object(Config\Cache), false)
 9 SYSTEMPATH\Boot.php(417): CodeIgniter\CodeIgniter->run()
10 SYSTEMPATH\Boot.php(68): CodeIgniter\Boot::runCodeIgniter(Object(CodeIgniter\CodeIgniter))
11 FCPATH\index.php(59): CodeIgniter\Boot::bootWeb(Object(Config\Paths))
12 SYSTEMPATH\rewrite.php(44): require_once('E:\\Development Tools\\Xampp\\htdocs\\NToday-News\\public\\index.php')
WARNING - 2026-02-24 11:42:34 --> [DEPRECATED] strtotime(): Passing null to parameter #1 ($datetime) of type string is deprecated in APPPATH\Views\frontend\home.php on line 49.
 1 APPPATH\Views\frontend\home.php(49): strtotime(null)
 2 SYSTEMPATH\View\View.php(238): include('E:\\Development Tools\\Xampp\\htdocs\\NToday-News\\app\\Views\\frontend\\home.php')
 3 SYSTEMPATH\View\View.php(241): CodeIgniter\View\View->CodeIgniter\View\{closure}()
 4 SYSTEMPATH\Common.php(1250): CodeIgniter\View\View->render('frontend/home', [], true)
 5 APPPATH\Controllers\Home.php(23): view('frontend/home', [...])
 6 SYSTEMPATH\CodeIgniter.php(951): App\Controllers\Home->index()
 7 SYSTEMPATH\CodeIgniter.php(497): CodeIgniter\CodeIgniter->runController(Object(App\Controllers\Home))
 8 SYSTEMPATH\CodeIgniter.php(340): CodeIgniter\CodeIgniter->handleRequest(null, Object(Config\Cache), false)
 9 SYSTEMPATH\Boot.php(417): CodeIgniter\CodeIgniter->run()
10 SYSTEMPATH\Boot.php(68): CodeIgniter\Boot::runCodeIgniter(Object(CodeIgniter\CodeIgniter))
11 FCPATH\index.php(59): CodeIgniter\Boot::bootWeb(Object(Config\Paths))
12 SYSTEMPATH\rewrite.php(44): require_once('E:\\Development Tools\\Xampp\\htdocs\\NToday-News\\public\\index.php')
WARNING - 2026-02-24 11:42:34 --> [DEPRECATED] strtotime(): Passing null to parameter #1 ($datetime) of type string is deprecated in APPPATH\Views\frontend\home.php on line 49.
 1 APPPATH\Views\frontend\home.php(49): strtotime(null)
 2 SYSTEMPATH\View\View.php(238): include('E:\\Development Tools\\Xampp\\htdocs\\NToday-News\\app\\Views\\frontend\\home.php')
 3 SYSTEMPATH\View\View.php(241): CodeIgniter\View\View->CodeIgniter\View\{closure}()
 4 SYSTEMPATH\Common.php(1250): CodeIgniter\View\View->render('frontend/home', [], true)
 5 APPPATH\Controllers\Home.php(23): view('frontend/home', [...])
 6 SYSTEMPATH\CodeIgniter.php(951): App\Controllers\Home->index()
 7 SYSTEMPATH\CodeIgniter.php(497): CodeIgniter\CodeIgniter->runController(Object(App\Controllers\Home))
 8 SYSTEMPATH\CodeIgniter.php(340): CodeIgniter\CodeIgniter->handleRequest(null, Object(Config\Cache), false)
 9 SYSTEMPATH\Boot.php(417): CodeIgniter\CodeIgniter->run()
10 SYSTEMPATH\Boot.php(68): CodeIgniter\Boot::runCodeIgniter(Object(CodeIgniter\CodeIgniter))
11 FCPATH\index.php(59): CodeIgniter\Boot::bootWeb(Object(Config\Paths))
12 SYSTEMPATH\rewrite.php(44): require_once('E:\\Development Tools\\Xampp\\htdocs\\NToday-News\\public\\index.php')
WARNING - 2026-02-24 11:42:51 --> [DEPRECATED] strtotime(): Passing null to parameter #1 ($datetime) of type string is deprecated in APPPATH\Views\frontend\home.php on line 49.
 1 APPPATH\Views\frontend\home.php(49): strtotime(null)
 2 SYSTEMPATH\View\View.php(238): include('E:\\Development Tools\\Xampp\\htdocs\\NToday-News\\app\\Views\\frontend\\home.php')
 3 SYSTEMPATH\View\View.php(241): CodeIgniter\View\View->CodeIgniter\View\{closure}()
 4 SYSTEMPATH\Common.php(1250): CodeIgniter\View\View->render('frontend/home', [], true)
 5 APPPATH\Controllers\Home.php(23): view('frontend/home', [...])
 6 SYSTEMPATH\CodeIgniter.php(951): App\Controllers\Home->index()
 7 SYSTEMPATH\CodeIgniter.php(497): CodeIgniter\CodeIgniter->runController(Object(App\Controllers\Home))
 8 SYSTEMPATH\CodeIgniter.php(340): CodeIgniter\CodeIgniter->handleRequest(null, Object(Config\Cache), false)
 9 SYSTEMPATH\Boot.php(417): CodeIgniter\CodeIgniter->run()
10 SYSTEMPATH\Boot.php(68): CodeIgniter\Boot::runCodeIgniter(Object(CodeIgniter\CodeIgniter))
11 FCPATH\index.php(59): CodeIgniter\Boot::bootWeb(Object(Config\Paths))
12 SYSTEMPATH\rewrite.php(44): require_once('E:\\Development Tools\\Xampp\\htdocs\\NToday-News\\public\\index.php')
WARNING - 2026-02-24 11:42:51 --> [DEPRECATED] strtotime(): Passing null to parameter #1 ($datetime) of type string is deprecated in APPPATH\Views\frontend\home.php on line 49.
 1 APPPATH\Views\frontend\home.php(49): strtotime(null)
 2 SYSTEMPATH\View\View.php(238): include('E:\\Development Tools\\Xampp\\htdocs\\NToday-News\\app\\Views\\frontend\\home.php')
 3 SYSTEMPATH\View\View.php(241): CodeIgniter\View\View->CodeIgniter\View\{closure}()
 4 SYSTEMPATH\Common.php(1250): CodeIgniter\View\View->render('frontend/home', [], true)
 5 APPPATH\Controllers\Home.php(23): view('frontend/home', [...])
 6 SYSTEMPATH\CodeIgniter.php(951): App\Controllers\Home->index()
 7 SYSTEMPATH\CodeIgniter.php(497): CodeIgniter\CodeIgniter->runController(Object(App\Controllers\Home))
 8 SYSTEMPATH\CodeIgniter.php(340): CodeIgniter\CodeIgniter->handleRequest(null, Object(Config\Cache), false)
 9 SYSTEMPATH\Boot.php(417): CodeIgniter\CodeIgniter->run()
10 SYSTEMPATH\Boot.php(68): CodeIgniter\Boot::runCodeIgniter(Object(CodeIgniter\CodeIgniter))
11 FCPATH\index.php(59): CodeIgniter\Boot::bootWeb(Object(Config\Paths))
12 SYSTEMPATH\rewrite.php(44): require_once('E:\\Development Tools\\Xampp\\htdocs\\NToday-News\\public\\index.php')
WARNING - 2026-02-24 11:44:40 --> [DEPRECATED] strtotime(): Passing null to parameter #1 ($datetime) of type string is deprecated in APPPATH\Views\frontend\home.php on line 49.
 1 APPPATH\Views\frontend\home.php(49): strtotime(null)
 2 SYSTEMPATH\View\View.php(238): include('E:\\Development Tools\\Xampp\\htdocs\\NToday-News\\app\\Views\\frontend\\home.php')
 3 SYSTEMPATH\View\View.php(241): CodeIgniter\View\View->CodeIgniter\View\{closure}()
 4 SYSTEMPATH\Common.php(1250): CodeIgniter\View\View->render('frontend/home', [], true)
 5 APPPATH\Controllers\Home.php(23): view('frontend/home', [...])
 6 SYSTEMPATH\CodeIgniter.php(951): App\Controllers\Home->index()
 7 SYSTEMPATH\CodeIgniter.php(497): CodeIgniter\CodeIgniter->runController(Object(App\Controllers\Home))
 8 SYSTEMPATH\CodeIgniter.php(340): CodeIgniter\CodeIgniter->handleRequest(null, Object(Config\Cache), false)
 9 SYSTEMPATH\Boot.php(417): CodeIgniter\CodeIgniter->run()
10 SYSTEMPATH\Boot.php(68): CodeIgniter\Boot::runCodeIgniter(Object(CodeIgniter\CodeIgniter))
11 FCPATH\index.php(59): CodeIgniter\Boot::bootWeb(Object(Config\Paths))
12 SYSTEMPATH\rewrite.php(44): require_once('E:\\Development Tools\\Xampp\\htdocs\\NToday-News\\public\\index.php')
WARNING - 2026-02-24 11:44:40 --> [DEPRECATED] strtotime(): Passing null to parameter #1 ($datetime) of type string is deprecated in APPPATH\Views\frontend\home.php on line 49.
 1 APPPATH\Views\frontend\home.php(49): strtotime(null)
 2 SYSTEMPATH\View\View.php(238): include('E:\\Development Tools\\Xampp\\htdocs\\NToday-News\\app\\Views\\frontend\\home.php')
 3 SYSTEMPATH\View\View.php(241): CodeIgniter\View\View->CodeIgniter\View\{closure}()
 4 SYSTEMPATH\Common.php(1250): CodeIgniter\View\View->render('frontend/home', [], true)
 5 APPPATH\Controllers\Home.php(23): view('frontend/home', [...])
 6 SYSTEMPATH\CodeIgniter.php(951): App\Controllers\Home->index()
 7 SYSTEMPATH\CodeIgniter.php(497): CodeIgniter\CodeIgniter->runController(Object(App\Controllers\Home))
 8 SYSTEMPATH\CodeIgniter.php(340): CodeIgniter\CodeIgniter->handleRequest(null, Object(Config\Cache), false)
 9 SYSTEMPATH\Boot.php(417): CodeIgniter\CodeIgniter->run()
10 SYSTEMPATH\Boot.php(68): CodeIgniter\Boot::runCodeIgniter(Object(CodeIgniter\CodeIgniter))
11 FCPATH\index.php(59): CodeIgniter\Boot::bootWeb(Object(Config\Paths))
12 SYSTEMPATH\rewrite.php(44): require_once('E:\\Development Tools\\Xampp\\htdocs\\NToday-News\\public\\index.php')
WARNING - 2026-02-24 11:45:17 --> [DEPRECATED] strtotime(): Passing null to parameter #1 ($datetime) of type string is deprecated in APPPATH\Views\frontend\home.php on line 57.
 1 APPPATH\Views\frontend\home.php(57): strtotime(null)
 2 SYSTEMPATH\View\View.php(238): include('E:\\Development Tools\\Xampp\\htdocs\\NToday-News\\app\\Views\\frontend\\home.php')
 3 SYSTEMPATH\View\View.php(241): CodeIgniter\View\View->CodeIgniter\View\{closure}()
 4 SYSTEMPATH\Common.php(1250): CodeIgniter\View\View->render('frontend/home', [], true)
 5 APPPATH\Controllers\Home.php(23): view('frontend/home', [...])
 6 SYSTEMPATH\CodeIgniter.php(951): App\Controllers\Home->index()
 7 SYSTEMPATH\CodeIgniter.php(497): CodeIgniter\CodeIgniter->runController(Object(App\Controllers\Home))
 8 SYSTEMPATH\CodeIgniter.php(340): CodeIgniter\CodeIgniter->handleRequest(null, Object(Config\Cache), false)
 9 SYSTEMPATH\Boot.php(417): CodeIgniter\CodeIgniter->run()
10 SYSTEMPATH\Boot.php(68): CodeIgniter\Boot::runCodeIgniter(Object(CodeIgniter\CodeIgniter))
11 FCPATH\index.php(59): CodeIgniter\Boot::bootWeb(Object(Config\Paths))
12 SYSTEMPATH\rewrite.php(44): require_once('E:\\Development Tools\\Xampp\\htdocs\\NToday-News\\public\\index.php')
WARNING - 2026-02-24 11:45:17 --> [DEPRECATED] strtotime(): Passing null to parameter #1 ($datetime) of type string is deprecated in APPPATH\Views\frontend\home.php on line 57.
 1 APPPATH\Views\frontend\home.php(57): strtotime(null)
 2 SYSTEMPATH\View\View.php(238): include('E:\\Development Tools\\Xampp\\htdocs\\NToday-News\\app\\Views\\frontend\\home.php')
 3 SYSTEMPATH\View\View.php(241): CodeIgniter\View\View->CodeIgniter\View\{closure}()
 4 SYSTEMPATH\Common.php(1250): CodeIgniter\View\View->render('frontend/home', [], true)
 5 APPPATH\Controllers\Home.php(23): view('frontend/home', [...])
 6 SYSTEMPATH\CodeIgniter.php(951): App\Controllers\Home->index()
 7 SYSTEMPATH\CodeIgniter.php(497): CodeIgniter\CodeIgniter->runController(Object(App\Controllers\Home))
 8 SYSTEMPATH\CodeIgniter.php(340): CodeIgniter\CodeIgniter->handleRequest(null, Object(Config\Cache), false)
 9 SYSTEMPATH\Boot.php(417): CodeIgniter\CodeIgniter->run()
10 SYSTEMPATH\Boot.php(68): CodeIgniter\Boot::runCodeIgniter(Object(CodeIgniter\CodeIgniter))
11 FCPATH\index.php(59): CodeIgniter\Boot::bootWeb(Object(Config\Paths))
12 SYSTEMPATH\rewrite.php(44): require_once('E:\\Development Tools\\Xampp\\htdocs\\NToday-News\\public\\index.php')
WARNING - 2026-02-24 11:45:56 --> [DEPRECATED] strtotime(): Passing null to parameter #1 ($datetime) of type string is deprecated in APPPATH\Views\frontend\home.php on line 57.
 1 APPPATH\Views\frontend\home.php(57): strtotime(null)
 2 SYSTEMPATH\View\View.php(238): include('E:\\Development Tools\\Xampp\\htdocs\\NToday-News\\app\\Views\\frontend\\home.php')
 3 SYSTEMPATH\View\View.php(241): CodeIgniter\View\View->CodeIgniter\View\{closure}()
 4 SYSTEMPATH\Common.php(1250): CodeIgniter\View\View->render('frontend/home', [], true)
 5 APPPATH\Controllers\Home.php(23): view('frontend/home', [...])
 6 SYSTEMPATH\CodeIgniter.php(951): App\Controllers\Home->index()
 7 SYSTEMPATH\CodeIgniter.php(497): CodeIgniter\CodeIgniter->runController(Object(App\Controllers\Home))
 8 SYSTEMPATH\CodeIgniter.php(340): CodeIgniter\CodeIgniter->handleRequest(null, Object(Config\Cache), false)
 9 SYSTEMPATH\Boot.php(417): CodeIgniter\CodeIgniter->run()
10 SYSTEMPATH\Boot.php(68): CodeIgniter\Boot::runCodeIgniter(Object(CodeIgniter\CodeIgniter))
11 FCPATH\index.php(59): CodeIgniter\Boot::bootWeb(Object(Config\Paths))
12 SYSTEMPATH\rewrite.php(44): require_once('E:\\Development Tools\\Xampp\\htdocs\\NToday-News\\public\\index.php')
WARNING - 2026-02-24 11:45:56 --> [DEPRECATED] strtotime(): Passing null to parameter #1 ($datetime) of type string is deprecated in APPPATH\Views\frontend\home.php on line 57.
 1 APPPATH\Views\frontend\home.php(57): strtotime(null)
 2 SYSTEMPATH\View\View.php(238): include('E:\\Development Tools\\Xampp\\htdocs\\NToday-News\\app\\Views\\frontend\\home.php')
 3 SYSTEMPATH\View\View.php(241): CodeIgniter\View\View->CodeIgniter\View\{closure}()
 4 SYSTEMPATH\Common.php(1250): CodeIgniter\View\View->render('frontend/home', [], true)
 5 APPPATH\Controllers\Home.php(23): view('frontend/home', [...])
 6 SYSTEMPATH\CodeIgniter.php(951): App\Controllers\Home->index()
 7 SYSTEMPATH\CodeIgniter.php(497): CodeIgniter\CodeIgniter->runController(Object(App\Controllers\Home))
 8 SYSTEMPATH\CodeIgniter.php(340): CodeIgniter\CodeIgniter->handleRequest(null, Object(Config\Cache), false)
 9 SYSTEMPATH\Boot.php(417): CodeIgniter\CodeIgniter->run()
10 SYSTEMPATH\Boot.php(68): CodeIgniter\Boot::runCodeIgniter(Object(CodeIgniter\CodeIgniter))
11 FCPATH\index.php(59): CodeIgniter\Boot::bootWeb(Object(Config\Paths))
12 SYSTEMPATH\rewrite.php(44): require_once('E:\\Development Tools\\Xampp\\htdocs\\NToday-News\\public\\index.php')
WARNING - 2026-02-24 11:47:53 --> [DEPRECATED] strtotime(): Passing null to parameter #1 ($datetime) of type string is deprecated in APPPATH\Views\frontend\home.php on line 57.
 1 APPPATH\Views\frontend\home.php(57): strtotime(null)
 2 SYSTEMPATH\View\View.php(238): include('E:\\Development Tools\\Xampp\\htdocs\\NToday-News\\app\\Views\\frontend\\home.php')
 3 SYSTEMPATH\View\View.php(241): CodeIgniter\View\View->CodeIgniter\View\{closure}()
 4 SYSTEMPATH\Common.php(1250): CodeIgniter\View\View->render('frontend/home', [], true)
 5 APPPATH\Controllers\Home.php(23): view('frontend/home', [...])
 6 SYSTEMPATH\CodeIgniter.php(951): App\Controllers\Home->index()
 7 SYSTEMPATH\CodeIgniter.php(497): CodeIgniter\CodeIgniter->runController(Object(App\Controllers\Home))
 8 SYSTEMPATH\CodeIgniter.php(340): CodeIgniter\CodeIgniter->handleRequest(null, Object(Config\Cache), false)
 9 SYSTEMPATH\Boot.php(417): CodeIgniter\CodeIgniter->run()
10 SYSTEMPATH\Boot.php(68): CodeIgniter\Boot::runCodeIgniter(Object(CodeIgniter\CodeIgniter))
11 FCPATH\index.php(59): CodeIgniter\Boot::bootWeb(Object(Config\Paths))
12 SYSTEMPATH\rewrite.php(44): require_once('E:\\Development Tools\\Xampp\\htdocs\\NToday-News\\public\\index.php')
WARNING - 2026-02-24 11:47:53 --> [DEPRECATED] strtotime(): Passing null to parameter #1 ($datetime) of type string is deprecated in APPPATH\Views\frontend\home.php on line 57.
 1 APPPATH\Views\frontend\home.php(57): strtotime(null)
 2 SYSTEMPATH\View\View.php(238): include('E:\\Development Tools\\Xampp\\htdocs\\NToday-News\\app\\Views\\frontend\\home.php')
 3 SYSTEMPATH\View\View.php(241): CodeIgniter\View\View->CodeIgniter\View\{closure}()
 4 SYSTEMPATH\Common.php(1250): CodeIgniter\View\View->render('frontend/home', [], true)
 5 APPPATH\Controllers\Home.php(23): view('frontend/home', [...])
 6 SYSTEMPATH\CodeIgniter.php(951): App\Controllers\Home->index()
 7 SYSTEMPATH\CodeIgniter.php(497): CodeIgniter\CodeIgniter->runController(Object(App\Controllers\Home))
 8 SYSTEMPATH\CodeIgniter.php(340): CodeIgniter\CodeIgniter->handleRequest(null, Object(Config\Cache), false)
 9 SYSTEMPATH\Boot.php(417): CodeIgniter\CodeIgniter->run()
10 SYSTEMPATH\Boot.php(68): CodeIgniter\Boot::runCodeIgniter(Object(CodeIgniter\CodeIgniter))
11 FCPATH\index.php(59): CodeIgniter\Boot::bootWeb(Object(Config\Paths))
12 SYSTEMPATH\rewrite.php(44): require_once('E:\\Development Tools\\Xampp\\htdocs\\NToday-News\\public\\index.php')
WARNING - 2026-02-24 11:48:36 --> [DEPRECATED] strtotime(): Passing null to parameter #1 ($datetime) of type string is deprecated in APPPATH\Views\frontend\home.php on line 57.
 1 APPPATH\Views\frontend\home.php(57): strtotime(null)
 2 SYSTEMPATH\View\View.php(238): include('E:\\Development Tools\\Xampp\\htdocs\\NToday-News\\app\\Views\\frontend\\home.php')
 3 SYSTEMPATH\View\View.php(241): CodeIgniter\View\View->CodeIgniter\View\{closure}()
 4 SYSTEMPATH\Common.php(1250): CodeIgniter\View\View->render('frontend/home', [], true)
 5 APPPATH\Controllers\Home.php(23): view('frontend/home', [...])
 6 SYSTEMPATH\CodeIgniter.php(951): App\Controllers\Home->index()
 7 SYSTEMPATH\CodeIgniter.php(497): CodeIgniter\CodeIgniter->runController(Object(App\Controllers\Home))
 8 SYSTEMPATH\CodeIgniter.php(340): CodeIgniter\CodeIgniter->handleRequest(null, Object(Config\Cache), false)
 9 SYSTEMPATH\Boot.php(417): CodeIgniter\CodeIgniter->run()
10 SYSTEMPATH\Boot.php(68): CodeIgniter\Boot::runCodeIgniter(Object(CodeIgniter\CodeIgniter))
11 FCPATH\index.php(59): CodeIgniter\Boot::bootWeb(Object(Config\Paths))
12 SYSTEMPATH\rewrite.php(44): require_once('E:\\Development Tools\\Xampp\\htdocs\\NToday-News\\public\\index.php')
WARNING - 2026-02-24 11:48:36 --> [DEPRECATED] strtotime(): Passing null to parameter #1 ($datetime) of type string is deprecated in APPPATH\Views\frontend\home.php on line 57.
 1 APPPATH\Views\frontend\home.php(57): strtotime(null)
 2 SYSTEMPATH\View\View.php(238): include('E:\\Development Tools\\Xampp\\htdocs\\NToday-News\\app\\Views\\frontend\\home.php')
 3 SYSTEMPATH\View\View.php(241): CodeIgniter\View\View->CodeIgniter\View\{closure}()
 4 SYSTEMPATH\Common.php(1250): CodeIgniter\View\View->render('frontend/home', [], true)
 5 APPPATH\Controllers\Home.php(23): view('frontend/home', [...])
 6 SYSTEMPATH\CodeIgniter.php(951): App\Controllers\Home->index()
 7 SYSTEMPATH\CodeIgniter.php(497): CodeIgniter\CodeIgniter->runController(Object(App\Controllers\Home))
 8 SYSTEMPATH\CodeIgniter.php(340): CodeIgniter\CodeIgniter->handleRequest(null, Object(Config\Cache), false)
 9 SYSTEMPATH\Boot.php(417): CodeIgniter\CodeIgniter->run()
10 SYSTEMPATH\Boot.php(68): CodeIgniter\Boot::runCodeIgniter(Object(CodeIgniter\CodeIgniter))
11 FCPATH\index.php(59): CodeIgniter\Boot::bootWeb(Object(Config\Paths))
12 SYSTEMPATH\rewrite.php(44): require_once('E:\\Development Tools\\Xampp\\htdocs\\NToday-News\\public\\index.php')
WARNING - 2026-02-24 11:52:30 --> [DEPRECATED] strtotime(): Passing null to parameter #1 ($datetime) of type string is deprecated in APPPATH\Views\frontend\home.php on line 57.
 1 APPPATH\Views\frontend\home.php(57): strtotime(null)
 2 SYSTEMPATH\View\View.php(238): include('E:\\Development Tools\\Xampp\\htdocs\\NToday-News\\app\\Views\\frontend\\home.php')
 3 SYSTEMPATH\View\View.php(241): CodeIgniter\View\View->CodeIgniter\View\{closure}()
 4 SYSTEMPATH\Common.php(1250): CodeIgniter\View\View->render('frontend/home', [], true)
 5 APPPATH\Controllers\Home.php(23): view('frontend/home', [...])
 6 SYSTEMPATH\CodeIgniter.php(951): App\Controllers\Home->index()
 7 SYSTEMPATH\CodeIgniter.php(497): CodeIgniter\CodeIgniter->runController(Object(App\Controllers\Home))
 8 SYSTEMPATH\CodeIgniter.php(340): CodeIgniter\CodeIgniter->handleRequest(null, Object(Config\Cache), false)
 9 SYSTEMPATH\Boot.php(417): CodeIgniter\CodeIgniter->run()
10 SYSTEMPATH\Boot.php(68): CodeIgniter\Boot::runCodeIgniter(Object(CodeIgniter\CodeIgniter))
11 FCPATH\index.php(59): CodeIgniter\Boot::bootWeb(Object(Config\Paths))
12 SYSTEMPATH\rewrite.php(44): require_once('E:\\Development Tools\\Xampp\\htdocs\\NToday-News\\public\\index.php')
WARNING - 2026-02-24 11:52:30 --> [DEPRECATED] strtotime(): Passing null to parameter #1 ($datetime) of type string is deprecated in APPPATH\Views\frontend\home.php on line 57.
 1 APPPATH\Views\frontend\home.php(57): strtotime(null)
 2 SYSTEMPATH\View\View.php(238): include('E:\\Development Tools\\Xampp\\htdocs\\NToday-News\\app\\Views\\frontend\\home.php')
 3 SYSTEMPATH\View\View.php(241): CodeIgniter\View\View->CodeIgniter\View\{closure}()
 4 SYSTEMPATH\Common.php(1250): CodeIgniter\View\View->render('frontend/home', [], true)
 5 APPPATH\Controllers\Home.php(23): view('frontend/home', [...])
 6 SYSTEMPATH\CodeIgniter.php(951): App\Controllers\Home->index()
 7 SYSTEMPATH\CodeIgniter.php(497): CodeIgniter\CodeIgniter->runController(Object(App\Controllers\Home))
 8 SYSTEMPATH\CodeIgniter.php(340): CodeIgniter\CodeIgniter->handleRequest(null, Object(Config\Cache), false)
 9 SYSTEMPATH\Boot.php(417): CodeIgniter\CodeIgniter->run()
10 SYSTEMPATH\Boot.php(68): CodeIgniter\Boot::runCodeIgniter(Object(CodeIgniter\CodeIgniter))
11 FCPATH\index.php(59): CodeIgniter\Boot::bootWeb(Object(Config\Paths))
12 SYSTEMPATH\rewrite.php(44): require_once('E:\\Development Tools\\Xampp\\htdocs\\NToday-News\\public\\index.php')
WARNING - 2026-02-24 11:52:52 --> [DEPRECATED] strtotime(): Passing null to parameter #1 ($datetime) of type string is deprecated in APPPATH\Views\frontend\home.php on line 57.
 1 APPPATH\Views\frontend\home.php(57): strtotime(null)
 2 SYSTEMPATH\View\View.php(238): include('E:\\Development Tools\\Xampp\\htdocs\\NToday-News\\app\\Views\\frontend\\home.php')
 3 SYSTEMPATH\View\View.php(241): CodeIgniter\View\View->CodeIgniter\View\{closure}()
 4 SYSTEMPATH\Common.php(1250): CodeIgniter\View\View->render('frontend/home', [], true)
 5 APPPATH\Controllers\Home.php(23): view('frontend/home', [...])
 6 SYSTEMPATH\CodeIgniter.php(951): App\Controllers\Home->index()
 7 SYSTEMPATH\CodeIgniter.php(497): CodeIgniter\CodeIgniter->runController(Object(App\Controllers\Home))
 8 SYSTEMPATH\CodeIgniter.php(340): CodeIgniter\CodeIgniter->handleRequest(null, Object(Config\Cache), false)
 9 SYSTEMPATH\Boot.php(417): CodeIgniter\CodeIgniter->run()
10 SYSTEMPATH\Boot.php(68): CodeIgniter\Boot::runCodeIgniter(Object(CodeIgniter\CodeIgniter))
11 FCPATH\index.php(59): CodeIgniter\Boot::bootWeb(Object(Config\Paths))
12 SYSTEMPATH\rewrite.php(44): require_once('E:\\Development Tools\\Xampp\\htdocs\\NToday-News\\public\\index.php')
WARNING - 2026-02-24 11:52:52 --> [DEPRECATED] strtotime(): Passing null to parameter #1 ($datetime) of type string is deprecated in APPPATH\Views\frontend\home.php on line 57.
 1 APPPATH\Views\frontend\home.php(57): strtotime(null)
 2 SYSTEMPATH\View\View.php(238): include('E:\\Development Tools\\Xampp\\htdocs\\NToday-News\\app\\Views\\frontend\\home.php')
 3 SYSTEMPATH\View\View.php(241): CodeIgniter\View\View->CodeIgniter\View\{closure}()
 4 SYSTEMPATH\Common.php(1250): CodeIgniter\View\View->render('frontend/home', [], true)
 5 APPPATH\Controllers\Home.php(23): view('frontend/home', [...])
 6 SYSTEMPATH\CodeIgniter.php(951): App\Controllers\Home->index()
 7 SYSTEMPATH\CodeIgniter.php(497): CodeIgniter\CodeIgniter->runController(Object(App\Controllers\Home))
 8 SYSTEMPATH\CodeIgniter.php(340): CodeIgniter\CodeIgniter->handleRequest(null, Object(Config\Cache), false)
 9 SYSTEMPATH\Boot.php(417): CodeIgniter\CodeIgniter->run()
10 SYSTEMPATH\Boot.php(68): CodeIgniter\Boot::runCodeIgniter(Object(CodeIgniter\CodeIgniter))
11 FCPATH\index.php(59): CodeIgniter\Boot::bootWeb(Object(Config\Paths))
12 SYSTEMPATH\rewrite.php(44): require_once('E:\\Development Tools\\Xampp\\htdocs\\NToday-News\\public\\index.php')
WARNING - 2026-02-24 11:53:01 --> [DEPRECATED] strtotime(): Passing null to parameter #1 ($datetime) of type string is deprecated in APPPATH\Views\frontend\home.php on line 57.
 1 APPPATH\Views\frontend\home.php(57): strtotime(null)
 2 SYSTEMPATH\View\View.php(238): include('E:\\Development Tools\\Xampp\\htdocs\\NToday-News\\app\\Views\\frontend\\home.php')
 3 SYSTEMPATH\View\View.php(241): CodeIgniter\View\View->CodeIgniter\View\{closure}()
 4 SYSTEMPATH\Common.php(1250): CodeIgniter\View\View->render('frontend/home', [], true)
 5 APPPATH\Controllers\Home.php(23): view('frontend/home', [...])
 6 SYSTEMPATH\CodeIgniter.php(951): App\Controllers\Home->index()
 7 SYSTEMPATH\CodeIgniter.php(497): CodeIgniter\CodeIgniter->runController(Object(App\Controllers\Home))
 8 SYSTEMPATH\CodeIgniter.php(340): CodeIgniter\CodeIgniter->handleRequest(null, Object(Config\Cache), false)
 9 SYSTEMPATH\Boot.php(417): CodeIgniter\CodeIgniter->run()
10 SYSTEMPATH\Boot.php(68): CodeIgniter\Boot::runCodeIgniter(Object(CodeIgniter\CodeIgniter))
11 FCPATH\index.php(59): CodeIgniter\Boot::bootWeb(Object(Config\Paths))
12 SYSTEMPATH\rewrite.php(44): require_once('E:\\Development Tools\\Xampp\\htdocs\\NToday-News\\public\\index.php')
WARNING - 2026-02-24 11:53:01 --> [DEPRECATED] strtotime(): Passing null to parameter #1 ($datetime) of type string is deprecated in APPPATH\Views\frontend\home.php on line 57.
 1 APPPATH\Views\frontend\home.php(57): strtotime(null)
 2 SYSTEMPATH\View\View.php(238): include('E:\\Development Tools\\Xampp\\htdocs\\NToday-News\\app\\Views\\frontend\\home.php')
 3 SYSTEMPATH\View\View.php(241): CodeIgniter\View\View->CodeIgniter\View\{closure}()
 4 SYSTEMPATH\Common.php(1250): CodeIgniter\View\View->render('frontend/home', [], true)
 5 APPPATH\Controllers\Home.php(23): view('frontend/home', [...])
 6 SYSTEMPATH\CodeIgniter.php(951): App\Controllers\Home->index()
 7 SYSTEMPATH\CodeIgniter.php(497): CodeIgniter\CodeIgniter->runController(Object(App\Controllers\Home))
 8 SYSTEMPATH\CodeIgniter.php(340): CodeIgniter\CodeIgniter->handleRequest(null, Object(Config\Cache), false)
 9 SYSTEMPATH\Boot.php(417): CodeIgniter\CodeIgniter->run()
10 SYSTEMPATH\Boot.php(68): CodeIgniter\Boot::runCodeIgniter(Object(CodeIgniter\CodeIgniter))
11 FCPATH\index.php(59): CodeIgniter\Boot::bootWeb(Object(Config\Paths))
12 SYSTEMPATH\rewrite.php(44): require_once('E:\\Development Tools\\Xampp\\htdocs\\NToday-News\\public\\index.php')
WARNING - 2026-02-24 11:56:02 --> [DEPRECATED] strtotime(): Passing null to parameter #1 ($datetime) of type string is deprecated in APPPATH\Views\frontend\home.php on line 57.
 1 APPPATH\Views\frontend\home.php(57): strtotime(null)
 2 SYSTEMPATH\View\View.php(238): include('E:\\Development Tools\\Xampp\\htdocs\\NToday-News\\app\\Views\\frontend\\home.php')
 3 SYSTEMPATH\View\View.php(241): CodeIgniter\View\View->CodeIgniter\View\{closure}()
 4 SYSTEMPATH\Common.php(1250): CodeIgniter\View\View->render('frontend/home', [], true)
 5 APPPATH\Controllers\Home.php(23): view('frontend/home', [...])
 6 SYSTEMPATH\CodeIgniter.php(951): App\Controllers\Home->index()
 7 SYSTEMPATH\CodeIgniter.php(497): CodeIgniter\CodeIgniter->runController(Object(App\Controllers\Home))
 8 SYSTEMPATH\CodeIgniter.php(340): CodeIgniter\CodeIgniter->handleRequest(null, Object(Config\Cache), false)
 9 SYSTEMPATH\Boot.php(417): CodeIgniter\CodeIgniter->run()
10 SYSTEMPATH\Boot.php(68): CodeIgniter\Boot::runCodeIgniter(Object(CodeIgniter\CodeIgniter))
11 FCPATH\index.php(59): CodeIgniter\Boot::bootWeb(Object(Config\Paths))
12 SYSTEMPATH\rewrite.php(44): require_once('E:\\Development Tools\\Xampp\\htdocs\\NToday-News\\public\\index.php')
WARNING - 2026-02-24 11:56:02 --> [DEPRECATED] strtotime(): Passing null to parameter #1 ($datetime) of type string is deprecated in APPPATH\Views\frontend\home.php on line 57.
 1 APPPATH\Views\frontend\home.php(57): strtotime(null)
 2 SYSTEMPATH\View\View.php(238): include('E:\\Development Tools\\Xampp\\htdocs\\NToday-News\\app\\Views\\frontend\\home.php')
 3 SYSTEMPATH\View\View.php(241): CodeIgniter\View\View->CodeIgniter\View\{closure}()
 4 SYSTEMPATH\Common.php(1250): CodeIgniter\View\View->render('frontend/home', [], true)
 5 APPPATH\Controllers\Home.php(23): view('frontend/home', [...])
 6 SYSTEMPATH\CodeIgniter.php(951): App\Controllers\Home->index()
 7 SYSTEMPATH\CodeIgniter.php(497): CodeIgniter\CodeIgniter->runController(Object(App\Controllers\Home))
 8 SYSTEMPATH\CodeIgniter.php(340): CodeIgniter\CodeIgniter->handleRequest(null, Object(Config\Cache), false)
 9 SYSTEMPATH\Boot.php(417): CodeIgniter\CodeIgniter->run()
10 SYSTEMPATH\Boot.php(68): CodeIgniter\Boot::runCodeIgniter(Object(CodeIgniter\CodeIgniter))
11 FCPATH\index.php(59): CodeIgniter\Boot::bootWeb(Object(Config\Paths))
12 SYSTEMPATH\rewrite.php(44): require_once('E:\\Development Tools\\Xampp\\htdocs\\NToday-News\\public\\index.php')
WARNING - 2026-02-24 11:56:37 --> [DEPRECATED] strtotime(): Passing null to parameter #1 ($datetime) of type string is deprecated in APPPATH\Views\frontend\home.php on line 57.
 1 APPPATH\Views\frontend\home.php(57): strtotime(null)
 2 SYSTEMPATH\View\View.php(238): include('E:\\Development Tools\\Xampp\\htdocs\\NToday-News\\app\\Views\\frontend\\home.php')
 3 SYSTEMPATH\View\View.php(241): CodeIgniter\View\View->CodeIgniter\View\{closure}()
 4 SYSTEMPATH\Common.php(1250): CodeIgniter\View\View->render('frontend/home', [], true)
 5 APPPATH\Controllers\Home.php(23): view('frontend/home', [...])
 6 SYSTEMPATH\CodeIgniter.php(951): App\Controllers\Home->index()
 7 SYSTEMPATH\CodeIgniter.php(497): CodeIgniter\CodeIgniter->runController(Object(App\Controllers\Home))
 8 SYSTEMPATH\CodeIgniter.php(340): CodeIgniter\CodeIgniter->handleRequest(null, Object(Config\Cache), false)
 9 SYSTEMPATH\Boot.php(417): CodeIgniter\CodeIgniter->run()
10 SYSTEMPATH\Boot.php(68): CodeIgniter\Boot::runCodeIgniter(Object(CodeIgniter\CodeIgniter))
11 FCPATH\index.php(59): CodeIgniter\Boot::bootWeb(Object(Config\Paths))
12 SYSTEMPATH\rewrite.php(44): require_once('E:\\Development Tools\\Xampp\\htdocs\\NToday-News\\public\\index.php')
WARNING - 2026-02-24 11:56:37 --> [DEPRECATED] strtotime(): Passing null to parameter #1 ($datetime) of type string is deprecated in APPPATH\Views\frontend\home.php on line 57.
 1 APPPATH\Views\frontend\home.php(57): strtotime(null)
 2 SYSTEMPATH\View\View.php(238): include('E:\\Development Tools\\Xampp\\htdocs\\NToday-News\\app\\Views\\frontend\\home.php')
 3 SYSTEMPATH\View\View.php(241): CodeIgniter\View\View->CodeIgniter\View\{closure}()
 4 SYSTEMPATH\Common.php(1250): CodeIgniter\View\View->render('frontend/home', [], true)
 5 APPPATH\Controllers\Home.php(23): view('frontend/home', [...])
 6 SYSTEMPATH\CodeIgniter.php(951): App\Controllers\Home->index()
 7 SYSTEMPATH\CodeIgniter.php(497): CodeIgniter\CodeIgniter->runController(Object(App\Controllers\Home))
 8 SYSTEMPATH\CodeIgniter.php(340): CodeIgniter\CodeIgniter->handleRequest(null, Object(Config\Cache), false)
 9 SYSTEMPATH\Boot.php(417): CodeIgniter\CodeIgniter->run()
10 SYSTEMPATH\Boot.php(68): CodeIgniter\Boot::runCodeIgniter(Object(CodeIgniter\CodeIgniter))
11 FCPATH\index.php(59): CodeIgniter\Boot::bootWeb(Object(Config\Paths))
12 SYSTEMPATH\rewrite.php(44): require_once('E:\\Development Tools\\Xampp\\htdocs\\NToday-News\\public\\index.php')
WARNING - 2026-02-24 11:56:41 --> [DEPRECATED] strtotime(): Passing null to parameter #1 ($datetime) of type string is deprecated in APPPATH\Views\frontend\home.php on line 57.
 1 APPPATH\Views\frontend\home.php(57): strtotime(null)
 2 SYSTEMPATH\View\View.php(238): include('E:\\Development Tools\\Xampp\\htdocs\\NToday-News\\app\\Views\\frontend\\home.php')
 3 SYSTEMPATH\View\View.php(241): CodeIgniter\View\View->CodeIgniter\View\{closure}()
 4 SYSTEMPATH\Common.php(1250): CodeIgniter\View\View->render('frontend/home', [], true)
 5 APPPATH\Controllers\Home.php(23): view('frontend/home', [...])
 6 SYSTEMPATH\CodeIgniter.php(951): App\Controllers\Home->index()
 7 SYSTEMPATH\CodeIgniter.php(497): CodeIgniter\CodeIgniter->runController(Object(App\Controllers\Home))
 8 SYSTEMPATH\CodeIgniter.php(340): CodeIgniter\CodeIgniter->handleRequest(null, Object(Config\Cache), false)
 9 SYSTEMPATH\Boot.php(417): CodeIgniter\CodeIgniter->run()
10 SYSTEMPATH\Boot.php(68): CodeIgniter\Boot::runCodeIgniter(Object(CodeIgniter\CodeIgniter))
11 FCPATH\index.php(59): CodeIgniter\Boot::bootWeb(Object(Config\Paths))
12 SYSTEMPATH\rewrite.php(44): require_once('E:\\Development Tools\\Xampp\\htdocs\\NToday-News\\public\\index.php')
WARNING - 2026-02-24 11:56:41 --> [DEPRECATED] strtotime(): Passing null to parameter #1 ($datetime) of type string is deprecated in APPPATH\Views\frontend\home.php on line 57.
 1 APPPATH\Views\frontend\home.php(57): strtotime(null)
 2 SYSTEMPATH\View\View.php(238): include('E:\\Development Tools\\Xampp\\htdocs\\NToday-News\\app\\Views\\frontend\\home.php')
 3 SYSTEMPATH\View\View.php(241): CodeIgniter\View\View->CodeIgniter\View\{closure}()
 4 SYSTEMPATH\Common.php(1250): CodeIgniter\View\View->render('frontend/home', [], true)
 5 APPPATH\Controllers\Home.php(23): view('frontend/home', [...])
 6 SYSTEMPATH\CodeIgniter.php(951): App\Controllers\Home->index()
 7 SYSTEMPATH\CodeIgniter.php(497): CodeIgniter\CodeIgniter->runController(Object(App\Controllers\Home))
 8 SYSTEMPATH\CodeIgniter.php(340): CodeIgniter\CodeIgniter->handleRequest(null, Object(Config\Cache), false)
 9 SYSTEMPATH\Boot.php(417): CodeIgniter\CodeIgniter->run()
10 SYSTEMPATH\Boot.php(68): CodeIgniter\Boot::runCodeIgniter(Object(CodeIgniter\CodeIgniter))
11 FCPATH\index.php(59): CodeIgniter\Boot::bootWeb(Object(Config\Paths))
12 SYSTEMPATH\rewrite.php(44): require_once('E:\\Development Tools\\Xampp\\htdocs\\NToday-News\\public\\index.php')
WARNING - 2026-02-24 11:59:06 --> [DEPRECATED] strtotime(): Passing null to parameter #1 ($datetime) of type string is deprecated in APPPATH\Views\frontend\home.php on line 57.
 1 APPPATH\Views\frontend\home.php(57): strtotime(null)
 2 SYSTEMPATH\View\View.php(238): include('E:\\Development Tools\\Xampp\\htdocs\\NToday-News\\app\\Views\\frontend\\home.php')
 3 SYSTEMPATH\View\View.php(241): CodeIgniter\View\View->CodeIgniter\View\{closure}()
 4 SYSTEMPATH\Common.php(1250): CodeIgniter\View\View->render('frontend/home', [], true)
 5 APPPATH\Controllers\Home.php(23): view('frontend/home', [...])
 6 SYSTEMPATH\CodeIgniter.php(951): App\Controllers\Home->index()
 7 SYSTEMPATH\CodeIgniter.php(497): CodeIgniter\CodeIgniter->runController(Object(App\Controllers\Home))
 8 SYSTEMPATH\CodeIgniter.php(340): CodeIgniter\CodeIgniter->handleRequest(null, Object(Config\Cache), false)
 9 SYSTEMPATH\Boot.php(417): CodeIgniter\CodeIgniter->run()
10 SYSTEMPATH\Boot.php(68): CodeIgniter\Boot::runCodeIgniter(Object(CodeIgniter\CodeIgniter))
11 FCPATH\index.php(59): CodeIgniter\Boot::bootWeb(Object(Config\Paths))
12 SYSTEMPATH\rewrite.php(44): require_once('E:\\Development Tools\\Xampp\\htdocs\\NToday-News\\public\\index.php')
WARNING - 2026-02-24 11:59:06 --> [DEPRECATED] strtotime(): Passing null to parameter #1 ($datetime) of type string is deprecated in APPPATH\Views\frontend\home.php on line 57.
 1 APPPATH\Views\frontend\home.php(57): strtotime(null)
 2 SYSTEMPATH\View\View.php(238): include('E:\\Development Tools\\Xampp\\htdocs\\NToday-News\\app\\Views\\frontend\\home.php')
 3 SYSTEMPATH\View\View.php(241): CodeIgniter\View\View->CodeIgniter\View\{closure}()
 4 SYSTEMPATH\Common.php(1250): CodeIgniter\View\View->render('frontend/home', [], true)
 5 APPPATH\Controllers\Home.php(23): view('frontend/home', [...])
 6 SYSTEMPATH\CodeIgniter.php(951): App\Controllers\Home->index()
 7 SYSTEMPATH\CodeIgniter.php(497): CodeIgniter\CodeIgniter->runController(Object(App\Controllers\Home))
 8 SYSTEMPATH\CodeIgniter.php(340): CodeIgniter\CodeIgniter->handleRequest(null, Object(Config\Cache), false)
 9 SYSTEMPATH\Boot.php(417): CodeIgniter\CodeIgniter->run()
10 SYSTEMPATH\Boot.php(68): CodeIgniter\Boot::runCodeIgniter(Object(CodeIgniter\CodeIgniter))
11 FCPATH\index.php(59): CodeIgniter\Boot::bootWeb(Object(Config\Paths))
12 SYSTEMPATH\rewrite.php(44): require_once('E:\\Development Tools\\Xampp\\htdocs\\NToday-News\\public\\index.php')
WARNING - 2026-02-24 12:00:53 --> [DEPRECATED] strtotime(): Passing null to parameter #1 ($datetime) of type string is deprecated in APPPATH\Views\frontend\home.php on line 57.
 1 APPPATH\Views\frontend\home.php(57): strtotime(null)
 2 SYSTEMPATH\View\View.php(238): include('E:\\Development Tools\\Xampp\\htdocs\\NToday-News\\app\\Views\\frontend\\home.php')
 3 SYSTEMPATH\View\View.php(241): CodeIgniter\View\View->CodeIgniter\View\{closure}()
 4 SYSTEMPATH\Common.php(1250): CodeIgniter\View\View->render('frontend/home', [], true)
 5 APPPATH\Controllers\Home.php(23): view('frontend/home', [...])
 6 SYSTEMPATH\CodeIgniter.php(951): App\Controllers\Home->index()
 7 SYSTEMPATH\CodeIgniter.php(497): CodeIgniter\CodeIgniter->runController(Object(App\Controllers\Home))
 8 SYSTEMPATH\CodeIgniter.php(340): CodeIgniter\CodeIgniter->handleRequest(null, Object(Config\Cache), false)
 9 SYSTEMPATH\Boot.php(417): CodeIgniter\CodeIgniter->run()
10 SYSTEMPATH\Boot.php(68): CodeIgniter\Boot::runCodeIgniter(Object(CodeIgniter\CodeIgniter))
11 FCPATH\index.php(59): CodeIgniter\Boot::bootWeb(Object(Config\Paths))
12 SYSTEMPATH\rewrite.php(44): require_once('E:\\Development Tools\\Xampp\\htdocs\\NToday-News\\public\\index.php')
WARNING - 2026-02-24 12:00:53 --> [DEPRECATED] strtotime(): Passing null to parameter #1 ($datetime) of type string is deprecated in APPPATH\Views\frontend\home.php on line 57.
 1 APPPATH\Views\frontend\home.php(57): strtotime(null)
 2 SYSTEMPATH\View\View.php(238): include('E:\\Development Tools\\Xampp\\htdocs\\NToday-News\\app\\Views\\frontend\\home.php')
 3 SYSTEMPATH\View\View.php(241): CodeIgniter\View\View->CodeIgniter\View\{closure}()
 4 SYSTEMPATH\Common.php(1250): CodeIgniter\View\View->render('frontend/home', [], true)
 5 APPPATH\Controllers\Home.php(23): view('frontend/home', [...])
 6 SYSTEMPATH\CodeIgniter.php(951): App\Controllers\Home->index()
 7 SYSTEMPATH\CodeIgniter.php(497): CodeIgniter\CodeIgniter->runController(Object(App\Controllers\Home))
 8 SYSTEMPATH\CodeIgniter.php(340): CodeIgniter\CodeIgniter->handleRequest(null, Object(Config\Cache), false)
 9 SYSTEMPATH\Boot.php(417): CodeIgniter\CodeIgniter->run()
10 SYSTEMPATH\Boot.php(68): CodeIgniter\Boot::runCodeIgniter(Object(CodeIgniter\CodeIgniter))
11 FCPATH\index.php(59): CodeIgniter\Boot::bootWeb(Object(Config\Paths))
12 SYSTEMPATH\rewrite.php(44): require_once('E:\\Development Tools\\Xampp\\htdocs\\NToday-News\\public\\index.php')
WARNING - 2026-02-24 12:02:30 --> [DEPRECATED] strtotime(): Passing null to parameter #1 ($datetime) of type string is deprecated in APPPATH\Views\frontend\home.php on line 57.
 1 APPPATH\Views\frontend\home.php(57): strtotime(null)
 2 SYSTEMPATH\View\View.php(238): include('E:\\Development Tools\\Xampp\\htdocs\\NToday-News\\app\\Views\\frontend\\home.php')
 3 SYSTEMPATH\View\View.php(241): CodeIgniter\View\View->CodeIgniter\View\{closure}()
 4 SYSTEMPATH\Common.php(1250): CodeIgniter\View\View->render('frontend/home', [], true)
 5 APPPATH\Controllers\Home.php(23): view('frontend/home', [...])
 6 SYSTEMPATH\CodeIgniter.php(951): App\Controllers\Home->index()
 7 SYSTEMPATH\CodeIgniter.php(497): CodeIgniter\CodeIgniter->runController(Object(App\Controllers\Home))
 8 SYSTEMPATH\CodeIgniter.php(340): CodeIgniter\CodeIgniter->handleRequest(null, Object(Config\Cache), false)
 9 SYSTEMPATH\Boot.php(417): CodeIgniter\CodeIgniter->run()
10 SYSTEMPATH\Boot.php(68): CodeIgniter\Boot::runCodeIgniter(Object(CodeIgniter\CodeIgniter))
11 FCPATH\index.php(59): CodeIgniter\Boot::bootWeb(Object(Config\Paths))
12 SYSTEMPATH\rewrite.php(44): require_once('E:\\Development Tools\\Xampp\\htdocs\\NToday-News\\public\\index.php')
WARNING - 2026-02-24 12:02:30 --> [DEPRECATED] strtotime(): Passing null to parameter #1 ($datetime) of type string is deprecated in APPPATH\Views\frontend\home.php on line 57.
 1 APPPATH\Views\frontend\home.php(57): strtotime(null)
 2 SYSTEMPATH\View\View.php(238): include('E:\\Development Tools\\Xampp\\htdocs\\NToday-News\\app\\Views\\frontend\\home.php')
 3 SYSTEMPATH\View\View.php(241): CodeIgniter\View\View->CodeIgniter\View\{closure}()
 4 SYSTEMPATH\Common.php(1250): CodeIgniter\View\View->render('frontend/home', [], true)
 5 APPPATH\Controllers\Home.php(23): view('frontend/home', [...])
 6 SYSTEMPATH\CodeIgniter.php(951): App\Controllers\Home->index()
 7 SYSTEMPATH\CodeIgniter.php(497): CodeIgniter\CodeIgniter->runController(Object(App\Controllers\Home))
 8 SYSTEMPATH\CodeIgniter.php(340): CodeIgniter\CodeIgniter->handleRequest(null, Object(Config\Cache), false)
 9 SYSTEMPATH\Boot.php(417): CodeIgniter\CodeIgniter->run()
10 SYSTEMPATH\Boot.php(68): CodeIgniter\Boot::runCodeIgniter(Object(CodeIgniter\CodeIgniter))
11 FCPATH\index.php(59): CodeIgniter\Boot::bootWeb(Object(Config\Paths))
12 SYSTEMPATH\rewrite.php(44): require_once('E:\\Development Tools\\Xampp\\htdocs\\NToday-News\\public\\index.php')
WARNING - 2026-02-24 12:02:32 --> [DEPRECATED] strtotime(): Passing null to parameter #1 ($datetime) of type string is deprecated in APPPATH\Views\frontend\home.php on line 57.
 1 APPPATH\Views\frontend\home.php(57): strtotime(null)
 2 SYSTEMPATH\View\View.php(238): include('E:\\Development Tools\\Xampp\\htdocs\\NToday-News\\app\\Views\\frontend\\home.php')
 3 SYSTEMPATH\View\View.php(241): CodeIgniter\View\View->CodeIgniter\View\{closure}()
 4 SYSTEMPATH\Common.php(1250): CodeIgniter\View\View->render('frontend/home', [], true)
 5 APPPATH\Controllers\Home.php(23): view('frontend/home', [...])
 6 SYSTEMPATH\CodeIgniter.php(951): App\Controllers\Home->index()
 7 SYSTEMPATH\CodeIgniter.php(497): CodeIgniter\CodeIgniter->runController(Object(App\Controllers\Home))
 8 SYSTEMPATH\CodeIgniter.php(340): CodeIgniter\CodeIgniter->handleRequest(null, Object(Config\Cache), false)
 9 SYSTEMPATH\Boot.php(417): CodeIgniter\CodeIgniter->run()
10 SYSTEMPATH\Boot.php(68): CodeIgniter\Boot::runCodeIgniter(Object(CodeIgniter\CodeIgniter))
11 FCPATH\index.php(59): CodeIgniter\Boot::bootWeb(Object(Config\Paths))
12 SYSTEMPATH\rewrite.php(44): require_once('E:\\Development Tools\\Xampp\\htdocs\\NToday-News\\public\\index.php')
WARNING - 2026-02-24 12:02:32 --> [DEPRECATED] strtotime(): Passing null to parameter #1 ($datetime) of type string is deprecated in APPPATH\Views\frontend\home.php on line 57.
 1 APPPATH\Views\frontend\home.php(57): strtotime(null)
 2 SYSTEMPATH\View\View.php(238): include('E:\\Development Tools\\Xampp\\htdocs\\NToday-News\\app\\Views\\frontend\\home.php')
 3 SYSTEMPATH\View\View.php(241): CodeIgniter\View\View->CodeIgniter\View\{closure}()
 4 SYSTEMPATH\Common.php(1250): CodeIgniter\View\View->render('frontend/home', [], true)
 5 APPPATH\Controllers\Home.php(23): view('frontend/home', [...])
 6 SYSTEMPATH\CodeIgniter.php(951): App\Controllers\Home->index()
 7 SYSTEMPATH\CodeIgniter.php(497): CodeIgniter\CodeIgniter->runController(Object(App\Controllers\Home))
 8 SYSTEMPATH\CodeIgniter.php(340): CodeIgniter\CodeIgniter->handleRequest(null, Object(Config\Cache), false)
 9 SYSTEMPATH\Boot.php(417): CodeIgniter\CodeIgniter->run()
10 SYSTEMPATH\Boot.php(68): CodeIgniter\Boot::runCodeIgniter(Object(CodeIgniter\CodeIgniter))
11 FCPATH\index.php(59): CodeIgniter\Boot::bootWeb(Object(Config\Paths))
12 SYSTEMPATH\rewrite.php(44): require_once('E:\\Development Tools\\Xampp\\htdocs\\NToday-News\\public\\index.php')
WARNING - 2026-02-24 12:03:43 --> [DEPRECATED] strtotime(): Passing null to parameter #1 ($datetime) of type string is deprecated in APPPATH\Views\frontend\home.php on line 57.
 1 APPPATH\Views\frontend\home.php(57): strtotime(null)
 2 SYSTEMPATH\View\View.php(238): include('E:\\Development Tools\\Xampp\\htdocs\\NToday-News\\app\\Views\\frontend\\home.php')
 3 SYSTEMPATH\View\View.php(241): CodeIgniter\View\View->CodeIgniter\View\{closure}()
 4 SYSTEMPATH\Common.php(1250): CodeIgniter\View\View->render('frontend/home', [], true)
 5 APPPATH\Controllers\Home.php(23): view('frontend/home', [...])
 6 SYSTEMPATH\CodeIgniter.php(951): App\Controllers\Home->index()
 7 SYSTEMPATH\CodeIgniter.php(497): CodeIgniter\CodeIgniter->runController(Object(App\Controllers\Home))
 8 SYSTEMPATH\CodeIgniter.php(340): CodeIgniter\CodeIgniter->handleRequest(null, Object(Config\Cache), false)
 9 SYSTEMPATH\Boot.php(417): CodeIgniter\CodeIgniter->run()
10 SYSTEMPATH\Boot.php(68): CodeIgniter\Boot::runCodeIgniter(Object(CodeIgniter\CodeIgniter))
11 FCPATH\index.php(59): CodeIgniter\Boot::bootWeb(Object(Config\Paths))
12 SYSTEMPATH\rewrite.php(44): require_once('E:\\Development Tools\\Xampp\\htdocs\\NToday-News\\public\\index.php')
WARNING - 2026-02-24 12:03:43 --> [DEPRECATED] strtotime(): Passing null to parameter #1 ($datetime) of type string is deprecated in APPPATH\Views\frontend\home.php on line 57.
 1 APPPATH\Views\frontend\home.php(57): strtotime(null)
 2 SYSTEMPATH\View\View.php(238): include('E:\\Development Tools\\Xampp\\htdocs\\NToday-News\\app\\Views\\frontend\\home.php')
 3 SYSTEMPATH\View\View.php(241): CodeIgniter\View\View->CodeIgniter\View\{closure}()
 4 SYSTEMPATH\Common.php(1250): CodeIgniter\View\View->render('frontend/home', [], true)
 5 APPPATH\Controllers\Home.php(23): view('frontend/home', [...])
 6 SYSTEMPATH\CodeIgniter.php(951): App\Controllers\Home->index()
 7 SYSTEMPATH\CodeIgniter.php(497): CodeIgniter\CodeIgniter->runController(Object(App\Controllers\Home))
 8 SYSTEMPATH\CodeIgniter.php(340): CodeIgniter\CodeIgniter->handleRequest(null, Object(Config\Cache), false)
 9 SYSTEMPATH\Boot.php(417): CodeIgniter\CodeIgniter->run()
10 SYSTEMPATH\Boot.php(68): CodeIgniter\Boot::runCodeIgniter(Object(CodeIgniter\CodeIgniter))
11 FCPATH\index.php(59): CodeIgniter\Boot::bootWeb(Object(Config\Paths))
12 SYSTEMPATH\rewrite.php(44): require_once('E:\\Development Tools\\Xampp\\htdocs\\NToday-News\\public\\index.php')
WARNING - 2026-02-24 12:03:45 --> [DEPRECATED] strtotime(): Passing null to parameter #1 ($datetime) of type string is deprecated in APPPATH\Views\frontend\home.php on line 57.
 1 APPPATH\Views\frontend\home.php(57): strtotime(null)
 2 SYSTEMPATH\View\View.php(238): include('E:\\Development Tools\\Xampp\\htdocs\\NToday-News\\app\\Views\\frontend\\home.php')
 3 SYSTEMPATH\View\View.php(241): CodeIgniter\View\View->CodeIgniter\View\{closure}()
 4 SYSTEMPATH\Common.php(1250): CodeIgniter\View\View->render('frontend/home', [], true)
 5 APPPATH\Controllers\Home.php(23): view('frontend/home', [...])
 6 SYSTEMPATH\CodeIgniter.php(951): App\Controllers\Home->index()
 7 SYSTEMPATH\CodeIgniter.php(497): CodeIgniter\CodeIgniter->runController(Object(App\Controllers\Home))
 8 SYSTEMPATH\CodeIgniter.php(340): CodeIgniter\CodeIgniter->handleRequest(null, Object(Config\Cache), false)
 9 SYSTEMPATH\Boot.php(417): CodeIgniter\CodeIgniter->run()
10 SYSTEMPATH\Boot.php(68): CodeIgniter\Boot::runCodeIgniter(Object(CodeIgniter\CodeIgniter))
11 FCPATH\index.php(59): CodeIgniter\Boot::bootWeb(Object(Config\Paths))
12 SYSTEMPATH\rewrite.php(44): require_once('E:\\Development Tools\\Xampp\\htdocs\\NToday-News\\public\\index.php')
WARNING - 2026-02-24 12:03:45 --> [DEPRECATED] strtotime(): Passing null to parameter #1 ($datetime) of type string is deprecated in APPPATH\Views\frontend\home.php on line 57.
 1 APPPATH\Views\frontend\home.php(57): strtotime(null)
 2 SYSTEMPATH\View\View.php(238): include('E:\\Development Tools\\Xampp\\htdocs\\NToday-News\\app\\Views\\frontend\\home.php')
 3 SYSTEMPATH\View\View.php(241): CodeIgniter\View\View->CodeIgniter\View\{closure}()
 4 SYSTEMPATH\Common.php(1250): CodeIgniter\View\View->render('frontend/home', [], true)
 5 APPPATH\Controllers\Home.php(23): view('frontend/home', [...])
 6 SYSTEMPATH\CodeIgniter.php(951): App\Controllers\Home->index()
 7 SYSTEMPATH\CodeIgniter.php(497): CodeIgniter\CodeIgniter->runController(Object(App\Controllers\Home))
 8 SYSTEMPATH\CodeIgniter.php(340): CodeIgniter\CodeIgniter->handleRequest(null, Object(Config\Cache), false)
 9 SYSTEMPATH\Boot.php(417): CodeIgniter\CodeIgniter->run()
10 SYSTEMPATH\Boot.php(68): CodeIgniter\Boot::runCodeIgniter(Object(CodeIgniter\CodeIgniter))
11 FCPATH\index.php(59): CodeIgniter\Boot::bootWeb(Object(Config\Paths))
12 SYSTEMPATH\rewrite.php(44): require_once('E:\\Development Tools\\Xampp\\htdocs\\NToday-News\\public\\index.php')
WARNING - 2026-02-24 12:03:46 --> [DEPRECATED] strtotime(): Passing null to parameter #1 ($datetime) of type string is deprecated in APPPATH\Views\frontend\home.php on line 57.
 1 APPPATH\Views\frontend\home.php(57): strtotime(null)
 2 SYSTEMPATH\View\View.php(238): include('E:\\Development Tools\\Xampp\\htdocs\\NToday-News\\app\\Views\\frontend\\home.php')
 3 SYSTEMPATH\View\View.php(241): CodeIgniter\View\View->CodeIgniter\View\{closure}()
 4 SYSTEMPATH\Common.php(1250): CodeIgniter\View\View->render('frontend/home', [], true)
 5 APPPATH\Controllers\Home.php(23): view('frontend/home', [...])
 6 SYSTEMPATH\CodeIgniter.php(951): App\Controllers\Home->index()
 7 SYSTEMPATH\CodeIgniter.php(497): CodeIgniter\CodeIgniter->runController(Object(App\Controllers\Home))
 8 SYSTEMPATH\CodeIgniter.php(340): CodeIgniter\CodeIgniter->handleRequest(null, Object(Config\Cache), false)
 9 SYSTEMPATH\Boot.php(417): CodeIgniter\CodeIgniter->run()
10 SYSTEMPATH\Boot.php(68): CodeIgniter\Boot::runCodeIgniter(Object(CodeIgniter\CodeIgniter))
11 FCPATH\index.php(59): CodeIgniter\Boot::bootWeb(Object(Config\Paths))
12 SYSTEMPATH\rewrite.php(44): require_once('E:\\Development Tools\\Xampp\\htdocs\\NToday-News\\public\\index.php')
WARNING - 2026-02-24 12:03:46 --> [DEPRECATED] strtotime(): Passing null to parameter #1 ($datetime) of type string is deprecated in APPPATH\Views\frontend\home.php on line 57.
 1 APPPATH\Views\frontend\home.php(57): strtotime(null)
 2 SYSTEMPATH\View\View.php(238): include('E:\\Development Tools\\Xampp\\htdocs\\NToday-News\\app\\Views\\frontend\\home.php')
 3 SYSTEMPATH\View\View.php(241): CodeIgniter\View\View->CodeIgniter\View\{closure}()
 4 SYSTEMPATH\Common.php(1250): CodeIgniter\View\View->render('frontend/home', [], true)
 5 APPPATH\Controllers\Home.php(23): view('frontend/home', [...])
 6 SYSTEMPATH\CodeIgniter.php(951): App\Controllers\Home->index()
 7 SYSTEMPATH\CodeIgniter.php(497): CodeIgniter\CodeIgniter->runController(Object(App\Controllers\Home))
 8 SYSTEMPATH\CodeIgniter.php(340): CodeIgniter\CodeIgniter->handleRequest(null, Object(Config\Cache), false)
 9 SYSTEMPATH\Boot.php(417): CodeIgniter\CodeIgniter->run()
10 SYSTEMPATH\Boot.php(68): CodeIgniter\Boot::runCodeIgniter(Object(CodeIgniter\CodeIgniter))
11 FCPATH\index.php(59): CodeIgniter\Boot::bootWeb(Object(Config\Paths))
12 SYSTEMPATH\rewrite.php(44): require_once('E:\\Development Tools\\Xampp\\htdocs\\NToday-News\\public\\index.php')
WARNING - 2026-02-24 12:03:47 --> [DEPRECATED] strtotime(): Passing null to parameter #1 ($datetime) of type string is deprecated in APPPATH\Views\frontend\home.php on line 57.
 1 APPPATH\Views\frontend\home.php(57): strtotime(null)
 2 SYSTEMPATH\View\View.php(238): include('E:\\Development Tools\\Xampp\\htdocs\\NToday-News\\app\\Views\\frontend\\home.php')
 3 SYSTEMPATH\View\View.php(241): CodeIgniter\View\View->CodeIgniter\View\{closure}()
 4 SYSTEMPATH\Common.php(1250): CodeIgniter\View\View->render('frontend/home', [], true)
 5 APPPATH\Controllers\Home.php(23): view('frontend/home', [...])
 6 SYSTEMPATH\CodeIgniter.php(951): App\Controllers\Home->index()
 7 SYSTEMPATH\CodeIgniter.php(497): CodeIgniter\CodeIgniter->runController(Object(App\Controllers\Home))
 8 SYSTEMPATH\CodeIgniter.php(340): CodeIgniter\CodeIgniter->handleRequest(null, Object(Config\Cache), false)
 9 SYSTEMPATH\Boot.php(417): CodeIgniter\CodeIgniter->run()
10 SYSTEMPATH\Boot.php(68): CodeIgniter\Boot::runCodeIgniter(Object(CodeIgniter\CodeIgniter))
11 FCPATH\index.php(59): CodeIgniter\Boot::bootWeb(Object(Config\Paths))
12 SYSTEMPATH\rewrite.php(44): require_once('E:\\Development Tools\\Xampp\\htdocs\\NToday-News\\public\\index.php')
WARNING - 2026-02-24 12:03:47 --> [DEPRECATED] strtotime(): Passing null to parameter #1 ($datetime) of type string is deprecated in APPPATH\Views\frontend\home.php on line 57.
 1 APPPATH\Views\frontend\home.php(57): strtotime(null)
 2 SYSTEMPATH\View\View.php(238): include('E:\\Development Tools\\Xampp\\htdocs\\NToday-News\\app\\Views\\frontend\\home.php')
 3 SYSTEMPATH\View\View.php(241): CodeIgniter\View\View->CodeIgniter\View\{closure}()
 4 SYSTEMPATH\Common.php(1250): CodeIgniter\View\View->render('frontend/home', [], true)
 5 APPPATH\Controllers\Home.php(23): view('frontend/home', [...])
 6 SYSTEMPATH\CodeIgniter.php(951): App\Controllers\Home->index()
 7 SYSTEMPATH\CodeIgniter.php(497): CodeIgniter\CodeIgniter->runController(Object(App\Controllers\Home))
 8 SYSTEMPATH\CodeIgniter.php(340): CodeIgniter\CodeIgniter->handleRequest(null, Object(Config\Cache), false)
 9 SYSTEMPATH\Boot.php(417): CodeIgniter\CodeIgniter->run()
10 SYSTEMPATH\Boot.php(68): CodeIgniter\Boot::runCodeIgniter(Object(CodeIgniter\CodeIgniter))
11 FCPATH\index.php(59): CodeIgniter\Boot::bootWeb(Object(Config\Paths))
12 SYSTEMPATH\rewrite.php(44): require_once('E:\\Development Tools\\Xampp\\htdocs\\NToday-News\\public\\index.php')
WARNING - 2026-02-24 12:03:47 --> [DEPRECATED] strtotime(): Passing null to parameter #1 ($datetime) of type string is deprecated in APPPATH\Views\frontend\home.php on line 57.
 1 APPPATH\Views\frontend\home.php(57): strtotime(null)
 2 SYSTEMPATH\View\View.php(238): include('E:\\Development Tools\\Xampp\\htdocs\\NToday-News\\app\\Views\\frontend\\home.php')
 3 SYSTEMPATH\View\View.php(241): CodeIgniter\View\View->CodeIgniter\View\{closure}()
 4 SYSTEMPATH\Common.php(1250): CodeIgniter\View\View->render('frontend/home', [], true)
 5 APPPATH\Controllers\Home.php(23): view('frontend/home', [...])
 6 SYSTEMPATH\CodeIgniter.php(951): App\Controllers\Home->index()
 7 SYSTEMPATH\CodeIgniter.php(497): CodeIgniter\CodeIgniter->runController(Object(App\Controllers\Home))
 8 SYSTEMPATH\CodeIgniter.php(340): CodeIgniter\CodeIgniter->handleRequest(null, Object(Config\Cache), false)
 9 SYSTEMPATH\Boot.php(417): CodeIgniter\CodeIgniter->run()
10 SYSTEMPATH\Boot.php(68): CodeIgniter\Boot::runCodeIgniter(Object(CodeIgniter\CodeIgniter))
11 FCPATH\index.php(59): CodeIgniter\Boot::bootWeb(Object(Config\Paths))
12 SYSTEMPATH\rewrite.php(44): require_once('E:\\Development Tools\\Xampp\\htdocs\\NToday-News\\public\\index.php')
WARNING - 2026-02-24 12:03:47 --> [DEPRECATED] strtotime(): Passing null to parameter #1 ($datetime) of type string is deprecated in APPPATH\Views\frontend\home.php on line 57.
 1 APPPATH\Views\frontend\home.php(57): strtotime(null)
 2 SYSTEMPATH\View\View.php(238): include('E:\\Development Tools\\Xampp\\htdocs\\NToday-News\\app\\Views\\frontend\\home.php')
 3 SYSTEMPATH\View\View.php(241): CodeIgniter\View\View->CodeIgniter\View\{closure}()
 4 SYSTEMPATH\Common.php(1250): CodeIgniter\View\View->render('frontend/home', [], true)
 5 APPPATH\Controllers\Home.php(23): view('frontend/home', [...])
 6 SYSTEMPATH\CodeIgniter.php(951): App\Controllers\Home->index()
 7 SYSTEMPATH\CodeIgniter.php(497): CodeIgniter\CodeIgniter->runController(Object(App\Controllers\Home))
 8 SYSTEMPATH\CodeIgniter.php(340): CodeIgniter\CodeIgniter->handleRequest(null, Object(Config\Cache), false)
 9 SYSTEMPATH\Boot.php(417): CodeIgniter\CodeIgniter->run()
10 SYSTEMPATH\Boot.php(68): CodeIgniter\Boot::runCodeIgniter(Object(CodeIgniter\CodeIgniter))
11 FCPATH\index.php(59): CodeIgniter\Boot::bootWeb(Object(Config\Paths))
12 SYSTEMPATH\rewrite.php(44): require_once('E:\\Development Tools\\Xampp\\htdocs\\NToday-News\\public\\index.php')
WARNING - 2026-02-24 12:03:48 --> [DEPRECATED] strtotime(): Passing null to parameter #1 ($datetime) of type string is deprecated in APPPATH\Views\frontend\home.php on line 57.
 1 APPPATH\Views\frontend\home.php(57): strtotime(null)
 2 SYSTEMPATH\View\View.php(238): include('E:\\Development Tools\\Xampp\\htdocs\\NToday-News\\app\\Views\\frontend\\home.php')
 3 SYSTEMPATH\View\View.php(241): CodeIgniter\View\View->CodeIgniter\View\{closure}()
 4 SYSTEMPATH\Common.php(1250): CodeIgniter\View\View->render('frontend/home', [], true)
 5 APPPATH\Controllers\Home.php(23): view('frontend/home', [...])
 6 SYSTEMPATH\CodeIgniter.php(951): App\Controllers\Home->index()
 7 SYSTEMPATH\CodeIgniter.php(497): CodeIgniter\CodeIgniter->runController(Object(App\Controllers\Home))
 8 SYSTEMPATH\CodeIgniter.php(340): CodeIgniter\CodeIgniter->handleRequest(null, Object(Config\Cache), false)
 9 SYSTEMPATH\Boot.php(417): CodeIgniter\CodeIgniter->run()
10 SYSTEMPATH\Boot.php(68): CodeIgniter\Boot::runCodeIgniter(Object(CodeIgniter\CodeIgniter))
11 FCPATH\index.php(59): CodeIgniter\Boot::bootWeb(Object(Config\Paths))
12 SYSTEMPATH\rewrite.php(44): require_once('E:\\Development Tools\\Xampp\\htdocs\\NToday-News\\public\\index.php')
WARNING - 2026-02-24 12:03:48 --> [DEPRECATED] strtotime(): Passing null to parameter #1 ($datetime) of type string is deprecated in APPPATH\Views\frontend\home.php on line 57.
 1 APPPATH\Views\frontend\home.php(57): strtotime(null)
 2 SYSTEMPATH\View\View.php(238): include('E:\\Development Tools\\Xampp\\htdocs\\NToday-News\\app\\Views\\frontend\\home.php')
 3 SYSTEMPATH\View\View.php(241): CodeIgniter\View\View->CodeIgniter\View\{closure}()
 4 SYSTEMPATH\Common.php(1250): CodeIgniter\View\View->render('frontend/home', [], true)
 5 APPPATH\Controllers\Home.php(23): view('frontend/home', [...])
 6 SYSTEMPATH\CodeIgniter.php(951): App\Controllers\Home->index()
 7 SYSTEMPATH\CodeIgniter.php(497): CodeIgniter\CodeIgniter->runController(Object(App\Controllers\Home))
 8 SYSTEMPATH\CodeIgniter.php(340): CodeIgniter\CodeIgniter->handleRequest(null, Object(Config\Cache), false)
 9 SYSTEMPATH\Boot.php(417): CodeIgniter\CodeIgniter->run()
10 SYSTEMPATH\Boot.php(68): CodeIgniter\Boot::runCodeIgniter(Object(CodeIgniter\CodeIgniter))
11 FCPATH\index.php(59): CodeIgniter\Boot::bootWeb(Object(Config\Paths))
12 SYSTEMPATH\rewrite.php(44): require_once('E:\\Development Tools\\Xampp\\htdocs\\NToday-News\\public\\index.php')
WARNING - 2026-02-24 12:03:49 --> [DEPRECATED] strtotime(): Passing null to parameter #1 ($datetime) of type string is deprecated in APPPATH\Views\frontend\home.php on line 57.
 1 APPPATH\Views\frontend\home.php(57): strtotime(null)
 2 SYSTEMPATH\View\View.php(238): include('E:\\Development Tools\\Xampp\\htdocs\\NToday-News\\app\\Views\\frontend\\home.php')
 3 SYSTEMPATH\View\View.php(241): CodeIgniter\View\View->CodeIgniter\View\{closure}()
 4 SYSTEMPATH\Common.php(1250): CodeIgniter\View\View->render('frontend/home', [], true)
 5 APPPATH\Controllers\Home.php(23): view('frontend/home', [...])
 6 SYSTEMPATH\CodeIgniter.php(951): App\Controllers\Home->index()
 7 SYSTEMPATH\CodeIgniter.php(497): CodeIgniter\CodeIgniter->runController(Object(App\Controllers\Home))
 8 SYSTEMPATH\CodeIgniter.php(340): CodeIgniter\CodeIgniter->handleRequest(null, Object(Config\Cache), false)
 9 SYSTEMPATH\Boot.php(417): CodeIgniter\CodeIgniter->run()
10 SYSTEMPATH\Boot.php(68): CodeIgniter\Boot::runCodeIgniter(Object(CodeIgniter\CodeIgniter))
11 FCPATH\index.php(59): CodeIgniter\Boot::bootWeb(Object(Config\Paths))
12 SYSTEMPATH\rewrite.php(44): require_once('E:\\Development Tools\\Xampp\\htdocs\\NToday-News\\public\\index.php')
WARNING - 2026-02-24 12:03:49 --> [DEPRECATED] strtotime(): Passing null to parameter #1 ($datetime) of type string is deprecated in APPPATH\Views\frontend\home.php on line 57.
 1 APPPATH\Views\frontend\home.php(57): strtotime(null)
 2 SYSTEMPATH\View\View.php(238): include('E:\\Development Tools\\Xampp\\htdocs\\NToday-News\\app\\Views\\frontend\\home.php')
 3 SYSTEMPATH\View\View.php(241): CodeIgniter\View\View->CodeIgniter\View\{closure}()
 4 SYSTEMPATH\Common.php(1250): CodeIgniter\View\View->render('frontend/home', [], true)
 5 APPPATH\Controllers\Home.php(23): view('frontend/home', [...])
 6 SYSTEMPATH\CodeIgniter.php(951): App\Controllers\Home->index()
 7 SYSTEMPATH\CodeIgniter.php(497): CodeIgniter\CodeIgniter->runController(Object(App\Controllers\Home))
 8 SYSTEMPATH\CodeIgniter.php(340): CodeIgniter\CodeIgniter->handleRequest(null, Object(Config\Cache), false)
 9 SYSTEMPATH\Boot.php(417): CodeIgniter\CodeIgniter->run()
10 SYSTEMPATH\Boot.php(68): CodeIgniter\Boot::runCodeIgniter(Object(CodeIgniter\CodeIgniter))
11 FCPATH\index.php(59): CodeIgniter\Boot::bootWeb(Object(Config\Paths))
12 SYSTEMPATH\rewrite.php(44): require_once('E:\\Development Tools\\Xampp\\htdocs\\NToday-News\\public\\index.php')
WARNING - 2026-02-24 12:05:09 --> [DEPRECATED] strtotime(): Passing null to parameter #1 ($datetime) of type string is deprecated in APPPATH\Views\frontend\home.php on line 69.
 1 APPPATH\Views\frontend\home.php(69): strtotime(null)
 2 SYSTEMPATH\View\View.php(238): include('E:\\Development Tools\\Xampp\\htdocs\\NToday-News\\app\\Views\\frontend\\home.php')
 3 SYSTEMPATH\View\View.php(241): CodeIgniter\View\View->CodeIgniter\View\{closure}()
 4 SYSTEMPATH\Common.php(1250): CodeIgniter\View\View->render('frontend/home', [], true)
 5 APPPATH\Controllers\Home.php(23): view('frontend/home', [...])
 6 SYSTEMPATH\CodeIgniter.php(951): App\Controllers\Home->index()
 7 SYSTEMPATH\CodeIgniter.php(497): CodeIgniter\CodeIgniter->runController(Object(App\Controllers\Home))
 8 SYSTEMPATH\CodeIgniter.php(340): CodeIgniter\CodeIgniter->handleRequest(null, Object(Config\Cache), false)
 9 SYSTEMPATH\Boot.php(417): CodeIgniter\CodeIgniter->run()
10 SYSTEMPATH\Boot.php(68): CodeIgniter\Boot::runCodeIgniter(Object(CodeIgniter\CodeIgniter))
11 FCPATH\index.php(59): CodeIgniter\Boot::bootWeb(Object(Config\Paths))
12 SYSTEMPATH\rewrite.php(44): require_once('E:\\Development Tools\\Xampp\\htdocs\\NToday-News\\public\\index.php')
WARNING - 2026-02-24 12:05:09 --> [DEPRECATED] strtotime(): Passing null to parameter #1 ($datetime) of type string is deprecated in APPPATH\Views\frontend\home.php on line 69.
 1 APPPATH\Views\frontend\home.php(69): strtotime(null)
 2 SYSTEMPATH\View\View.php(238): include('E:\\Development Tools\\Xampp\\htdocs\\NToday-News\\app\\Views\\frontend\\home.php')
 3 SYSTEMPATH\View\View.php(241): CodeIgniter\View\View->CodeIgniter\View\{closure}()
 4 SYSTEMPATH\Common.php(1250): CodeIgniter\View\View->render('frontend/home', [], true)
 5 APPPATH\Controllers\Home.php(23): view('frontend/home', [...])
 6 SYSTEMPATH\CodeIgniter.php(951): App\Controllers\Home->index()
 7 SYSTEMPATH\CodeIgniter.php(497): CodeIgniter\CodeIgniter->runController(Object(App\Controllers\Home))
 8 SYSTEMPATH\CodeIgniter.php(340): CodeIgniter\CodeIgniter->handleRequest(null, Object(Config\Cache), false)
 9 SYSTEMPATH\Boot.php(417): CodeIgniter\CodeIgniter->run()
10 SYSTEMPATH\Boot.php(68): CodeIgniter\Boot::runCodeIgniter(Object(CodeIgniter\CodeIgniter))
11 FCPATH\index.php(59): CodeIgniter\Boot::bootWeb(Object(Config\Paths))
12 SYSTEMPATH\rewrite.php(44): require_once('E:\\Development Tools\\Xampp\\htdocs\\NToday-News\\public\\index.php')
WARNING - 2026-02-24 12:08:40 --> [DEPRECATED] strtotime(): Passing null to parameter #1 ($datetime) of type string is deprecated in APPPATH\Views\frontend\home.php on line 56.
 1 APPPATH\Views\frontend\home.php(56): strtotime(null)
 2 SYSTEMPATH\View\View.php(238): include('E:\\Development Tools\\Xampp\\htdocs\\NToday-News\\app\\Views\\frontend\\home.php')
 3 SYSTEMPATH\View\View.php(241): CodeIgniter\View\View->CodeIgniter\View\{closure}()
 4 SYSTEMPATH\Common.php(1250): CodeIgniter\View\View->render('frontend/home', [], true)
 5 APPPATH\Controllers\Home.php(23): view('frontend/home', [...])
 6 SYSTEMPATH\CodeIgniter.php(951): App\Controllers\Home->index()
 7 SYSTEMPATH\CodeIgniter.php(497): CodeIgniter\CodeIgniter->runController(Object(App\Controllers\Home))
 8 SYSTEMPATH\CodeIgniter.php(340): CodeIgniter\CodeIgniter->handleRequest(null, Object(Config\Cache), false)
 9 SYSTEMPATH\Boot.php(417): CodeIgniter\CodeIgniter->run()
10 SYSTEMPATH\Boot.php(68): CodeIgniter\Boot::runCodeIgniter(Object(CodeIgniter\CodeIgniter))
11 FCPATH\index.php(59): CodeIgniter\Boot::bootWeb(Object(Config\Paths))
12 SYSTEMPATH\rewrite.php(44): require_once('E:\\Development Tools\\Xampp\\htdocs\\NToday-News\\public\\index.php')
WARNING - 2026-02-24 12:08:40 --> [DEPRECATED] strtotime(): Passing null to parameter #1 ($datetime) of type string is deprecated in APPPATH\Views\frontend\home.php on line 56.
 1 APPPATH\Views\frontend\home.php(56): strtotime(null)
 2 SYSTEMPATH\View\View.php(238): include('E:\\Development Tools\\Xampp\\htdocs\\NToday-News\\app\\Views\\frontend\\home.php')
 3 SYSTEMPATH\View\View.php(241): CodeIgniter\View\View->CodeIgniter\View\{closure}()
 4 SYSTEMPATH\Common.php(1250): CodeIgniter\View\View->render('frontend/home', [], true)
 5 APPPATH\Controllers\Home.php(23): view('frontend/home', [...])
 6 SYSTEMPATH\CodeIgniter.php(951): App\Controllers\Home->index()
 7 SYSTEMPATH\CodeIgniter.php(497): CodeIgniter\CodeIgniter->runController(Object(App\Controllers\Home))
 8 SYSTEMPATH\CodeIgniter.php(340): CodeIgniter\CodeIgniter->handleRequest(null, Object(Config\Cache), false)
 9 SYSTEMPATH\Boot.php(417): CodeIgniter\CodeIgniter->run()
10 SYSTEMPATH\Boot.php(68): CodeIgniter\Boot::runCodeIgniter(Object(CodeIgniter\CodeIgniter))
11 FCPATH\index.php(59): CodeIgniter\Boot::bootWeb(Object(Config\Paths))
12 SYSTEMPATH\rewrite.php(44): require_once('E:\\Development Tools\\Xampp\\htdocs\\NToday-News\\public\\index.php')
WARNING - 2026-02-24 12:09:29 --> [DEPRECATED] strtotime(): Passing null to parameter #1 ($datetime) of type string is deprecated in APPPATH\Views\frontend\home.php on line 56.
 1 APPPATH\Views\frontend\home.php(56): strtotime(null)
 2 SYSTEMPATH\View\View.php(238): include('E:\\Development Tools\\Xampp\\htdocs\\NToday-News\\app\\Views\\frontend\\home.php')
 3 SYSTEMPATH\View\View.php(241): CodeIgniter\View\View->CodeIgniter\View\{closure}()
 4 SYSTEMPATH\Common.php(1250): CodeIgniter\View\View->render('frontend/home', [], true)
 5 APPPATH\Controllers\Home.php(23): view('frontend/home', [...])
 6 SYSTEMPATH\CodeIgniter.php(951): App\Controllers\Home->index()
 7 SYSTEMPATH\CodeIgniter.php(497): CodeIgniter\CodeIgniter->runController(Object(App\Controllers\Home))
 8 SYSTEMPATH\CodeIgniter.php(340): CodeIgniter\CodeIgniter->handleRequest(null, Object(Config\Cache), false)
 9 SYSTEMPATH\Boot.php(417): CodeIgniter\CodeIgniter->run()
10 SYSTEMPATH\Boot.php(68): CodeIgniter\Boot::runCodeIgniter(Object(CodeIgniter\CodeIgniter))
11 FCPATH\index.php(59): CodeIgniter\Boot::bootWeb(Object(Config\Paths))
12 SYSTEMPATH\rewrite.php(44): require_once('E:\\Development Tools\\Xampp\\htdocs\\NToday-News\\public\\index.php')
WARNING - 2026-02-24 12:09:29 --> [DEPRECATED] strtotime(): Passing null to parameter #1 ($datetime) of type string is deprecated in APPPATH\Views\frontend\home.php on line 56.
 1 APPPATH\Views\frontend\home.php(56): strtotime(null)
 2 SYSTEMPATH\View\View.php(238): include('E:\\Development Tools\\Xampp\\htdocs\\NToday-News\\app\\Views\\frontend\\home.php')
 3 SYSTEMPATH\View\View.php(241): CodeIgniter\View\View->CodeIgniter\View\{closure}()
 4 SYSTEMPATH\Common.php(1250): CodeIgniter\View\View->render('frontend/home', [], true)
 5 APPPATH\Controllers\Home.php(23): view('frontend/home', [...])
 6 SYSTEMPATH\CodeIgniter.php(951): App\Controllers\Home->index()
 7 SYSTEMPATH\CodeIgniter.php(497): CodeIgniter\CodeIgniter->runController(Object(App\Controllers\Home))
 8 SYSTEMPATH\CodeIgniter.php(340): CodeIgniter\CodeIgniter->handleRequest(null, Object(Config\Cache), false)
 9 SYSTEMPATH\Boot.php(417): CodeIgniter\CodeIgniter->run()
10 SYSTEMPATH\Boot.php(68): CodeIgniter\Boot::runCodeIgniter(Object(CodeIgniter\CodeIgniter))
11 FCPATH\index.php(59): CodeIgniter\Boot::bootWeb(Object(Config\Paths))
12 SYSTEMPATH\rewrite.php(44): require_once('E:\\Development Tools\\Xampp\\htdocs\\NToday-News\\public\\index.php')
WARNING - 2026-02-24 12:10:51 --> [DEPRECATED] strtotime(): Passing null to parameter #1 ($datetime) of type string is deprecated in APPPATH\Views\frontend\home.php on line 56.
 1 APPPATH\Views\frontend\home.php(56): strtotime(null)
 2 SYSTEMPATH\View\View.php(238): include('E:\\Development Tools\\Xampp\\htdocs\\NToday-News\\app\\Views\\frontend\\home.php')
 3 SYSTEMPATH\View\View.php(241): CodeIgniter\View\View->CodeIgniter\View\{closure}()
 4 SYSTEMPATH\Common.php(1250): CodeIgniter\View\View->render('frontend/home', [], true)
 5 APPPATH\Controllers\Home.php(23): view('frontend/home', [...])
 6 SYSTEMPATH\CodeIgniter.php(951): App\Controllers\Home->index()
 7 SYSTEMPATH\CodeIgniter.php(497): CodeIgniter\CodeIgniter->runController(Object(App\Controllers\Home))
 8 SYSTEMPATH\CodeIgniter.php(340): CodeIgniter\CodeIgniter->handleRequest(null, Object(Config\Cache), false)
 9 SYSTEMPATH\Boot.php(417): CodeIgniter\CodeIgniter->run()
10 SYSTEMPATH\Boot.php(68): CodeIgniter\Boot::runCodeIgniter(Object(CodeIgniter\CodeIgniter))
11 FCPATH\index.php(59): CodeIgniter\Boot::bootWeb(Object(Config\Paths))
12 SYSTEMPATH\rewrite.php(44): require_once('E:\\Development Tools\\Xampp\\htdocs\\NToday-News\\public\\index.php')
WARNING - 2026-02-24 12:10:51 --> [DEPRECATED] strtotime(): Passing null to parameter #1 ($datetime) of type string is deprecated in APPPATH\Views\frontend\home.php on line 56.
 1 APPPATH\Views\frontend\home.php(56): strtotime(null)
 2 SYSTEMPATH\View\View.php(238): include('E:\\Development Tools\\Xampp\\htdocs\\NToday-News\\app\\Views\\frontend\\home.php')
 3 SYSTEMPATH\View\View.php(241): CodeIgniter\View\View->CodeIgniter\View\{closure}()
 4 SYSTEMPATH\Common.php(1250): CodeIgniter\View\View->render('frontend/home', [], true)
 5 APPPATH\Controllers\Home.php(23): view('frontend/home', [...])
 6 SYSTEMPATH\CodeIgniter.php(951): App\Controllers\Home->index()
 7 SYSTEMPATH\CodeIgniter.php(497): CodeIgniter\CodeIgniter->runController(Object(App\Controllers\Home))
 8 SYSTEMPATH\CodeIgniter.php(340): CodeIgniter\CodeIgniter->handleRequest(null, Object(Config\Cache), false)
 9 SYSTEMPATH\Boot.php(417): CodeIgniter\CodeIgniter->run()
10 SYSTEMPATH\Boot.php(68): CodeIgniter\Boot::runCodeIgniter(Object(CodeIgniter\CodeIgniter))
11 FCPATH\index.php(59): CodeIgniter\Boot::bootWeb(Object(Config\Paths))
12 SYSTEMPATH\rewrite.php(44): require_once('E:\\Development Tools\\Xampp\\htdocs\\NToday-News\\public\\index.php')
WARNING - 2026-02-24 12:11:08 --> [DEPRECATED] strtotime(): Passing null to parameter #1 ($datetime) of type string is deprecated in APPPATH\Views\frontend\home.php on line 56.
 1 APPPATH\Views\frontend\home.php(56): strtotime(null)
 2 SYSTEMPATH\View\View.php(238): include('E:\\Development Tools\\Xampp\\htdocs\\NToday-News\\app\\Views\\frontend\\home.php')
 3 SYSTEMPATH\View\View.php(241): CodeIgniter\View\View->CodeIgniter\View\{closure}()
 4 SYSTEMPATH\Common.php(1250): CodeIgniter\View\View->render('frontend/home', [], true)
 5 APPPATH\Controllers\Home.php(23): view('frontend/home', [...])
 6 SYSTEMPATH\CodeIgniter.php(951): App\Controllers\Home->index()
 7 SYSTEMPATH\CodeIgniter.php(497): CodeIgniter\CodeIgniter->runController(Object(App\Controllers\Home))
 8 SYSTEMPATH\CodeIgniter.php(340): CodeIgniter\CodeIgniter->handleRequest(null, Object(Config\Cache), false)
 9 SYSTEMPATH\Boot.php(417): CodeIgniter\CodeIgniter->run()
10 SYSTEMPATH\Boot.php(68): CodeIgniter\Boot::runCodeIgniter(Object(CodeIgniter\CodeIgniter))
11 FCPATH\index.php(59): CodeIgniter\Boot::bootWeb(Object(Config\Paths))
12 SYSTEMPATH\rewrite.php(44): require_once('E:\\Development Tools\\Xampp\\htdocs\\NToday-News\\public\\index.php')
WARNING - 2026-02-24 12:11:08 --> [DEPRECATED] strtotime(): Passing null to parameter #1 ($datetime) of type string is deprecated in APPPATH\Views\frontend\home.php on line 56.
 1 APPPATH\Views\frontend\home.php(56): strtotime(null)
 2 SYSTEMPATH\View\View.php(238): include('E:\\Development Tools\\Xampp\\htdocs\\NToday-News\\app\\Views\\frontend\\home.php')
 3 SYSTEMPATH\View\View.php(241): CodeIgniter\View\View->CodeIgniter\View\{closure}()
 4 SYSTEMPATH\Common.php(1250): CodeIgniter\View\View->render('frontend/home', [], true)
 5 APPPATH\Controllers\Home.php(23): view('frontend/home', [...])
 6 SYSTEMPATH\CodeIgniter.php(951): App\Controllers\Home->index()
 7 SYSTEMPATH\CodeIgniter.php(497): CodeIgniter\CodeIgniter->runController(Object(App\Controllers\Home))
 8 SYSTEMPATH\CodeIgniter.php(340): CodeIgniter\CodeIgniter->handleRequest(null, Object(Config\Cache), false)
 9 SYSTEMPATH\Boot.php(417): CodeIgniter\CodeIgniter->run()
10 SYSTEMPATH\Boot.php(68): CodeIgniter\Boot::runCodeIgniter(Object(CodeIgniter\CodeIgniter))
11 FCPATH\index.php(59): CodeIgniter\Boot::bootWeb(Object(Config\Paths))
12 SYSTEMPATH\rewrite.php(44): require_once('E:\\Development Tools\\Xampp\\htdocs\\NToday-News\\public\\index.php')
WARNING - 2026-02-24 12:16:34 --> [DEPRECATED] strtotime(): Passing null to parameter #1 ($datetime) of type string is deprecated in APPPATH\Views\frontend\home.php on line 56.
 1 APPPATH\Views\frontend\home.php(56): strtotime(null)
 2 SYSTEMPATH\View\View.php(238): include('E:\\Development Tools\\Xampp\\htdocs\\NToday-News\\app\\Views\\frontend\\home.php')
 3 SYSTEMPATH\View\View.php(241): CodeIgniter\View\View->CodeIgniter\View\{closure}()
 4 SYSTEMPATH\Common.php(1250): CodeIgniter\View\View->render('frontend/home', [], true)
 5 APPPATH\Controllers\Home.php(23): view('frontend/home', [...])
 6 SYSTEMPATH\CodeIgniter.php(951): App\Controllers\Home->index()
 7 SYSTEMPATH\CodeIgniter.php(497): CodeIgniter\CodeIgniter->runController(Object(App\Controllers\Home))
 8 SYSTEMPATH\CodeIgniter.php(340): CodeIgniter\CodeIgniter->handleRequest(null, Object(Config\Cache), false)
 9 SYSTEMPATH\Boot.php(417): CodeIgniter\CodeIgniter->run()
10 SYSTEMPATH\Boot.php(68): CodeIgniter\Boot::runCodeIgniter(Object(CodeIgniter\CodeIgniter))
11 FCPATH\index.php(59): CodeIgniter\Boot::bootWeb(Object(Config\Paths))
12 SYSTEMPATH\rewrite.php(44): require_once('E:\\Development Tools\\Xampp\\htdocs\\NToday-News\\public\\index.php')
WARNING - 2026-02-24 12:16:34 --> [DEPRECATED] strtotime(): Passing null to parameter #1 ($datetime) of type string is deprecated in APPPATH\Views\frontend\home.php on line 56.
 1 APPPATH\Views\frontend\home.php(56): strtotime(null)
 2 SYSTEMPATH\View\View.php(238): include('E:\\Development Tools\\Xampp\\htdocs\\NToday-News\\app\\Views\\frontend\\home.php')
 3 SYSTEMPATH\View\View.php(241): CodeIgniter\View\View->CodeIgniter\View\{closure}()
 4 SYSTEMPATH\Common.php(1250): CodeIgniter\View\View->render('frontend/home', [], true)
 5 APPPATH\Controllers\Home.php(23): view('frontend/home', [...])
 6 SYSTEMPATH\CodeIgniter.php(951): App\Controllers\Home->index()
 7 SYSTEMPATH\CodeIgniter.php(497): CodeIgniter\CodeIgniter->runController(Object(App\Controllers\Home))
 8 SYSTEMPATH\CodeIgniter.php(340): CodeIgniter\CodeIgniter->handleRequest(null, Object(Config\Cache), false)
 9 SYSTEMPATH\Boot.php(417): CodeIgniter\CodeIgniter->run()
10 SYSTEMPATH\Boot.php(68): CodeIgniter\Boot::runCodeIgniter(Object(CodeIgniter\CodeIgniter))
11 FCPATH\index.php(59): CodeIgniter\Boot::bootWeb(Object(Config\Paths))
12 SYSTEMPATH\rewrite.php(44): require_once('E:\\Development Tools\\Xampp\\htdocs\\NToday-News\\public\\index.php')
CRITICAL - 2026-02-24 12:22:04 --> CodeIgniter\HTTP\Exceptions\BadRequestException: The URI you submitted has disallowed characters: "తెలంగాణలో-భారీ-వర్షాలు-రెడ్-అలర్ట్-జారీ-చేసిన-ఐఎండీ-imd"
[Method: GET, Route: news/%E0%B0%A4%E0%B1%86%E0%B0%B2%E0%B0%82%E0%B0%97%E0%B0%BE%E0%B0%A3%E0%B0%B2%E0%B1%8B-%E0%B0%AD%E0%B0%BE%E0%B0%B0%E0%B1%80-%E0%B0%B5%E0%B0%B0%E0%B1%8D%E0%B0%B7%E0%B0%BE%E0%B0%B2%E0%B1%81-%E0%B0%B0%E0%B1%86%E0%B0%A1%E0%B1%8D-%E0%B0%85%E0%B0%B2%E0%B0%B0%E0%B1%8D%E0%B0%9F%E0%B1%8D-%E0%B0%9C%E0%B0%BE%E0%B0%B0%E0%B1%80-%E0%B0%9A%E0%B1%87%E0%B0%B8%E0%B0%BF%E0%B0%A8-%E0%B0%90%E0%B0%8E%E0%B0%82%E0%B0%A1%E0%B1%80-imd]
in SYSTEMPATH\Router\Router.php on line 768.
 1 SYSTEMPATH\Router\Router.php(219): CodeIgniter\Router\Router->checkDisallowedChars('news/తెలంగాణలో-భారీ-వర్షాలు-రెడ్-అలర్ట్-జారీ-చేసిన-ఐఎండీ-imd')
 2 SYSTEMPATH\CodeIgniter.php(829): CodeIgniter\Router\Router->handle('news/తెలంగాణలో-భారీ-వర్షాలు-రెడ్-అలర్ట్-జారీ-చేసిన-ఐఎండీ-imd')
 3 SYSTEMPATH\CodeIgniter.php(441): CodeIgniter\CodeIgniter->tryToRouteIt(Object(CodeIgniter\Router\RouteCollection))
 4 SYSTEMPATH\CodeIgniter.php(340): CodeIgniter\CodeIgniter->handleRequest(null, Object(Config\Cache), false)
 5 SYSTEMPATH\Boot.php(417): CodeIgniter\CodeIgniter->run()
 6 SYSTEMPATH\Boot.php(68): CodeIgniter\Boot::runCodeIgniter(Object(CodeIgniter\CodeIgniter))
 7 FCPATH\index.php(59): CodeIgniter\Boot::bootWeb(Object(Config\Paths))
 8 SYSTEMPATH\rewrite.php(44): require_once('E:\\Development Tools\\Xampp\\htdocs\\NToday-News\\public\\index.php')
CRITICAL - 2026-02-24 12:22:47 --> CodeIgniter\HTTP\Exceptions\BadRequestException: The URI you submitted has disallowed characters: "తెలంగాణలో-భారీ-వర్షాలు-రెడ్-అలర్ట్-జారీ-చేసిన-ఐఎండీ-imd"
[Method: GET, Route: news/%E0%B0%A4%E0%B1%86%E0%B0%B2%E0%B0%82%E0%B0%97%E0%B0%BE%E0%B0%A3%E0%B0%B2%E0%B1%8B-%E0%B0%AD%E0%B0%BE%E0%B0%B0%E0%B1%80-%E0%B0%B5%E0%B0%B0%E0%B1%8D%E0%B0%B7%E0%B0%BE%E0%B0%B2%E0%B1%81-%E0%B0%B0%E0%B1%86%E0%B0%A1%E0%B1%8D-%E0%B0%85%E0%B0%B2%E0%B0%B0%E0%B1%8D%E0%B0%9F%E0%B1%8D-%E0%B0%9C%E0%B0%BE%E0%B0%B0%E0%B1%80-%E0%B0%9A%E0%B1%87%E0%B0%B8%E0%B0%BF%E0%B0%A8-%E0%B0%90%E0%B0%8E%E0%B0%82%E0%B0%A1%E0%B1%80-imd]
in SYSTEMPATH\Router\Router.php on line 768.
 1 SYSTEMPATH\Router\Router.php(219): CodeIgniter\Router\Router->checkDisallowedChars('news/తెలంగాణలో-భారీ-వర్షాలు-రెడ్-అలర్ట్-జారీ-చేసిన-ఐఎండీ-imd')
 2 SYSTEMPATH\CodeIgniter.php(829): CodeIgniter\Router\Router->handle('news/తెలంగాణలో-భారీ-వర్షాలు-రెడ్-అలర్ట్-జారీ-చేసిన-ఐఎండీ-imd')
 3 SYSTEMPATH\CodeIgniter.php(441): CodeIgniter\CodeIgniter->tryToRouteIt(Object(CodeIgniter\Router\RouteCollection))
 4 SYSTEMPATH\CodeIgniter.php(340): CodeIgniter\CodeIgniter->handleRequest(null, Object(Config\Cache), false)
 5 SYSTEMPATH\Boot.php(417): CodeIgniter\CodeIgniter->run()
 6 SYSTEMPATH\Boot.php(68): CodeIgniter\Boot::runCodeIgniter(Object(CodeIgniter\CodeIgniter))
 7 FCPATH\index.php(59): CodeIgniter\Boot::bootWeb(Object(Config\Paths))
 8 SYSTEMPATH\rewrite.php(44): require_once('E:\\Development Tools\\Xampp\\htdocs\\NToday-News\\public\\index.php')
CRITICAL - 2026-02-24 12:22:49 --> CodeIgniter\HTTP\Exceptions\BadRequestException: The URI you submitted has disallowed characters: "తెలంగాణలో-భారీ-వర్షాలు-రెడ్-అలర్ట్-జారీ-చేసిన-ఐఎండీ-imd"
[Method: GET, Route: news/%E0%B0%A4%E0%B1%86%E0%B0%B2%E0%B0%82%E0%B0%97%E0%B0%BE%E0%B0%A3%E0%B0%B2%E0%B1%8B-%E0%B0%AD%E0%B0%BE%E0%B0%B0%E0%B1%80-%E0%B0%B5%E0%B0%B0%E0%B1%8D%E0%B0%B7%E0%B0%BE%E0%B0%B2%E0%B1%81-%E0%B0%B0%E0%B1%86%E0%B0%A1%E0%B1%8D-%E0%B0%85%E0%B0%B2%E0%B0%B0%E0%B1%8D%E0%B0%9F%E0%B1%8D-%E0%B0%9C%E0%B0%BE%E0%B0%B0%E0%B1%80-%E0%B0%9A%E0%B1%87%E0%B0%B8%E0%B0%BF%E0%B0%A8-%E0%B0%90%E0%B0%8E%E0%B0%82%E0%B0%A1%E0%B1%80-imd]
in SYSTEMPATH\Router\Router.php on line 768.
 1 SYSTEMPATH\Router\Router.php(219): CodeIgniter\Router\Router->checkDisallowedChars('news/తెలంగాణలో-భారీ-వర్షాలు-రెడ్-అలర్ట్-జారీ-చేసిన-ఐఎండీ-imd')
 2 SYSTEMPATH\CodeIgniter.php(829): CodeIgniter\Router\Router->handle('news/తెలంగాణలో-భారీ-వర్షాలు-రెడ్-అలర్ట్-జారీ-చేసిన-ఐఎండీ-imd')
 3 SYSTEMPATH\CodeIgniter.php(441): CodeIgniter\CodeIgniter->tryToRouteIt(Object(CodeIgniter\Router\RouteCollection))
 4 SYSTEMPATH\CodeIgniter.php(340): CodeIgniter\CodeIgniter->handleRequest(null, Object(Config\Cache), false)
 5 SYSTEMPATH\Boot.php(417): CodeIgniter\CodeIgniter->run()
 6 SYSTEMPATH\Boot.php(68): CodeIgniter\Boot::runCodeIgniter(Object(CodeIgniter\CodeIgniter))
 7 FCPATH\index.php(59): CodeIgniter\Boot::bootWeb(Object(Config\Paths))
 8 SYSTEMPATH\rewrite.php(44): require_once('E:\\Development Tools\\Xampp\\htdocs\\NToday-News\\public\\index.php')
WARNING - 2026-02-24 12:23:00 --> [DEPRECATED] strtotime(): Passing null to parameter #1 ($datetime) of type string is deprecated in APPPATH\Views\frontend\home.php on line 56.
 1 APPPATH\Views\frontend\home.php(56): strtotime(null)
 2 SYSTEMPATH\View\View.php(238): include('E:\\Development Tools\\Xampp\\htdocs\\NToday-News\\app\\Views\\frontend\\home.php')
 3 SYSTEMPATH\View\View.php(241): CodeIgniter\View\View->CodeIgniter\View\{closure}()
 4 SYSTEMPATH\Common.php(1250): CodeIgniter\View\View->render('frontend/home', [], true)
 5 APPPATH\Controllers\Home.php(23): view('frontend/home', [...])
 6 SYSTEMPATH\CodeIgniter.php(951): App\Controllers\Home->index()
 7 SYSTEMPATH\CodeIgniter.php(497): CodeIgniter\CodeIgniter->runController(Object(App\Controllers\Home))
 8 SYSTEMPATH\CodeIgniter.php(340): CodeIgniter\CodeIgniter->handleRequest(null, Object(Config\Cache), false)
 9 SYSTEMPATH\Boot.php(417): CodeIgniter\CodeIgniter->run()
10 SYSTEMPATH\Boot.php(68): CodeIgniter\Boot::runCodeIgniter(Object(CodeIgniter\CodeIgniter))
11 FCPATH\index.php(59): CodeIgniter\Boot::bootWeb(Object(Config\Paths))
12 SYSTEMPATH\rewrite.php(44): require_once('E:\\Development Tools\\Xampp\\htdocs\\NToday-News\\public\\index.php')
WARNING - 2026-02-24 12:23:00 --> [DEPRECATED] strtotime(): Passing null to parameter #1 ($datetime) of type string is deprecated in APPPATH\Views\frontend\home.php on line 56.
 1 APPPATH\Views\frontend\home.php(56): strtotime(null)
 2 SYSTEMPATH\View\View.php(238): include('E:\\Development Tools\\Xampp\\htdocs\\NToday-News\\app\\Views\\frontend\\home.php')
 3 SYSTEMPATH\View\View.php(241): CodeIgniter\View\View->CodeIgniter\View\{closure}()
 4 SYSTEMPATH\Common.php(1250): CodeIgniter\View\View->render('frontend/home', [], true)
 5 APPPATH\Controllers\Home.php(23): view('frontend/home', [...])
 6 SYSTEMPATH\CodeIgniter.php(951): App\Controllers\Home->index()
 7 SYSTEMPATH\CodeIgniter.php(497): CodeIgniter\CodeIgniter->runController(Object(App\Controllers\Home))
 8 SYSTEMPATH\CodeIgniter.php(340): CodeIgniter\CodeIgniter->handleRequest(null, Object(Config\Cache), false)
 9 SYSTEMPATH\Boot.php(417): CodeIgniter\CodeIgniter->run()
10 SYSTEMPATH\Boot.php(68): CodeIgniter\Boot::runCodeIgniter(Object(CodeIgniter\CodeIgniter))
11 FCPATH\index.php(59): CodeIgniter\Boot::bootWeb(Object(Config\Paths))
12 SYSTEMPATH\rewrite.php(44): require_once('E:\\Development Tools\\Xampp\\htdocs\\NToday-News\\public\\index.php')
WARNING - 2026-02-24 12:23:10 --> [DEPRECATED] strtotime(): Passing null to parameter #1 ($datetime) of type string is deprecated in APPPATH\Views\frontend\single_news.php on line 52.
 1 APPPATH\Views\frontend\single_news.php(52): strtotime(null)
 2 SYSTEMPATH\View\View.php(238): include('E:\\Development Tools\\Xampp\\htdocs\\NToday-News\\app\\Views\\frontend\\single_news.php')
 3 SYSTEMPATH\View\View.php(241): CodeIgniter\View\View->CodeIgniter\View\{closure}()
 4 SYSTEMPATH\Common.php(1250): CodeIgniter\View\View->render('frontend/single_news', [], true)
 5 APPPATH\Controllers\Home.php(36): view('frontend/single_news', [...])
 6 SYSTEMPATH\CodeIgniter.php(951): App\Controllers\Home->view('shakhira-sing-song')
 7 SYSTEMPATH\CodeIgniter.php(497): CodeIgniter\CodeIgniter->runController(Object(App\Controllers\Home))
 8 SYSTEMPATH\CodeIgniter.php(340): CodeIgniter\CodeIgniter->handleRequest(null, Object(Config\Cache), false)
 9 SYSTEMPATH\Boot.php(417): CodeIgniter\CodeIgniter->run()
10 SYSTEMPATH\Boot.php(68): CodeIgniter\Boot::runCodeIgniter(Object(CodeIgniter\CodeIgniter))
11 FCPATH\index.php(59): CodeIgniter\Boot::bootWeb(Object(Config\Paths))
12 SYSTEMPATH\rewrite.php(44): require_once('E:\\Development Tools\\Xampp\\htdocs\\NToday-News\\public\\index.php')
WARNING - 2026-02-24 12:24:37 --> [DEPRECATED] strtotime(): Passing null to parameter #1 ($datetime) of type string is deprecated in APPPATH\Views\frontend\single_news.php on line 52.
 1 APPPATH\Views\frontend\single_news.php(52): strtotime(null)
 2 SYSTEMPATH\View\View.php(238): include('E:\\Development Tools\\Xampp\\htdocs\\NToday-News\\app\\Views\\frontend\\single_news.php')
 3 SYSTEMPATH\View\View.php(241): CodeIgniter\View\View->CodeIgniter\View\{closure}()
 4 SYSTEMPATH\Common.php(1250): CodeIgniter\View\View->render('frontend/single_news', [], true)
 5 APPPATH\Controllers\Home.php(36): view('frontend/single_news', [...])
 6 SYSTEMPATH\CodeIgniter.php(951): App\Controllers\Home->view('shakhira-sing-song')
 7 SYSTEMPATH\CodeIgniter.php(497): CodeIgniter\CodeIgniter->runController(Object(App\Controllers\Home))
 8 SYSTEMPATH\CodeIgniter.php(340): CodeIgniter\CodeIgniter->handleRequest(null, Object(Config\Cache), false)
 9 SYSTEMPATH\Boot.php(417): CodeIgniter\CodeIgniter->run()
10 SYSTEMPATH\Boot.php(68): CodeIgniter\Boot::runCodeIgniter(Object(CodeIgniter\CodeIgniter))
11 FCPATH\index.php(59): CodeIgniter\Boot::bootWeb(Object(Config\Paths))
12 SYSTEMPATH\rewrite.php(44): require_once('E:\\Development Tools\\Xampp\\htdocs\\NToday-News\\public\\index.php')
WARNING - 2026-02-24 12:31:34 --> [DEPRECATED] strtotime(): Passing null to parameter #1 ($datetime) of type string is deprecated in APPPATH\Views\frontend\single_news.php on line 70.
 1 APPPATH\Views\frontend\single_news.php(70): strtotime(null)
 2 SYSTEMPATH\View\View.php(238): include('E:\\Development Tools\\Xampp\\htdocs\\NToday-News\\app\\Views\\frontend\\single_news.php')
 3 SYSTEMPATH\View\View.php(241): CodeIgniter\View\View->CodeIgniter\View\{closure}()
 4 SYSTEMPATH\Common.php(1250): CodeIgniter\View\View->render('frontend/single_news', [], true)
 5 APPPATH\Controllers\Home.php(36): view('frontend/single_news', [...])
 6 SYSTEMPATH\CodeIgniter.php(951): App\Controllers\Home->view('shakhira-sing-song')
 7 SYSTEMPATH\CodeIgniter.php(497): CodeIgniter\CodeIgniter->runController(Object(App\Controllers\Home))
 8 SYSTEMPATH\CodeIgniter.php(340): CodeIgniter\CodeIgniter->handleRequest(null, Object(Config\Cache), false)
 9 SYSTEMPATH\Boot.php(417): CodeIgniter\CodeIgniter->run()
10 SYSTEMPATH\Boot.php(68): CodeIgniter\Boot::runCodeIgniter(Object(CodeIgniter\CodeIgniter))
11 FCPATH\index.php(59): CodeIgniter\Boot::bootWeb(Object(Config\Paths))
12 SYSTEMPATH\rewrite.php(44): require_once('E:\\Development Tools\\Xampp\\htdocs\\NToday-News\\public\\index.php')
WARNING - 2026-02-24 12:32:50 --> [DEPRECATED] strtotime(): Passing null to parameter #1 ($datetime) of type string is deprecated in APPPATH\Views\frontend\single_news.php on line 69.
 1 APPPATH\Views\frontend\single_news.php(69): strtotime(null)
 2 SYSTEMPATH\View\View.php(238): include('E:\\Development Tools\\Xampp\\htdocs\\NToday-News\\app\\Views\\frontend\\single_news.php')
 3 SYSTEMPATH\View\View.php(241): CodeIgniter\View\View->CodeIgniter\View\{closure}()
 4 SYSTEMPATH\Common.php(1250): CodeIgniter\View\View->render('frontend/single_news', [], true)
 5 APPPATH\Controllers\Home.php(36): view('frontend/single_news', [...])
 6 SYSTEMPATH\CodeIgniter.php(951): App\Controllers\Home->view('shakhira-sing-song')
 7 SYSTEMPATH\CodeIgniter.php(497): CodeIgniter\CodeIgniter->runController(Object(App\Controllers\Home))
 8 SYSTEMPATH\CodeIgniter.php(340): CodeIgniter\CodeIgniter->handleRequest(null, Object(Config\Cache), false)
 9 SYSTEMPATH\Boot.php(417): CodeIgniter\CodeIgniter->run()
10 SYSTEMPATH\Boot.php(68): CodeIgniter\Boot::runCodeIgniter(Object(CodeIgniter\CodeIgniter))
11 FCPATH\index.php(59): CodeIgniter\Boot::bootWeb(Object(Config\Paths))
12 SYSTEMPATH\rewrite.php(44): require_once('E:\\Development Tools\\Xampp\\htdocs\\NToday-News\\public\\index.php')
WARNING - 2026-02-24 12:32:51 --> [DEPRECATED] strtotime(): Passing null to parameter #1 ($datetime) of type string is deprecated in APPPATH\Views\frontend\single_news.php on line 69.
 1 APPPATH\Views\frontend\single_news.php(69): strtotime(null)
 2 SYSTEMPATH\View\View.php(238): include('E:\\Development Tools\\Xampp\\htdocs\\NToday-News\\app\\Views\\frontend\\single_news.php')
 3 SYSTEMPATH\View\View.php(241): CodeIgniter\View\View->CodeIgniter\View\{closure}()
 4 SYSTEMPATH\Common.php(1250): CodeIgniter\View\View->render('frontend/single_news', [], true)
 5 APPPATH\Controllers\Home.php(36): view('frontend/single_news', [...])
 6 SYSTEMPATH\CodeIgniter.php(951): App\Controllers\Home->view('shakhira-sing-song')
 7 SYSTEMPATH\CodeIgniter.php(497): CodeIgniter\CodeIgniter->runController(Object(App\Controllers\Home))
 8 SYSTEMPATH\CodeIgniter.php(340): CodeIgniter\CodeIgniter->handleRequest(null, Object(Config\Cache), false)
 9 SYSTEMPATH\Boot.php(417): CodeIgniter\CodeIgniter->run()
10 SYSTEMPATH\Boot.php(68): CodeIgniter\Boot::runCodeIgniter(Object(CodeIgniter\CodeIgniter))
11 FCPATH\index.php(59): CodeIgniter\Boot::bootWeb(Object(Config\Paths))
12 SYSTEMPATH\rewrite.php(44): require_once('E:\\Development Tools\\Xampp\\htdocs\\NToday-News\\public\\index.php')
WARNING - 2026-02-24 12:32:53 --> [DEPRECATED] strtotime(): Passing null to parameter #1 ($datetime) of type string is deprecated in APPPATH\Views\frontend\single_news.php on line 69.
 1 APPPATH\Views\frontend\single_news.php(69): strtotime(null)
 2 SYSTEMPATH\View\View.php(238): include('E:\\Development Tools\\Xampp\\htdocs\\NToday-News\\app\\Views\\frontend\\single_news.php')
 3 SYSTEMPATH\View\View.php(241): CodeIgniter\View\View->CodeIgniter\View\{closure}()
 4 SYSTEMPATH\Common.php(1250): CodeIgniter\View\View->render('frontend/single_news', [], true)
 5 APPPATH\Controllers\Home.php(36): view('frontend/single_news', [...])
 6 SYSTEMPATH\CodeIgniter.php(951): App\Controllers\Home->view('shakhira-sing-song')
 7 SYSTEMPATH\CodeIgniter.php(497): CodeIgniter\CodeIgniter->runController(Object(App\Controllers\Home))
 8 SYSTEMPATH\CodeIgniter.php(340): CodeIgniter\CodeIgniter->handleRequest(null, Object(Config\Cache), false)
 9 SYSTEMPATH\Boot.php(417): CodeIgniter\CodeIgniter->run()
10 SYSTEMPATH\Boot.php(68): CodeIgniter\Boot::runCodeIgniter(Object(CodeIgniter\CodeIgniter))
11 FCPATH\index.php(59): CodeIgniter\Boot::bootWeb(Object(Config\Paths))
12 SYSTEMPATH\rewrite.php(44): require_once('E:\\Development Tools\\Xampp\\htdocs\\NToday-News\\public\\index.php')
WARNING - 2026-02-24 12:32:57 --> [DEPRECATED] strtotime(): Passing null to parameter #1 ($datetime) of type string is deprecated in APPPATH\Views\frontend\single_news.php on line 69.
 1 APPPATH\Views\frontend\single_news.php(69): strtotime(null)
 2 SYSTEMPATH\View\View.php(238): include('E:\\Development Tools\\Xampp\\htdocs\\NToday-News\\app\\Views\\frontend\\single_news.php')
 3 SYSTEMPATH\View\View.php(241): CodeIgniter\View\View->CodeIgniter\View\{closure}()
 4 SYSTEMPATH\Common.php(1250): CodeIgniter\View\View->render('frontend/single_news', [], true)
 5 APPPATH\Controllers\Home.php(36): view('frontend/single_news', [...])
 6 SYSTEMPATH\CodeIgniter.php(951): App\Controllers\Home->view('shakhira-sing-song')
 7 SYSTEMPATH\CodeIgniter.php(497): CodeIgniter\CodeIgniter->runController(Object(App\Controllers\Home))
 8 SYSTEMPATH\CodeIgniter.php(340): CodeIgniter\CodeIgniter->handleRequest(null, Object(Config\Cache), false)
 9 SYSTEMPATH\Boot.php(417): CodeIgniter\CodeIgniter->run()
10 SYSTEMPATH\Boot.php(68): CodeIgniter\Boot::runCodeIgniter(Object(CodeIgniter\CodeIgniter))
11 FCPATH\index.php(59): CodeIgniter\Boot::bootWeb(Object(Config\Paths))
12 SYSTEMPATH\rewrite.php(44): require_once('E:\\Development Tools\\Xampp\\htdocs\\NToday-News\\public\\index.php')
WARNING - 2026-02-24 12:32:59 --> [DEPRECATED] strtotime(): Passing null to parameter #1 ($datetime) of type string is deprecated in APPPATH\Views\frontend\single_news.php on line 69.
 1 APPPATH\Views\frontend\single_news.php(69): strtotime(null)
 2 SYSTEMPATH\View\View.php(238): include('E:\\Development Tools\\Xampp\\htdocs\\NToday-News\\app\\Views\\frontend\\single_news.php')
 3 SYSTEMPATH\View\View.php(241): CodeIgniter\View\View->CodeIgniter\View\{closure}()
 4 SYSTEMPATH\Common.php(1250): CodeIgniter\View\View->render('frontend/single_news', [], true)
 5 APPPATH\Controllers\Home.php(36): view('frontend/single_news', [...])
 6 SYSTEMPATH\CodeIgniter.php(951): App\Controllers\Home->view('shakhira-sing-song')
 7 SYSTEMPATH\CodeIgniter.php(497): CodeIgniter\CodeIgniter->runController(Object(App\Controllers\Home))
 8 SYSTEMPATH\CodeIgniter.php(340): CodeIgniter\CodeIgniter->handleRequest(null, Object(Config\Cache), false)
 9 SYSTEMPATH\Boot.php(417): CodeIgniter\CodeIgniter->run()
10 SYSTEMPATH\Boot.php(68): CodeIgniter\Boot::runCodeIgniter(Object(CodeIgniter\CodeIgniter))
11 FCPATH\index.php(59): CodeIgniter\Boot::bootWeb(Object(Config\Paths))
12 SYSTEMPATH\rewrite.php(44): require_once('E:\\Development Tools\\Xampp\\htdocs\\NToday-News\\public\\index.php')
WARNING - 2026-02-24 12:33:26 --> [DEPRECATED] strtotime(): Passing null to parameter #1 ($datetime) of type string is deprecated in APPPATH\Views\frontend\single_news.php on line 69.
 1 APPPATH\Views\frontend\single_news.php(69): strtotime(null)
 2 SYSTEMPATH\View\View.php(238): include('E:\\Development Tools\\Xampp\\htdocs\\NToday-News\\app\\Views\\frontend\\single_news.php')
 3 SYSTEMPATH\View\View.php(241): CodeIgniter\View\View->CodeIgniter\View\{closure}()
 4 SYSTEMPATH\Common.php(1250): CodeIgniter\View\View->render('frontend/single_news', [], true)
 5 APPPATH\Controllers\Home.php(36): view('frontend/single_news', [...])
 6 SYSTEMPATH\CodeIgniter.php(951): App\Controllers\Home->view('shakhira-sing-song')
 7 SYSTEMPATH\CodeIgniter.php(497): CodeIgniter\CodeIgniter->runController(Object(App\Controllers\Home))
 8 SYSTEMPATH\CodeIgniter.php(340): CodeIgniter\CodeIgniter->handleRequest(null, Object(Config\Cache), false)
 9 SYSTEMPATH\Boot.php(417): CodeIgniter\CodeIgniter->run()
10 SYSTEMPATH\Boot.php(68): CodeIgniter\Boot::runCodeIgniter(Object(CodeIgniter\CodeIgniter))
11 FCPATH\index.php(59): CodeIgniter\Boot::bootWeb(Object(Config\Paths))
12 SYSTEMPATH\rewrite.php(44): require_once('E:\\Development Tools\\Xampp\\htdocs\\NToday-News\\public\\index.php')
WARNING - 2026-02-24 12:33:29 --> [DEPRECATED] strtotime(): Passing null to parameter #1 ($datetime) of type string is deprecated in APPPATH\Views\frontend\single_news.php on line 69.
 1 APPPATH\Views\frontend\single_news.php(69): strtotime(null)
 2 SYSTEMPATH\View\View.php(238): include('E:\\Development Tools\\Xampp\\htdocs\\NToday-News\\app\\Views\\frontend\\single_news.php')
 3 SYSTEMPATH\View\View.php(241): CodeIgniter\View\View->CodeIgniter\View\{closure}()
 4 SYSTEMPATH\Common.php(1250): CodeIgniter\View\View->render('frontend/single_news', [], true)
 5 APPPATH\Controllers\Home.php(36): view('frontend/single_news', [...])
 6 SYSTEMPATH\CodeIgniter.php(951): App\Controllers\Home->view('shakhira-sing-song')
 7 SYSTEMPATH\CodeIgniter.php(497): CodeIgniter\CodeIgniter->runController(Object(App\Controllers\Home))
 8 SYSTEMPATH\CodeIgniter.php(340): CodeIgniter\CodeIgniter->handleRequest(null, Object(Config\Cache), false)
 9 SYSTEMPATH\Boot.php(417): CodeIgniter\CodeIgniter->run()
10 SYSTEMPATH\Boot.php(68): CodeIgniter\Boot::runCodeIgniter(Object(CodeIgniter\CodeIgniter))
11 FCPATH\index.php(59): CodeIgniter\Boot::bootWeb(Object(Config\Paths))
12 SYSTEMPATH\rewrite.php(44): require_once('E:\\Development Tools\\Xampp\\htdocs\\NToday-News\\public\\index.php')
WARNING - 2026-02-24 12:34:11 --> [DEPRECATED] strtotime(): Passing null to parameter #1 ($datetime) of type string is deprecated in APPPATH\Views\frontend\home.php on line 56.
 1 APPPATH\Views\frontend\home.php(56): strtotime(null)
 2 SYSTEMPATH\View\View.php(238): include('E:\\Development Tools\\Xampp\\htdocs\\NToday-News\\app\\Views\\frontend\\home.php')
 3 SYSTEMPATH\View\View.php(241): CodeIgniter\View\View->CodeIgniter\View\{closure}()
 4 SYSTEMPATH\Common.php(1250): CodeIgniter\View\View->render('frontend/home', [], true)
 5 APPPATH\Controllers\Home.php(23): view('frontend/home', [...])
 6 SYSTEMPATH\CodeIgniter.php(951): App\Controllers\Home->index()
 7 SYSTEMPATH\CodeIgniter.php(497): CodeIgniter\CodeIgniter->runController(Object(App\Controllers\Home))
 8 SYSTEMPATH\CodeIgniter.php(340): CodeIgniter\CodeIgniter->handleRequest(null, Object(Config\Cache), false)
 9 SYSTEMPATH\Boot.php(417): CodeIgniter\CodeIgniter->run()
10 SYSTEMPATH\Boot.php(68): CodeIgniter\Boot::runCodeIgniter(Object(CodeIgniter\CodeIgniter))
11 FCPATH\index.php(59): CodeIgniter\Boot::bootWeb(Object(Config\Paths))
12 SYSTEMPATH\rewrite.php(44): require_once('E:\\Development Tools\\Xampp\\htdocs\\NToday-News\\public\\index.php')
WARNING - 2026-02-24 12:34:11 --> [DEPRECATED] strtotime(): Passing null to parameter #1 ($datetime) of type string is deprecated in APPPATH\Views\frontend\home.php on line 56.
 1 APPPATH\Views\frontend\home.php(56): strtotime(null)
 2 SYSTEMPATH\View\View.php(238): include('E:\\Development Tools\\Xampp\\htdocs\\NToday-News\\app\\Views\\frontend\\home.php')
 3 SYSTEMPATH\View\View.php(241): CodeIgniter\View\View->CodeIgniter\View\{closure}()
 4 SYSTEMPATH\Common.php(1250): CodeIgniter\View\View->render('frontend/home', [], true)
 5 APPPATH\Controllers\Home.php(23): view('frontend/home', [...])
 6 SYSTEMPATH\CodeIgniter.php(951): App\Controllers\Home->index()
 7 SYSTEMPATH\CodeIgniter.php(497): CodeIgniter\CodeIgniter->runController(Object(App\Controllers\Home))
 8 SYSTEMPATH\CodeIgniter.php(340): CodeIgniter\CodeIgniter->handleRequest(null, Object(Config\Cache), false)
 9 SYSTEMPATH\Boot.php(417): CodeIgniter\CodeIgniter->run()
10 SYSTEMPATH\Boot.php(68): CodeIgniter\Boot::runCodeIgniter(Object(CodeIgniter\CodeIgniter))
11 FCPATH\index.php(59): CodeIgniter\Boot::bootWeb(Object(Config\Paths))
12 SYSTEMPATH\rewrite.php(44): require_once('E:\\Development Tools\\Xampp\\htdocs\\NToday-News\\public\\index.php')
WARNING - 2026-02-24 13:14:38 --> [DEPRECATED] strtotime(): Passing null to parameter #1 ($datetime) of type string is deprecated in APPPATH\Views\frontend\home.php on line 56.
 1 APPPATH\Views\frontend\home.php(56): strtotime(null)
 2 SYSTEMPATH\View\View.php(238): include('E:\\Development Tools\\Xampp\\htdocs\\NToday-News\\app\\Views\\frontend\\home.php')
 3 SYSTEMPATH\View\View.php(241): CodeIgniter\View\View->CodeIgniter\View\{closure}()
 4 SYSTEMPATH\Common.php(1250): CodeIgniter\View\View->render('frontend/home', [], true)
 5 APPPATH\Controllers\Home.php(23): view('frontend/home', [...])
 6 SYSTEMPATH\CodeIgniter.php(951): App\Controllers\Home->index()
 7 SYSTEMPATH\CodeIgniter.php(497): CodeIgniter\CodeIgniter->runController(Object(App\Controllers\Home))
 8 SYSTEMPATH\CodeIgniter.php(340): CodeIgniter\CodeIgniter->handleRequest(null, Object(Config\Cache), false)
 9 SYSTEMPATH\Boot.php(417): CodeIgniter\CodeIgniter->run()
10 SYSTEMPATH\Boot.php(68): CodeIgniter\Boot::runCodeIgniter(Object(CodeIgniter\CodeIgniter))
11 FCPATH\index.php(59): CodeIgniter\Boot::bootWeb(Object(Config\Paths))
12 SYSTEMPATH\rewrite.php(44): require_once('E:\\Development Tools\\Xampp\\htdocs\\NToday-News\\public\\index.php')
WARNING - 2026-02-24 13:14:38 --> [DEPRECATED] strtotime(): Passing null to parameter #1 ($datetime) of type string is deprecated in APPPATH\Views\frontend\home.php on line 56.
 1 APPPATH\Views\frontend\home.php(56): strtotime(null)
 2 SYSTEMPATH\View\View.php(238): include('E:\\Development Tools\\Xampp\\htdocs\\NToday-News\\app\\Views\\frontend\\home.php')
 3 SYSTEMPATH\View\View.php(241): CodeIgniter\View\View->CodeIgniter\View\{closure}()
 4 SYSTEMPATH\Common.php(1250): CodeIgniter\View\View->render('frontend/home', [], true)
 5 APPPATH\Controllers\Home.php(23): view('frontend/home', [...])
 6 SYSTEMPATH\CodeIgniter.php(951): App\Controllers\Home->index()
 7 SYSTEMPATH\CodeIgniter.php(497): CodeIgniter\CodeIgniter->runController(Object(App\Controllers\Home))
 8 SYSTEMPATH\CodeIgniter.php(340): CodeIgniter\CodeIgniter->handleRequest(null, Object(Config\Cache), false)
 9 SYSTEMPATH\Boot.php(417): CodeIgniter\CodeIgniter->run()
10 SYSTEMPATH\Boot.php(68): CodeIgniter\Boot::runCodeIgniter(Object(CodeIgniter\CodeIgniter))
11 FCPATH\index.php(59): CodeIgniter\Boot::bootWeb(Object(Config\Paths))
12 SYSTEMPATH\rewrite.php(44): require_once('E:\\Development Tools\\Xampp\\htdocs\\NToday-News\\public\\index.php')
WARNING - 2026-02-24 13:14:40 --> [DEPRECATED] strtotime(): Passing null to parameter #1 ($datetime) of type string is deprecated in APPPATH\Views\frontend\home.php on line 56.
 1 APPPATH\Views\frontend\home.php(56): strtotime(null)
 2 SYSTEMPATH\View\View.php(238): include('E:\\Development Tools\\Xampp\\htdocs\\NToday-News\\app\\Views\\frontend\\home.php')
 3 SYSTEMPATH\View\View.php(241): CodeIgniter\View\View->CodeIgniter\View\{closure}()
 4 SYSTEMPATH\Common.php(1250): CodeIgniter\View\View->render('frontend/home', [], true)
 5 APPPATH\Controllers\Home.php(23): view('frontend/home', [...])
 6 SYSTEMPATH\CodeIgniter.php(951): App\Controllers\Home->index()
 7 SYSTEMPATH\CodeIgniter.php(497): CodeIgniter\CodeIgniter->runController(Object(App\Controllers\Home))
 8 SYSTEMPATH\CodeIgniter.php(340): CodeIgniter\CodeIgniter->handleRequest(null, Object(Config\Cache), false)
 9 SYSTEMPATH\Boot.php(417): CodeIgniter\CodeIgniter->run()
10 SYSTEMPATH\Boot.php(68): CodeIgniter\Boot::runCodeIgniter(Object(CodeIgniter\CodeIgniter))
11 FCPATH\index.php(59): CodeIgniter\Boot::bootWeb(Object(Config\Paths))
12 SYSTEMPATH\rewrite.php(44): require_once('E:\\Development Tools\\Xampp\\htdocs\\NToday-News\\public\\index.php')
WARNING - 2026-02-24 13:14:40 --> [DEPRECATED] strtotime(): Passing null to parameter #1 ($datetime) of type string is deprecated in APPPATH\Views\frontend\home.php on line 56.
 1 APPPATH\Views\frontend\home.php(56): strtotime(null)
 2 SYSTEMPATH\View\View.php(238): include('E:\\Development Tools\\Xampp\\htdocs\\NToday-News\\app\\Views\\frontend\\home.php')
 3 SYSTEMPATH\View\View.php(241): CodeIgniter\View\View->CodeIgniter\View\{closure}()
 4 SYSTEMPATH\Common.php(1250): CodeIgniter\View\View->render('frontend/home', [], true)
 5 APPPATH\Controllers\Home.php(23): view('frontend/home', [...])
 6 SYSTEMPATH\CodeIgniter.php(951): App\Controllers\Home->index()
 7 SYSTEMPATH\CodeIgniter.php(497): CodeIgniter\CodeIgniter->runController(Object(App\Controllers\Home))
 8 SYSTEMPATH\CodeIgniter.php(340): CodeIgniter\CodeIgniter->handleRequest(null, Object(Config\Cache), false)
 9 SYSTEMPATH\Boot.php(417): CodeIgniter\CodeIgniter->run()
10 SYSTEMPATH\Boot.php(68): CodeIgniter\Boot::runCodeIgniter(Object(CodeIgniter\CodeIgniter))
11 FCPATH\index.php(59): CodeIgniter\Boot::bootWeb(Object(Config\Paths))
12 SYSTEMPATH\rewrite.php(44): require_once('E:\\Development Tools\\Xampp\\htdocs\\NToday-News\\public\\index.php')
WARNING - 2026-02-24 13:16:00 --> [DEPRECATED] strtotime(): Passing null to parameter #1 ($datetime) of type string is deprecated in APPPATH\Views\frontend\home.php on line 56.
 1 APPPATH\Views\frontend\home.php(56): strtotime(null)
 2 SYSTEMPATH\View\View.php(238): include('E:\\Development Tools\\Xampp\\htdocs\\NToday-News\\app\\Views\\frontend\\home.php')
 3 SYSTEMPATH\View\View.php(241): CodeIgniter\View\View->CodeIgniter\View\{closure}()
 4 SYSTEMPATH\Common.php(1250): CodeIgniter\View\View->render('frontend/home', [], true)
 5 APPPATH\Controllers\Home.php(23): view('frontend/home', [...])
 6 SYSTEMPATH\CodeIgniter.php(951): App\Controllers\Home->index()
 7 SYSTEMPATH\CodeIgniter.php(497): CodeIgniter\CodeIgniter->runController(Object(App\Controllers\Home))
 8 SYSTEMPATH\CodeIgniter.php(340): CodeIgniter\CodeIgniter->handleRequest(null, Object(Config\Cache), false)
 9 SYSTEMPATH\Boot.php(417): CodeIgniter\CodeIgniter->run()
10 SYSTEMPATH\Boot.php(68): CodeIgniter\Boot::runCodeIgniter(Object(CodeIgniter\CodeIgniter))
11 FCPATH\index.php(59): CodeIgniter\Boot::bootWeb(Object(Config\Paths))
12 SYSTEMPATH\rewrite.php(44): require_once('E:\\Development Tools\\Xampp\\htdocs\\NToday-News\\public\\index.php')
WARNING - 2026-02-24 13:16:00 --> [DEPRECATED] strtotime(): Passing null to parameter #1 ($datetime) of type string is deprecated in APPPATH\Views\frontend\home.php on line 56.
 1 APPPATH\Views\frontend\home.php(56): strtotime(null)
 2 SYSTEMPATH\View\View.php(238): include('E:\\Development Tools\\Xampp\\htdocs\\NToday-News\\app\\Views\\frontend\\home.php')
 3 SYSTEMPATH\View\View.php(241): CodeIgniter\View\View->CodeIgniter\View\{closure}()
 4 SYSTEMPATH\Common.php(1250): CodeIgniter\View\View->render('frontend/home', [], true)
 5 APPPATH\Controllers\Home.php(23): view('frontend/home', [...])
 6 SYSTEMPATH\CodeIgniter.php(951): App\Controllers\Home->index()
 7 SYSTEMPATH\CodeIgniter.php(497): CodeIgniter\CodeIgniter->runController(Object(App\Controllers\Home))
 8 SYSTEMPATH\CodeIgniter.php(340): CodeIgniter\CodeIgniter->handleRequest(null, Object(Config\Cache), false)
 9 SYSTEMPATH\Boot.php(417): CodeIgniter\CodeIgniter->run()
10 SYSTEMPATH\Boot.php(68): CodeIgniter\Boot::runCodeIgniter(Object(CodeIgniter\CodeIgniter))
11 FCPATH\index.php(59): CodeIgniter\Boot::bootWeb(Object(Config\Paths))
12 SYSTEMPATH\rewrite.php(44): require_once('E:\\Development Tools\\Xampp\\htdocs\\NToday-News\\public\\index.php')
CRITICAL - 2026-02-24 13:24:24 --> CodeIgniter\HTTP\Exceptions\BadRequestException: The URI you submitted has disallowed characters: "పునఃప్రతిష్టా ప్రథమ వార్షికోత్సవం"
[Method: GET, Route: news/%E0%B0%AA%E0%B1%81%E0%B0%A8%E0%B0%83%E0%B0%AA%E0%B1%8D%E0%B0%B0%E0%B0%A4%E0%B0%BF%E0%B0%B7%E0%B1%8D%E0%B0%9F%E0%B0%BE%20%E0%B0%AA%E0%B1%8D%E0%B0%B0%E0%B0%A5%E0%B0%AE%20%E0%B0%B5%E0%B0%BE%E0%B0%B0%E0%B1%8D%E0%B0%B7%E0%B0%BF%E0%B0%95%E0%B1%8B%E0%B0%A4%E0%B1%8D%E0%B0%B8%E0%B0%B5%E0%B0%82]
in SYSTEMPATH\Router\Router.php on line 768.
 1 SYSTEMPATH\Router\Router.php(219): CodeIgniter\Router\Router->checkDisallowedChars('news/పునఃప్రతిష్టా ప్రథమ వార్షికోత్సవం')
 2 SYSTEMPATH\CodeIgniter.php(829): CodeIgniter\Router\Router->handle('news/పునఃప్రతిష్టా ప్రథమ వార్షికోత్సవం')
 3 SYSTEMPATH\CodeIgniter.php(441): CodeIgniter\CodeIgniter->tryToRouteIt(Object(CodeIgniter\Router\RouteCollection))
 4 SYSTEMPATH\CodeIgniter.php(340): CodeIgniter\CodeIgniter->handleRequest(null, Object(Config\Cache), false)
 5 SYSTEMPATH\Boot.php(417): CodeIgniter\CodeIgniter->run()
 6 SYSTEMPATH\Boot.php(68): CodeIgniter\Boot::runCodeIgniter(Object(CodeIgniter\CodeIgniter))
 7 FCPATH\index.php(59): CodeIgniter\Boot::bootWeb(Object(Config\Paths))
 8 SYSTEMPATH\rewrite.php(44): require_once('E:\\Development Tools\\Xampp\\htdocs\\NToday-News\\public\\index.php')
CRITICAL - 2026-02-24 13:24:28 --> CodeIgniter\HTTP\Exceptions\BadRequestException: The URI you submitted has disallowed characters: "భ్రమరాంబాదేవికి కొబ్బరికాయల సమర్పణ"
[Method: GET, Route: news/%E0%B0%AD%E0%B1%8D%E0%B0%B0%E0%B0%AE%E0%B0%B0%E0%B0%BE%E0%B0%82%E0%B0%AC%E0%B0%BE%E0%B0%A6%E0%B1%87%E0%B0%B5%E0%B0%BF%E0%B0%95%E0%B0%BF%20%E0%B0%95%E0%B1%8A%E0%B0%AC%E0%B1%8D%E0%B0%AC%E0%B0%B0%E0%B0%BF%E0%B0%95%E0%B0%BE%E0%B0%AF%E0%B0%B2%20%E0%B0%B8%E0%B0%AE%E0%B0%B0%E0%B1%8D%E0%B0%AA%E0%B0%A3]
in SYSTEMPATH\Router\Router.php on line 768.
 1 SYSTEMPATH\Router\Router.php(219): CodeIgniter\Router\Router->checkDisallowedChars('news/భ్రమరాంబాదేవికి కొబ్బరికాయల సమర్పణ')
 2 SYSTEMPATH\CodeIgniter.php(829): CodeIgniter\Router\Router->handle('news/భ్రమరాంబాదేవికి కొబ్బరికాయల సమర్పణ')
 3 SYSTEMPATH\CodeIgniter.php(441): CodeIgniter\CodeIgniter->tryToRouteIt(Object(CodeIgniter\Router\RouteCollection))
 4 SYSTEMPATH\CodeIgniter.php(340): CodeIgniter\CodeIgniter->handleRequest(null, Object(Config\Cache), false)
 5 SYSTEMPATH\Boot.php(417): CodeIgniter\CodeIgniter->run()
 6 SYSTEMPATH\Boot.php(68): CodeIgniter\Boot::runCodeIgniter(Object(CodeIgniter\CodeIgniter))
 7 FCPATH\index.php(59): CodeIgniter\Boot::bootWeb(Object(Config\Paths))
 8 SYSTEMPATH\rewrite.php(44): require_once('E:\\Development Tools\\Xampp\\htdocs\\NToday-News\\public\\index.php')
CRITICAL - 2026-02-24 13:30:18 --> CodeIgniter\HTTP\Exceptions\BadRequestException: The URI you submitted has disallowed characters: "రిజిస్ట్రేషన్ 100% పూర్తి చేయాలి"
[Method: GET, Route: news/%E0%B0%B0%E0%B0%BF%E0%B0%9C%E0%B0%BF%E0%B0%B8%E0%B1%8D%E0%B0%9F%E0%B1%8D%E0%B0%B0%E0%B1%87%E0%B0%B7%E0%B0%A8%E0%B1%8D%20100%25%20%E0%B0%AA%E0%B1%82%E0%B0%B0%E0%B1%8D%E0%B0%A4%E0%B0%BF%20%E0%B0%9A%E0%B1%87%E0%B0%AF%E0%B0%BE%E0%B0%B2%E0%B0%BF]
in SYSTEMPATH\Router\Router.php on line 768.
 1 SYSTEMPATH\Router\Router.php(219): CodeIgniter\Router\Router->checkDisallowedChars('news/రిజిస్ట్రేషన్ 100% పూర్తి చేయాలి')
 2 SYSTEMPATH\CodeIgniter.php(829): CodeIgniter\Router\Router->handle('news/రిజిస్ట్రేషన్ 100% పూర్తి చేయాలి')
 3 SYSTEMPATH\CodeIgniter.php(441): CodeIgniter\CodeIgniter->tryToRouteIt(Object(CodeIgniter\Router\RouteCollection))
 4 SYSTEMPATH\CodeIgniter.php(340): CodeIgniter\CodeIgniter->handleRequest(null, Object(Config\Cache), false)
 5 SYSTEMPATH\Boot.php(417): CodeIgniter\CodeIgniter->run()
 6 SYSTEMPATH\Boot.php(68): CodeIgniter\Boot::runCodeIgniter(Object(CodeIgniter\CodeIgniter))
 7 FCPATH\index.php(59): CodeIgniter\Boot::bootWeb(Object(Config\Paths))
 8 SYSTEMPATH\rewrite.php(44): require_once('E:\\Development Tools\\Xampp\\htdocs\\NToday-News\\public\\index.php')
CRITICAL - 2026-02-24 13:30:49 --> CodeIgniter\HTTP\Exceptions\BadRequestException: The URI you submitted has disallowed characters: "రిజిస్ట్రేషన్ 100% పూర్తి చేయాలి"
[Method: GET, Route: news/%E0%B0%B0%E0%B0%BF%E0%B0%9C%E0%B0%BF%E0%B0%B8%E0%B1%8D%E0%B0%9F%E0%B1%8D%E0%B0%B0%E0%B1%87%E0%B0%B7%E0%B0%A8%E0%B1%8D%20100%25%20%E0%B0%AA%E0%B1%82%E0%B0%B0%E0%B1%8D%E0%B0%A4%E0%B0%BF%20%E0%B0%9A%E0%B1%87%E0%B0%AF%E0%B0%BE%E0%B0%B2%E0%B0%BF]
in SYSTEMPATH\Router\Router.php on line 768.
 1 SYSTEMPATH\Router\Router.php(219): CodeIgniter\Router\Router->checkDisallowedChars('news/రిజిస్ట్రేషన్ 100% పూర్తి చేయాలి')
 2 SYSTEMPATH\CodeIgniter.php(829): CodeIgniter\Router\Router->handle('news/రిజిస్ట్రేషన్ 100% పూర్తి చేయాలి')
 3 SYSTEMPATH\CodeIgniter.php(441): CodeIgniter\CodeIgniter->tryToRouteIt(Object(CodeIgniter\Router\RouteCollection))
 4 SYSTEMPATH\CodeIgniter.php(340): CodeIgniter\CodeIgniter->handleRequest(null, Object(Config\Cache), false)
 5 SYSTEMPATH\Boot.php(417): CodeIgniter\CodeIgniter->run()
 6 SYSTEMPATH\Boot.php(68): CodeIgniter\Boot::runCodeIgniter(Object(CodeIgniter\CodeIgniter))
 7 FCPATH\index.php(59): CodeIgniter\Boot::bootWeb(Object(Config\Paths))
 8 SYSTEMPATH\rewrite.php(44): require_once('E:\\Development Tools\\Xampp\\htdocs\\NToday-News\\public\\index.php')
CRITICAL - 2026-02-24 13:46:19 --> ErrorException: Undefined variable $latest_news
[Method: GET, Route: news/re-inaugurate-first-aniversary]
in APPPATH\Views\frontend\single_news.php on line 192.
 1 APPPATH\Views\frontend\single_news.php(192): CodeIgniter\Debug\Exceptions->errorHandler(2, 'Undefined variable $latest_news', 'E:\\Development Tools\\Xampp\\htdocs\\NToday-News\\app\\Views\\frontend\\single_news.php', 192)
 2 SYSTEMPATH\View\View.php(238): include('E:\\Development Tools\\Xampp\\htdocs\\NToday-News\\app\\Views\\frontend\\single_news.php')
 3 SYSTEMPATH\View\View.php(241): CodeIgniter\View\View->CodeIgniter\View\{closure}()
 4 SYSTEMPATH\Common.php(1250): CodeIgniter\View\View->render('frontend/single_news', [], true)
 5 APPPATH\Controllers\Home.php(36): view('frontend/single_news', [...])
 6 SYSTEMPATH\CodeIgniter.php(951): App\Controllers\Home->view('re-inaugurate-first-aniversary')
 7 SYSTEMPATH\CodeIgniter.php(497): CodeIgniter\CodeIgniter->runController(Object(App\Controllers\Home))
 8 SYSTEMPATH\CodeIgniter.php(340): CodeIgniter\CodeIgniter->handleRequest(null, Object(Config\Cache), false)
 9 SYSTEMPATH\Boot.php(417): CodeIgniter\CodeIgniter->run()
10 SYSTEMPATH\Boot.php(68): CodeIgniter\Boot::runCodeIgniter(Object(CodeIgniter\CodeIgniter))
11 FCPATH\index.php(59): CodeIgniter\Boot::bootWeb(Object(Config\Paths))
12 SYSTEMPATH\rewrite.php(44): require_once('E:\\Development Tools\\Xampp\\htdocs\\NToday-News\\public\\index.php')
CRITICAL - 2026-02-24 13:51:21 --> TypeError: array_slice(): Argument #1 ($array) must be of type array, string given
[Method: GET, Route: news/re-inaugurate-first-aniversary]
in APPPATH\Views\frontend\single_news.php on line 198.
 1 APPPATH\Views\frontend\single_news.php(198): array_slice('NToday News', 0, 10)
 2 SYSTEMPATH\View\View.php(238): include('E:\\Development Tools\\Xampp\\htdocs\\NToday-News\\app\\Views\\frontend\\single_news.php')
 3 SYSTEMPATH\View\View.php(241): CodeIgniter\View\View->CodeIgniter\View\{closure}()
 4 SYSTEMPATH\Common.php(1250): CodeIgniter\View\View->render('frontend/single_news', [], true)
 5 APPPATH\Controllers\Home.php(36): view('frontend/single_news', [...])
 6 SYSTEMPATH\CodeIgniter.php(951): App\Controllers\Home->view('re-inaugurate-first-aniversary')
 7 SYSTEMPATH\CodeIgniter.php(497): CodeIgniter\CodeIgniter->runController(Object(App\Controllers\Home))
 8 SYSTEMPATH\CodeIgniter.php(340): CodeIgniter\CodeIgniter->handleRequest(null, Object(Config\Cache), false)
 9 SYSTEMPATH\Boot.php(417): CodeIgniter\CodeIgniter->run()
10 SYSTEMPATH\Boot.php(68): CodeIgniter\Boot::runCodeIgniter(Object(CodeIgniter\CodeIgniter))
11 FCPATH\index.php(59): CodeIgniter\Boot::bootWeb(Object(Config\Paths))
12 SYSTEMPATH\rewrite.php(44): require_once('E:\\Development Tools\\Xampp\\htdocs\\NToday-News\\public\\index.php')
CRITICAL - 2026-02-24 13:51:23 --> TypeError: array_slice(): Argument #1 ($array) must be of type array, string given
[Method: GET, Route: news/re-inaugurate-first-aniversary]
in APPPATH\Views\frontend\single_news.php on line 198.
 1 APPPATH\Views\frontend\single_news.php(198): array_slice('NToday News', 0, 10)
 2 SYSTEMPATH\View\View.php(238): include('E:\\Development Tools\\Xampp\\htdocs\\NToday-News\\app\\Views\\frontend\\single_news.php')
 3 SYSTEMPATH\View\View.php(241): CodeIgniter\View\View->CodeIgniter\View\{closure}()
 4 SYSTEMPATH\Common.php(1250): CodeIgniter\View\View->render('frontend/single_news', [], true)
 5 APPPATH\Controllers\Home.php(36): view('frontend/single_news', [...])
 6 SYSTEMPATH\CodeIgniter.php(951): App\Controllers\Home->view('re-inaugurate-first-aniversary')
 7 SYSTEMPATH\CodeIgniter.php(497): CodeIgniter\CodeIgniter->runController(Object(App\Controllers\Home))
 8 SYSTEMPATH\CodeIgniter.php(340): CodeIgniter\CodeIgniter->handleRequest(null, Object(Config\Cache), false)
 9 SYSTEMPATH\Boot.php(417): CodeIgniter\CodeIgniter->run()
10 SYSTEMPATH\Boot.php(68): CodeIgniter\Boot::runCodeIgniter(Object(CodeIgniter\CodeIgniter))
11 FCPATH\index.php(59): CodeIgniter\Boot::bootWeb(Object(Config\Paths))
12 SYSTEMPATH\rewrite.php(44): require_once('E:\\Development Tools\\Xampp\\htdocs\\NToday-News\\public\\index.php')
CRITICAL - 2026-02-24 13:51:48 --> ErrorException: Undefined variable $latest_news
[Method: GET, Route: news/re-inaugurate-first-aniversary]
in APPPATH\Views\frontend\single_news.php on line 194.
 1 APPPATH\Views\frontend\single_news.php(194): CodeIgniter\Debug\Exceptions->errorHandler(2, 'Undefined variable $latest_news', 'E:\\Development Tools\\Xampp\\htdocs\\NToday-News\\app\\Views\\frontend\\single_news.php', 194)
 2 SYSTEMPATH\View\View.php(238): include('E:\\Development Tools\\Xampp\\htdocs\\NToday-News\\app\\Views\\frontend\\single_news.php')
 3 SYSTEMPATH\View\View.php(241): CodeIgniter\View\View->CodeIgniter\View\{closure}()
 4 SYSTEMPATH\Common.php(1250): CodeIgniter\View\View->render('frontend/single_news', [], true)
 5 APPPATH\Controllers\Home.php(36): view('frontend/single_news', [...])
 6 SYSTEMPATH\CodeIgniter.php(951): App\Controllers\Home->view('re-inaugurate-first-aniversary')
 7 SYSTEMPATH\CodeIgniter.php(497): CodeIgniter\CodeIgniter->runController(Object(App\Controllers\Home))
 8 SYSTEMPATH\CodeIgniter.php(340): CodeIgniter\CodeIgniter->handleRequest(null, Object(Config\Cache), false)
 9 SYSTEMPATH\Boot.php(417): CodeIgniter\CodeIgniter->run()
10 SYSTEMPATH\Boot.php(68): CodeIgniter\Boot::runCodeIgniter(Object(CodeIgniter\CodeIgniter))
11 FCPATH\index.php(59): CodeIgniter\Boot::bootWeb(Object(Config\Paths))
12 SYSTEMPATH\rewrite.php(44): require_once('E:\\Development Tools\\Xampp\\htdocs\\NToday-News\\public\\index.php')
CRITICAL - 2026-02-24 13:51:50 --> ErrorException: Undefined variable $latest_news
[Method: GET, Route: news/re-inaugurate-first-aniversary]
in APPPATH\Views\frontend\single_news.php on line 194.
 1 APPPATH\Views\frontend\single_news.php(194): CodeIgniter\Debug\Exceptions->errorHandler(2, 'Undefined variable $latest_news', 'E:\\Development Tools\\Xampp\\htdocs\\NToday-News\\app\\Views\\frontend\\single_news.php', 194)
 2 SYSTEMPATH\View\View.php(238): include('E:\\Development Tools\\Xampp\\htdocs\\NToday-News\\app\\Views\\frontend\\single_news.php')
 3 SYSTEMPATH\View\View.php(241): CodeIgniter\View\View->CodeIgniter\View\{closure}()
 4 SYSTEMPATH\Common.php(1250): CodeIgniter\View\View->render('frontend/single_news', [], true)
 5 APPPATH\Controllers\Home.php(36): view('frontend/single_news', [...])
 6 SYSTEMPATH\CodeIgniter.php(951): App\Controllers\Home->view('re-inaugurate-first-aniversary')
 7 SYSTEMPATH\CodeIgniter.php(497): CodeIgniter\CodeIgniter->runController(Object(App\Controllers\Home))
 8 SYSTEMPATH\CodeIgniter.php(340): CodeIgniter\CodeIgniter->handleRequest(null, Object(Config\Cache), false)
 9 SYSTEMPATH\Boot.php(417): CodeIgniter\CodeIgniter->run()
10 SYSTEMPATH\Boot.php(68): CodeIgniter\Boot::runCodeIgniter(Object(CodeIgniter\CodeIgniter))
11 FCPATH\index.php(59): CodeIgniter\Boot::bootWeb(Object(Config\Paths))
12 SYSTEMPATH\rewrite.php(44): require_once('E:\\Development Tools\\Xampp\\htdocs\\NToday-News\\public\\index.php')
CRITICAL - 2026-02-24 15:08:46 --> CodeIgniter\View\Exceptions\ViewException: Invalid file: "frontend/single_view.php"
[Method: GET, Route: news/re-inaugurate-first-aniversary]
in SYSTEMPATH\Exceptions\FrameworkException.php on line 39.
 1 SYSTEMPATH\View\View.php(226): CodeIgniter\Exceptions\FrameworkException::forInvalidFile('frontend/single_view.php')
 2 SYSTEMPATH\Common.php(1250): CodeIgniter\View\View->render('frontend/single_view', [], true)
 3 APPPATH\Controllers\Home.php(55): view('frontend/single_view', [...])
 4 SYSTEMPATH\CodeIgniter.php(951): App\Controllers\Home->view('re-inaugurate-first-aniversary')
 5 SYSTEMPATH\CodeIgniter.php(497): CodeIgniter\CodeIgniter->runController(Object(App\Controllers\Home))
 6 SYSTEMPATH\CodeIgniter.php(340): CodeIgniter\CodeIgniter->handleRequest(null, Object(Config\Cache), false)
 7 SYSTEMPATH\Boot.php(417): CodeIgniter\CodeIgniter->run()
 8 SYSTEMPATH\Boot.php(68): CodeIgniter\Boot::runCodeIgniter(Object(CodeIgniter\CodeIgniter))
 9 FCPATH\index.php(59): CodeIgniter\Boot::bootWeb(Object(Config\Paths))
10 SYSTEMPATH\rewrite.php(44): require_once('E:\\Development Tools\\Xampp\\htdocs\\NToday-News\\public\\index.php')
CRITICAL - 2026-02-24 15:11:49 --> CodeIgniter\View\Exceptions\ViewException: Invalid file: "frontend/single_view.php"
[Method: GET, Route: news/bramarambika-devi-ki-kobbarikai]
in SYSTEMPATH\Exceptions\FrameworkException.php on line 39.
 1 SYSTEMPATH\View\View.php(226): CodeIgniter\Exceptions\FrameworkException::forInvalidFile('frontend/single_view.php')
 2 SYSTEMPATH\Common.php(1250): CodeIgniter\View\View->render('frontend/single_view', [], true)
 3 APPPATH\Controllers\Home.php(55): view('frontend/single_view', [...])
 4 SYSTEMPATH\CodeIgniter.php(951): App\Controllers\Home->view('bramarambika-devi-ki-kobbarikai')
 5 SYSTEMPATH\CodeIgniter.php(497): CodeIgniter\CodeIgniter->runController(Object(App\Controllers\Home))
 6 SYSTEMPATH\CodeIgniter.php(340): CodeIgniter\CodeIgniter->handleRequest(null, Object(Config\Cache), false)
 7 SYSTEMPATH\Boot.php(417): CodeIgniter\CodeIgniter->run()
 8 SYSTEMPATH\Boot.php(68): CodeIgniter\Boot::runCodeIgniter(Object(CodeIgniter\CodeIgniter))
 9 FCPATH\index.php(59): CodeIgniter\Boot::bootWeb(Object(Config\Paths))
10 SYSTEMPATH\rewrite.php(44): require_once('E:\\Development Tools\\Xampp\\htdocs\\NToday-News\\public\\index.php')
CRITICAL - 2026-02-24 15:11:50 --> CodeIgniter\View\Exceptions\ViewException: Invalid file: "frontend/single_view.php"
[Method: GET, Route: news/bramarambika-devi-ki-kobbarikai]
in SYSTEMPATH\Exceptions\FrameworkException.php on line 39.
 1 SYSTEMPATH\View\View.php(226): CodeIgniter\Exceptions\FrameworkException::forInvalidFile('frontend/single_view.php')
 2 SYSTEMPATH\Common.php(1250): CodeIgniter\View\View->render('frontend/single_view', [], true)
 3 APPPATH\Controllers\Home.php(55): view('frontend/single_view', [...])
 4 SYSTEMPATH\CodeIgniter.php(951): App\Controllers\Home->view('bramarambika-devi-ki-kobbarikai')
 5 SYSTEMPATH\CodeIgniter.php(497): CodeIgniter\CodeIgniter->runController(Object(App\Controllers\Home))
 6 SYSTEMPATH\CodeIgniter.php(340): CodeIgniter\CodeIgniter->handleRequest(null, Object(Config\Cache), false)
 7 SYSTEMPATH\Boot.php(417): CodeIgniter\CodeIgniter->run()
 8 SYSTEMPATH\Boot.php(68): CodeIgniter\Boot::runCodeIgniter(Object(CodeIgniter\CodeIgniter))
 9 FCPATH\index.php(59): CodeIgniter\Boot::bootWeb(Object(Config\Paths))
10 SYSTEMPATH\rewrite.php(44): require_once('E:\\Development Tools\\Xampp\\htdocs\\NToday-News\\public\\index.php')
CRITICAL - 2026-02-24 15:11:51 --> CodeIgniter\View\Exceptions\ViewException: Invalid file: "frontend/single_view.php"
[Method: GET, Route: news/bramarambika-devi-ki-kobbarikai]
in SYSTEMPATH\Exceptions\FrameworkException.php on line 39.
 1 SYSTEMPATH\View\View.php(226): CodeIgniter\Exceptions\FrameworkException::forInvalidFile('frontend/single_view.php')
 2 SYSTEMPATH\Common.php(1250): CodeIgniter\View\View->render('frontend/single_view', [], true)
 3 APPPATH\Controllers\Home.php(55): view('frontend/single_view', [...])
 4 SYSTEMPATH\CodeIgniter.php(951): App\Controllers\Home->view('bramarambika-devi-ki-kobbarikai')
 5 SYSTEMPATH\CodeIgniter.php(497): CodeIgniter\CodeIgniter->runController(Object(App\Controllers\Home))
 6 SYSTEMPATH\CodeIgniter.php(340): CodeIgniter\CodeIgniter->handleRequest(null, Object(Config\Cache), false)
 7 SYSTEMPATH\Boot.php(417): CodeIgniter\CodeIgniter->run()
 8 SYSTEMPATH\Boot.php(68): CodeIgniter\Boot::runCodeIgniter(Object(CodeIgniter\CodeIgniter))
 9 FCPATH\index.php(59): CodeIgniter\Boot::bootWeb(Object(Config\Paths))
10 SYSTEMPATH\rewrite.php(44): require_once('E:\\Development Tools\\Xampp\\htdocs\\NToday-News\\public\\index.php')
CRITICAL - 2026-02-24 15:13:19 --> CodeIgniter\View\Exceptions\ViewException: Invalid file: "frontend/single_view.php"
[Method: GET, Route: news/bramarambika-devi-ki-kobbarikai]
in SYSTEMPATH\Exceptions\FrameworkException.php on line 39.
 1 SYSTEMPATH\View\View.php(226): CodeIgniter\Exceptions\FrameworkException::forInvalidFile('frontend/single_view.php')
 2 SYSTEMPATH\Common.php(1250): CodeIgniter\View\View->render('frontend/single_view', [], true)
 3 APPPATH\Controllers\Home.php(55): view('frontend/single_view', [...])
 4 SYSTEMPATH\CodeIgniter.php(951): App\Controllers\Home->view('bramarambika-devi-ki-kobbarikai')
 5 SYSTEMPATH\CodeIgniter.php(497): CodeIgniter\CodeIgniter->runController(Object(App\Controllers\Home))
 6 SYSTEMPATH\CodeIgniter.php(340): CodeIgniter\CodeIgniter->handleRequest(null, Object(Config\Cache), false)
 7 SYSTEMPATH\Boot.php(417): CodeIgniter\CodeIgniter->run()
 8 SYSTEMPATH\Boot.php(68): CodeIgniter\Boot::runCodeIgniter(Object(CodeIgniter\CodeIgniter))
 9 FCPATH\index.php(59): CodeIgniter\Boot::bootWeb(Object(Config\Paths))
10 SYSTEMPATH\rewrite.php(44): require_once('E:\\Development Tools\\Xampp\\htdocs\\NToday-News\\public\\index.php')
CRITICAL - 2026-02-24 15:13:20 --> CodeIgniter\View\Exceptions\ViewException: Invalid file: "frontend/single_view.php"
[Method: GET, Route: news/bramarambika-devi-ki-kobbarikai]
in SYSTEMPATH\Exceptions\FrameworkException.php on line 39.
 1 SYSTEMPATH\View\View.php(226): CodeIgniter\Exceptions\FrameworkException::forInvalidFile('frontend/single_view.php')
 2 SYSTEMPATH\Common.php(1250): CodeIgniter\View\View->render('frontend/single_view', [], true)
 3 APPPATH\Controllers\Home.php(55): view('frontend/single_view', [...])
 4 SYSTEMPATH\CodeIgniter.php(951): App\Controllers\Home->view('bramarambika-devi-ki-kobbarikai')
 5 SYSTEMPATH\CodeIgniter.php(497): CodeIgniter\CodeIgniter->runController(Object(App\Controllers\Home))
 6 SYSTEMPATH\CodeIgniter.php(340): CodeIgniter\CodeIgniter->handleRequest(null, Object(Config\Cache), false)
 7 SYSTEMPATH\Boot.php(417): CodeIgniter\CodeIgniter->run()
 8 SYSTEMPATH\Boot.php(68): CodeIgniter\Boot::runCodeIgniter(Object(CodeIgniter\CodeIgniter))
 9 FCPATH\index.php(59): CodeIgniter\Boot::bootWeb(Object(Config\Paths))
10 SYSTEMPATH\rewrite.php(44): require_once('E:\\Development Tools\\Xampp\\htdocs\\NToday-News\\public\\index.php')
CRITICAL - 2026-02-24 15:13:21 --> CodeIgniter\View\Exceptions\ViewException: Invalid file: "frontend/single_view.php"
[Method: GET, Route: news/bramarambika-devi-ki-kobbarikai]
in SYSTEMPATH\Exceptions\FrameworkException.php on line 39.
 1 SYSTEMPATH\View\View.php(226): CodeIgniter\Exceptions\FrameworkException::forInvalidFile('frontend/single_view.php')
 2 SYSTEMPATH\Common.php(1250): CodeIgniter\View\View->render('frontend/single_view', [], true)
 3 APPPATH\Controllers\Home.php(55): view('frontend/single_view', [...])
 4 SYSTEMPATH\CodeIgniter.php(951): App\Controllers\Home->view('bramarambika-devi-ki-kobbarikai')
 5 SYSTEMPATH\CodeIgniter.php(497): CodeIgniter\CodeIgniter->runController(Object(App\Controllers\Home))
 6 SYSTEMPATH\CodeIgniter.php(340): CodeIgniter\CodeIgniter->handleRequest(null, Object(Config\Cache), false)
 7 SYSTEMPATH\Boot.php(417): CodeIgniter\CodeIgniter->run()
 8 SYSTEMPATH\Boot.php(68): CodeIgniter\Boot::runCodeIgniter(Object(CodeIgniter\CodeIgniter))
 9 FCPATH\index.php(59): CodeIgniter\Boot::bootWeb(Object(Config\Paths))
10 SYSTEMPATH\rewrite.php(44): require_once('E:\\Development Tools\\Xampp\\htdocs\\NToday-News\\public\\index.php')
CRITICAL - 2026-02-24 15:13:21 --> CodeIgniter\View\Exceptions\ViewException: Invalid file: "frontend/single_view.php"
[Method: GET, Route: news/bramarambika-devi-ki-kobbarikai]
in SYSTEMPATH\Exceptions\FrameworkException.php on line 39.
 1 SYSTEMPATH\View\View.php(226): CodeIgniter\Exceptions\FrameworkException::forInvalidFile('frontend/single_view.php')
 2 SYSTEMPATH\Common.php(1250): CodeIgniter\View\View->render('frontend/single_view', [], true)
 3 APPPATH\Controllers\Home.php(55): view('frontend/single_view', [...])
 4 SYSTEMPATH\CodeIgniter.php(951): App\Controllers\Home->view('bramarambika-devi-ki-kobbarikai')
 5 SYSTEMPATH\CodeIgniter.php(497): CodeIgniter\CodeIgniter->runController(Object(App\Controllers\Home))
 6 SYSTEMPATH\CodeIgniter.php(340): CodeIgniter\CodeIgniter->handleRequest(null, Object(Config\Cache), false)
 7 SYSTEMPATH\Boot.php(417): CodeIgniter\CodeIgniter->run()
 8 SYSTEMPATH\Boot.php(68): CodeIgniter\Boot::runCodeIgniter(Object(CodeIgniter\CodeIgniter))
 9 FCPATH\index.php(59): CodeIgniter\Boot::bootWeb(Object(Config\Paths))
10 SYSTEMPATH\rewrite.php(44): require_once('E:\\Development Tools\\Xampp\\htdocs\\NToday-News\\public\\index.php')
CRITICAL - 2026-02-24 15:13:21 --> CodeIgniter\View\Exceptions\ViewException: Invalid file: "frontend/single_view.php"
[Method: GET, Route: news/bramarambika-devi-ki-kobbarikai]
in SYSTEMPATH\Exceptions\FrameworkException.php on line 39.
 1 SYSTEMPATH\View\View.php(226): CodeIgniter\Exceptions\FrameworkException::forInvalidFile('frontend/single_view.php')
 2 SYSTEMPATH\Common.php(1250): CodeIgniter\View\View->render('frontend/single_view', [], true)
 3 APPPATH\Controllers\Home.php(55): view('frontend/single_view', [...])
 4 SYSTEMPATH\CodeIgniter.php(951): App\Controllers\Home->view('bramarambika-devi-ki-kobbarikai')
 5 SYSTEMPATH\CodeIgniter.php(497): CodeIgniter\CodeIgniter->runController(Object(App\Controllers\Home))
 6 SYSTEMPATH\CodeIgniter.php(340): CodeIgniter\CodeIgniter->handleRequest(null, Object(Config\Cache), false)
 7 SYSTEMPATH\Boot.php(417): CodeIgniter\CodeIgniter->run()
 8 SYSTEMPATH\Boot.php(68): CodeIgniter\Boot::runCodeIgniter(Object(CodeIgniter\CodeIgniter))
 9 FCPATH\index.php(59): CodeIgniter\Boot::bootWeb(Object(Config\Paths))
10 SYSTEMPATH\rewrite.php(44): require_once('E:\\Development Tools\\Xampp\\htdocs\\NToday-News\\public\\index.php')
CRITICAL - 2026-02-24 15:13:22 --> CodeIgniter\View\Exceptions\ViewException: Invalid file: "frontend/single_view.php"
[Method: GET, Route: news/bramarambika-devi-ki-kobbarikai]
in SYSTEMPATH\Exceptions\FrameworkException.php on line 39.
 1 SYSTEMPATH\View\View.php(226): CodeIgniter\Exceptions\FrameworkException::forInvalidFile('frontend/single_view.php')
 2 SYSTEMPATH\Common.php(1250): CodeIgniter\View\View->render('frontend/single_view', [], true)
 3 APPPATH\Controllers\Home.php(55): view('frontend/single_view', [...])
 4 SYSTEMPATH\CodeIgniter.php(951): App\Controllers\Home->view('bramarambika-devi-ki-kobbarikai')
 5 SYSTEMPATH\CodeIgniter.php(497): CodeIgniter\CodeIgniter->runController(Object(App\Controllers\Home))
 6 SYSTEMPATH\CodeIgniter.php(340): CodeIgniter\CodeIgniter->handleRequest(null, Object(Config\Cache), false)
 7 SYSTEMPATH\Boot.php(417): CodeIgniter\CodeIgniter->run()
 8 SYSTEMPATH\Boot.php(68): CodeIgniter\Boot::runCodeIgniter(Object(CodeIgniter\CodeIgniter))
 9 FCPATH\index.php(59): CodeIgniter\Boot::bootWeb(Object(Config\Paths))
10 SYSTEMPATH\rewrite.php(44): require_once('E:\\Development Tools\\Xampp\\htdocs\\NToday-News\\public\\index.php')
CRITICAL - 2026-02-24 15:34:27 --> CodeIgniter\HTTP\Exceptions\BadRequestException: The URI you submitted has disallowed characters: "శుక్రవారం సభ ద్వార ప్రజారోగ్య పర్యవేక్షణ"
[Method: GET, Route: news/%E0%B0%B6%E0%B1%81%E0%B0%95%E0%B1%8D%E0%B0%B0%E0%B0%B5%E0%B0%BE%E0%B0%B0%E0%B0%82%20%E0%B0%B8%E0%B0%AD%20%E0%B0%A6%E0%B1%8D%E0%B0%B5%E0%B0%BE%E0%B0%B0%20%E0%B0%AA%E0%B1%8D%E0%B0%B0%E0%B0%9C%E0%B0%BE%E0%B0%B0%E0%B1%8B%E0%B0%97%E0%B1%8D%E0%B0%AF%20%E0%B0%AA%E0%B0%B0%E0%B1%8D%E0%B0%AF%E0%B0%B5%E0%B1%87%E0%B0%95%E0%B1%8D%E0%B0%B7%E0%B0%A3]
in SYSTEMPATH\Router\Router.php on line 768.
 1 SYSTEMPATH\Router\Router.php(219): CodeIgniter\Router\Router->checkDisallowedChars('news/శుక్రవారం సభ ద్వార ప్రజారోగ్య పర్యవేక్షణ')
 2 SYSTEMPATH\CodeIgniter.php(829): CodeIgniter\Router\Router->handle('news/శుక్రవారం సభ ద్వార ప్రజారోగ్య పర్యవేక్షణ')
 3 SYSTEMPATH\CodeIgniter.php(441): CodeIgniter\CodeIgniter->tryToRouteIt(Object(CodeIgniter\Router\RouteCollection))
 4 SYSTEMPATH\CodeIgniter.php(340): CodeIgniter\CodeIgniter->handleRequest(null, Object(Config\Cache), false)
 5 SYSTEMPATH\Boot.php(417): CodeIgniter\CodeIgniter->run()
 6 SYSTEMPATH\Boot.php(68): CodeIgniter\Boot::runCodeIgniter(Object(CodeIgniter\CodeIgniter))
 7 FCPATH\index.php(59): CodeIgniter\Boot::bootWeb(Object(Config\Paths))
 8 SYSTEMPATH\rewrite.php(44): require_once('E:\\Development Tools\\Xampp\\htdocs\\NToday-News\\public\\index.php')
DEBUG - 2026-02-24 16:42:01 --> Session: Class initialized using 'CodeIgniter\Session\Handlers\FileHandler' driver.
DEBUG - 2026-02-24 16:44:32 --> Session: Class initialized using 'CodeIgniter\Session\Handlers\FileHandler' driver.
DEBUG - 2026-02-24 16:45:00 --> Session: Class initialized using 'CodeIgniter\Session\Handlers\FileHandler' driver.
CRITICAL - 2026-02-24 16:59:24 --> CodeIgniter\View\Exceptions\ViewException: Invalid file: "auth/admin_login.php"
[Method: GET, Route: admin/login]
in SYSTEMPATH\Exceptions\FrameworkException.php on line 39.
 1 SYSTEMPATH\View\View.php(226): CodeIgniter\Exceptions\FrameworkException::forInvalidFile('auth/admin_login.php')
 2 SYSTEMPATH\Common.php(1250): CodeIgniter\View\View->render('auth/admin_login', [], true)
 3 APPPATH\Controllers\AuthController.php(12): view('auth/admin_login')
 4 SYSTEMPATH\CodeIgniter.php(951): App\Controllers\AuthController->adminLogin()
 5 SYSTEMPATH\CodeIgniter.php(497): CodeIgniter\CodeIgniter->runController(Object(App\Controllers\AuthController))
 6 SYSTEMPATH\CodeIgniter.php(340): CodeIgniter\CodeIgniter->handleRequest(null, Object(Config\Cache), false)
 7 SYSTEMPATH\Boot.php(417): CodeIgniter\CodeIgniter->run()
 8 SYSTEMPATH\Boot.php(68): CodeIgniter\Boot::runCodeIgniter(Object(CodeIgniter\CodeIgniter))
 9 FCPATH\index.php(59): CodeIgniter\Boot::bootWeb(Object(Config\Paths))
10 SYSTEMPATH\rewrite.php(44): require_once('E:\\Development Tools\\Xampp\\htdocs\\NToday-News\\public\\index.php')
