CRITICAL - 2026-03-02 07:18:49 --> ErrorException: simplexml_load_string(): Entity: line 2: parser error : AttValue: &quot; or ' expected
[Method: GET, Route: /]
in APPPATH\Controllers\Home.php on line 43.
 1 [internal function]: CodeIgniter\Debug\Exceptions->errorHandler(2, 'simplexml_load_string(): Entity: line 2: parser error : AttValue: &quot; or \' expected', 'E:\\Development Tools\\Xampp\\htdocs\\NToday-News\\app\\Controllers\\Home.php', 43)
 2 APPPATH\Controllers\Home.php(43): simplexml_load_string('<!DOCTYPE html>
<html lang=en>
  <meta charset=utf-8>
  <meta name=viewport content="initial-scale=1, minimum-scale=1, width=device-width">
  <title>Error 404 (Not Found)!!1</title>
  <style>
    *{margin:0;padding:0}html,code{font:15px/22px arial,sans-serif}html{background:#fff;color:#222;padding:15px}body{margin:7% auto 0;max-width:390px;min-height:180px;padding:30px 0 15px}* > body{background:url(//www.google.com/images/errors/robot.png) 100% 5px no-repeat;padding-right:205px}p{margin:11px 0 22px;overflow:hidden}ins{color:#777;text-decoration:none}a img{border:0}@media screen and (max-width:772px){body{background:none;margin-top:0;max-width:none;padding-right:0}}#logo{background:url(//www.google.com/images/branding/googlelogo/1x/googlelogo_color_150x54dp.png) no-repeat;margin-left:-5px}@media only screen and (min-resolution:192dpi){#logo{background:url(//www.google.com/images/branding/googlelogo/2x/googlelogo_color_150x54dp.png) no-repeat 0% 0%/100% 100%;-moz-border-image:url(//www.google.com/images/branding/googlelogo/2x/googlelogo_color_150x54dp.png) 0}}@media only screen and (-webkit-min-device-pixel-ratio:2){#logo{background:url(//www.google.com/images/branding/googlelogo/2x/googlelogo_color_150x54dp.png) no-repeat;-webkit-background-size:100% 100%}}#logo{display:inline-block;height:54px;width:150px}
  </style>
  <a href=//www.google.com/><span id=logo aria-label=Google></span></a>
  <p><b>404.</b> <ins>That’s an error.</ins>
  <p>The requested URL <code>/feeds/videos.xml?channel_id=UCti6SpfXgaHXbmNHKyX2GJA</code> was not found on this server.  <ins>That’s all we know.</ins>
')
 3 APPPATH\Controllers\Home.php(18): App\Controllers\Home->getYouTubeVideos()
 4 SYSTEMPATH\CodeIgniter.php(951): App\Controllers\Home->index()
 5 SYSTEMPATH\CodeIgniter.php(497): CodeIgniter\CodeIgniter->runController(Object(App\Controllers\Home))
 6 SYSTEMPATH\CodeIgniter.php(340): CodeIgniter\CodeIgniter->handleRequest(null, Object(Config\Cache), false)
 7 SYSTEMPATH\Boot.php(417): CodeIgniter\CodeIgniter->run()
 8 SYSTEMPATH\Boot.php(68): CodeIgniter\Boot::runCodeIgniter(Object(CodeIgniter\CodeIgniter))
 9 FCPATH\index.php(59): CodeIgniter\Boot::bootWeb(Object(Config\Paths))
10 SYSTEMPATH\rewrite.php(44): require_once('E:\\Development Tools\\Xampp\\htdocs\\NToday-News\\public\\index.php')
CRITICAL - 2026-03-02 07:29:14 --> ErrorException: Undefined variable $title
[Method: GET, Route: /]
in APPPATH\Controllers\Home.php on line 43.
 1 APPPATH\Controllers\Home.php(43): CodeIgniter\Debug\Exceptions->errorHandler(2, 'Undefined variable $title', 'E:\\Development Tools\\Xampp\\htdocs\\NToday-News\\app\\Controllers\\Home.php', 43)
 2 APPPATH\Controllers\Home.php(18): App\Controllers\Home->getYouTubeVideos()
 3 SYSTEMPATH\CodeIgniter.php(951): App\Controllers\Home->index()
 4 SYSTEMPATH\CodeIgniter.php(497): CodeIgniter\CodeIgniter->runController(Object(App\Controllers\Home))
 5 SYSTEMPATH\CodeIgniter.php(340): CodeIgniter\CodeIgniter->handleRequest(null, Object(Config\Cache), false)
 6 SYSTEMPATH\Boot.php(417): CodeIgniter\CodeIgniter->run()
 7 SYSTEMPATH\Boot.php(68): CodeIgniter\Boot::runCodeIgniter(Object(CodeIgniter\CodeIgniter))
 8 FCPATH\index.php(59): CodeIgniter\Boot::bootWeb(Object(Config\Paths))
 9 SYSTEMPATH\rewrite.php(44): require_once('E:\\Development Tools\\Xampp\\htdocs\\NToday-News\\public\\index.php')
CRITICAL - 2026-03-02 07:29:31 --> ErrorException: Undefined variable $xml_string
[Method: GET, Route: /]
in APPPATH\Controllers\Home.php on line 43.
 1 APPPATH\Controllers\Home.php(43): CodeIgniter\Debug\Exceptions->errorHandler(2, 'Undefined variable $xml_string', 'E:\\Development Tools\\Xampp\\htdocs\\NToday-News\\app\\Controllers\\Home.php', 43)
 2 APPPATH\Controllers\Home.php(18): App\Controllers\Home->getYouTubeVideos()
 3 SYSTEMPATH\CodeIgniter.php(951): App\Controllers\Home->index()
 4 SYSTEMPATH\CodeIgniter.php(497): CodeIgniter\CodeIgniter->runController(Object(App\Controllers\Home))
 5 SYSTEMPATH\CodeIgniter.php(340): CodeIgniter\CodeIgniter->handleRequest(null, Object(Config\Cache), false)
 6 SYSTEMPATH\Boot.php(417): CodeIgniter\CodeIgniter->run()
 7 SYSTEMPATH\Boot.php(68): CodeIgniter\Boot::runCodeIgniter(Object(CodeIgniter\CodeIgniter))
 8 FCPATH\index.php(59): CodeIgniter\Boot::bootWeb(Object(Config\Paths))
 9 SYSTEMPATH\rewrite.php(44): require_once('E:\\Development Tools\\Xampp\\htdocs\\NToday-News\\public\\index.php')
ERROR - 2026-03-02 08:37:45 --> Error connecting to the database: mysqli_sql_exception: No connection could be made because the target machine actively refused it in E:\Development Tools\Xampp\htdocs\NToday-News\vendor\codeigniter4\framework\system\Database\MySQLi\Connection.php:201
Stack trace:
#0 E:\Development Tools\Xampp\htdocs\NToday-News\vendor\codeigniter4\framework\system\Database\MySQLi\Connection.php(201): mysqli->real_connect('127.0.0.1', 'root', Object(SensitiveParameterValue), 'ntodaynews', 3306, '', 0)
#1 E:\Development Tools\Xampp\htdocs\NToday-News\vendor\codeigniter4\framework\system\Database\BaseConnection.php(419): CodeIgniter\Database\MySQLi\Connection->connect(false)
#2 E:\Development Tools\Xampp\htdocs\NToday-News\vendor\codeigniter4\framework\system\Database\BaseConnection.php(654): CodeIgniter\Database\BaseConnection->initialize()
#3 E:\Development Tools\Xampp\htdocs\NToday-News\vendor\codeigniter4\framework\system\Database\BaseBuilder.php(1649): CodeIgniter\Database\BaseConnection->query('SELECT *\nFROM `...', Array, false)
#4 E:\Development Tools\Xampp\htdocs\NToday-News\vendor\codeigniter4\framework\system\Model.php(254): CodeIgniter\Database\BaseBuilder->get()
#5 E:\Development Tools\Xampp\htdocs\NToday-News\vendor\codeigniter4\framework\system\BaseModel.php(675): CodeIgniter\Model->doFindAll(10, 0)
#6 E:\Development Tools\Xampp\htdocs\NToday-News\app\Controllers\Home.php(16): CodeIgniter\BaseModel->findAll(10)
#7 E:\Development Tools\Xampp\htdocs\NToday-News\vendor\codeigniter4\framework\system\CodeIgniter.php(951): App\Controllers\Home->index()
#8 E:\Development Tools\Xampp\htdocs\NToday-News\vendor\codeigniter4\framework\system\CodeIgniter.php(497): CodeIgniter\CodeIgniter->runController(Object(App\Controllers\Home))
#9 E:\Development Tools\Xampp\htdocs\NToday-News\vendor\codeigniter4\framework\system\CodeIgniter.php(340): CodeIgniter\CodeIgniter->handleRequest(NULL, Object(Config\Cache), false)
#10 E:\Development Tools\Xampp\htdocs\NToday-News\vendor\codeigniter4\framework\system\Boot.php(417): CodeIgniter\CodeIgniter->run()
#11 E:\Development Tools\Xampp\htdocs\NToday-News\vendor\codeigniter4\framework\system\Boot.php(68): CodeIgniter\Boot::runCodeIgniter(Object(CodeIgniter\CodeIgniter))
#12 E:\Development Tools\Xampp\htdocs\NToday-News\public\index.php(59): CodeIgniter\Boot::bootWeb(Object(Config\Paths))
#13 E:\Development Tools\Xampp\htdocs\NToday-News\vendor\codeigniter4\framework\system\rewrite.php(44): require_once('E:\\Development ...')
#14 {main}

Next CodeIgniter\Database\Exceptions\DatabaseException: No connection could be made because the target machine actively refused it in E:\Development Tools\Xampp\htdocs\NToday-News\vendor\codeigniter4\framework\system\Database\MySQLi\Connection.php:231
Stack trace:
#0 E:\Development Tools\Xampp\htdocs\NToday-News\vendor\codeigniter4\framework\system\Database\BaseConnection.php(419): CodeIgniter\Database\MySQLi\Connection->connect(false)
#1 E:\Development Tools\Xampp\htdocs\NToday-News\vendor\codeigniter4\framework\system\Database\BaseConnection.php(654): CodeIgniter\Database\BaseConnection->initialize()
#2 E:\Development Tools\Xampp\htdocs\NToday-News\vendor\codeigniter4\framework\system\Database\BaseBuilder.php(1649): CodeIgniter\Database\BaseConnection->query('SELECT *\nFROM `...', Array, false)
#3 E:\Development Tools\Xampp\htdocs\NToday-News\vendor\codeigniter4\framework\system\Model.php(254): CodeIgniter\Database\BaseBuilder->get()
#4 E:\Development Tools\Xampp\htdocs\NToday-News\vendor\codeigniter4\framework\system\BaseModel.php(675): CodeIgniter\Model->doFindAll(10, 0)
#5 E:\Development Tools\Xampp\htdocs\NToday-News\app\Controllers\Home.php(16): CodeIgniter\BaseModel->findAll(10)
#6 E:\Development Tools\Xampp\htdocs\NToday-News\vendor\codeigniter4\framework\system\CodeIgniter.php(951): App\Controllers\Home->index()
#7 E:\Development Tools\Xampp\htdocs\NToday-News\vendor\codeigniter4\framework\system\CodeIgniter.php(497): CodeIgniter\CodeIgniter->runController(Object(App\Controllers\Home))
#8 E:\Development Tools\Xampp\htdocs\NToday-News\vendor\codeigniter4\framework\system\CodeIgniter.php(340): CodeIgniter\CodeIgniter->handleRequest(NULL, Object(Config\Cache), false)
#9 E:\Development Tools\Xampp\htdocs\NToday-News\vendor\codeigniter4\framework\system\Boot.php(417): CodeIgniter\CodeIgniter->run()
#10 E:\Development Tools\Xampp\htdocs\NToday-News\vendor\codeigniter4\framework\system\Boot.php(68): CodeIgniter\Boot::runCodeIgniter(Object(CodeIgniter\CodeIgniter))
#11 E:\Development Tools\Xampp\htdocs\NToday-News\public\index.php(59): CodeIgniter\Boot::bootWeb(Object(Config\Paths))
#12 E:\Development Tools\Xampp\htdocs\NToday-News\vendor\codeigniter4\framework\system\rewrite.php(44): require_once('E:\\Development ...')
#13 {main}
CRITICAL - 2026-03-02 08:37:45 --> CodeIgniter\Database\Exceptions\DatabaseException: Unable to connect to the database.
Main connection [MySQLi]: No connection could be made because the target machine actively refused it
[Method: GET, Route: /]
in SYSTEMPATH\Database\BaseConnection.php on line 465.
 1 SYSTEMPATH\Database\BaseConnection.php(654): CodeIgniter\Database\BaseConnection->initialize()
 2 SYSTEMPATH\Database\BaseBuilder.php(1649): CodeIgniter\Database\BaseConnection->query('SELECT *
FROM `news`
WHERE `status` = :status:
ORDER BY `published_at` DESC
 LIMIT 10', [...], false)
 3 SYSTEMPATH\Model.php(254): CodeIgniter\Database\BaseBuilder->get()
 4 SYSTEMPATH\BaseModel.php(675): CodeIgniter\Model->doFindAll(10, 0)
 5 APPPATH\Controllers\Home.php(16): CodeIgniter\BaseModel->findAll(10)
 6 SYSTEMPATH\CodeIgniter.php(951): App\Controllers\Home->index()
 7 SYSTEMPATH\CodeIgniter.php(497): CodeIgniter\CodeIgniter->runController(Object(App\Controllers\Home))
 8 SYSTEMPATH\CodeIgniter.php(340): CodeIgniter\CodeIgniter->handleRequest(null, Object(Config\Cache), false)
 9 SYSTEMPATH\Boot.php(417): CodeIgniter\CodeIgniter->run()
10 SYSTEMPATH\Boot.php(68): CodeIgniter\Boot::runCodeIgniter(Object(CodeIgniter\CodeIgniter))
11 FCPATH\index.php(59): CodeIgniter\Boot::bootWeb(Object(Config\Paths))
12 SYSTEMPATH\rewrite.php(44): require_once('E:\\Development Tools\\Xampp\\htdocs\\NToday-News\\public\\index.php')
DEBUG - 2026-03-02 08:40:51 --> Session: Class initialized using 'CodeIgniter\Session\Handlers\FileHandler' driver.
DEBUG - 2026-03-02 09:05:10 --> Session: Class initialized using 'CodeIgniter\Session\Handlers\FileHandler' driver.
DEBUG - 2026-03-02 09:10:45 --> Session: Class initialized using 'CodeIgniter\Session\Handlers\FileHandler' driver.
DEBUG - 2026-03-02 09:10:48 --> Session: Class initialized using 'CodeIgniter\Session\Handlers\FileHandler' driver.
DEBUG - 2026-03-02 09:10:50 --> Session: Class initialized using 'CodeIgniter\Session\Handlers\FileHandler' driver.
DEBUG - 2026-03-02 09:10:50 --> Session: Class initialized using 'CodeIgniter\Session\Handlers\FileHandler' driver.
DEBUG - 2026-03-02 09:10:50 --> Session: Class initialized using 'CodeIgniter\Session\Handlers\FileHandler' driver.
DEBUG - 2026-03-02 09:10:51 --> Session: Class initialized using 'CodeIgniter\Session\Handlers\FileHandler' driver.
DEBUG - 2026-03-02 09:10:51 --> Session: Class initialized using 'CodeIgniter\Session\Handlers\FileHandler' driver.
DEBUG - 2026-03-02 09:10:51 --> Session: Class initialized using 'CodeIgniter\Session\Handlers\FileHandler' driver.
DEBUG - 2026-03-02 09:10:51 --> Session: Class initialized using 'CodeIgniter\Session\Handlers\FileHandler' driver.
DEBUG - 2026-03-02 09:10:51 --> Session: Class initialized using 'CodeIgniter\Session\Handlers\FileHandler' driver.
DEBUG - 2026-03-02 09:13:35 --> Session: Class initialized using 'CodeIgniter\Session\Handlers\FileHandler' driver.
DEBUG - 2026-03-02 09:13:39 --> Session: Class initialized using 'CodeIgniter\Session\Handlers\FileHandler' driver.
DEBUG - 2026-03-02 09:14:59 --> Session: Class initialized using 'CodeIgniter\Session\Handlers\FileHandler' driver.
DEBUG - 2026-03-02 09:15:02 --> Session: Class initialized using 'CodeIgniter\Session\Handlers\FileHandler' driver.
DEBUG - 2026-03-02 09:15:20 --> Session: Class initialized using 'CodeIgniter\Session\Handlers\FileHandler' driver.
DEBUG - 2026-03-02 09:15:22 --> Session: Class initialized using 'CodeIgniter\Session\Handlers\FileHandler' driver.
DEBUG - 2026-03-02 09:15:46 --> Session: Class initialized using 'CodeIgniter\Session\Handlers\FileHandler' driver.
DEBUG - 2026-03-02 09:15:49 --> Session: Class initialized using 'CodeIgniter\Session\Handlers\FileHandler' driver.
DEBUG - 2026-03-02 09:16:08 --> Session: Class initialized using 'CodeIgniter\Session\Handlers\FileHandler' driver.
DEBUG - 2026-03-02 09:16:57 --> Session: Class initialized using 'CodeIgniter\Session\Handlers\FileHandler' driver.
DEBUG - 2026-03-02 09:17:00 --> Session: Class initialized using 'CodeIgniter\Session\Handlers\FileHandler' driver.
DEBUG - 2026-03-02 09:17:10 --> Session: Class initialized using 'CodeIgniter\Session\Handlers\FileHandler' driver.
DEBUG - 2026-03-02 09:17:12 --> Session: Class initialized using 'CodeIgniter\Session\Handlers\FileHandler' driver.
DEBUG - 2026-03-02 09:18:15 --> Session: Class initialized using 'CodeIgniter\Session\Handlers\FileHandler' driver.
DEBUG - 2026-03-02 09:18:16 --> Session: Class initialized using 'CodeIgniter\Session\Handlers\FileHandler' driver.
DEBUG - 2026-03-02 09:18:20 --> Session: Class initialized using 'CodeIgniter\Session\Handlers\FileHandler' driver.
DEBUG - 2026-03-02 09:18:30 --> Session: Class initialized using 'CodeIgniter\Session\Handlers\FileHandler' driver.
DEBUG - 2026-03-02 09:18:30 --> Session: Class initialized using 'CodeIgniter\Session\Handlers\FileHandler' driver.
DEBUG - 2026-03-02 09:18:36 --> Session: Class initialized using 'CodeIgniter\Session\Handlers\FileHandler' driver.
DEBUG - 2026-03-02 09:21:37 --> Session: Class initialized using 'CodeIgniter\Session\Handlers\FileHandler' driver.
DEBUG - 2026-03-02 09:21:39 --> Session: Class initialized using 'CodeIgniter\Session\Handlers\FileHandler' driver.
DEBUG - 2026-03-02 09:21:40 --> Session: Class initialized using 'CodeIgniter\Session\Handlers\FileHandler' driver.
DEBUG - 2026-03-02 09:22:28 --> Session: Class initialized using 'CodeIgniter\Session\Handlers\FileHandler' driver.
DEBUG - 2026-03-02 09:22:29 --> Session: Class initialized using 'CodeIgniter\Session\Handlers\FileHandler' driver.
DEBUG - 2026-03-02 09:22:40 --> Session: Class initialized using 'CodeIgniter\Session\Handlers\FileHandler' driver.
DEBUG - 2026-03-02 09:22:50 --> Session: Class initialized using 'CodeIgniter\Session\Handlers\FileHandler' driver.
DEBUG - 2026-03-02 09:22:50 --> Session: Class initialized using 'CodeIgniter\Session\Handlers\FileHandler' driver.
DEBUG - 2026-03-02 09:22:53 --> Session: Class initialized using 'CodeIgniter\Session\Handlers\FileHandler' driver.
DEBUG - 2026-03-02 09:24:52 --> Session: Class initialized using 'CodeIgniter\Session\Handlers\FileHandler' driver.
DEBUG - 2026-03-02 09:24:56 --> Session: Class initialized using 'CodeIgniter\Session\Handlers\FileHandler' driver.
DEBUG - 2026-03-02 09:32:04 --> Session: Class initialized using 'CodeIgniter\Session\Handlers\FileHandler' driver.
DEBUG - 2026-03-02 09:33:23 --> Session: Class initialized using 'CodeIgniter\Session\Handlers\FileHandler' driver.
DEBUG - 2026-03-02 09:33:38 --> Session: Class initialized using 'CodeIgniter\Session\Handlers\FileHandler' driver.
DEBUG - 2026-03-02 09:38:23 --> Session: Class initialized using 'CodeIgniter\Session\Handlers\FileHandler' driver.
DEBUG - 2026-03-02 09:39:08 --> Session: Class initialized using 'CodeIgniter\Session\Handlers\FileHandler' driver.
DEBUG - 2026-03-02 09:44:00 --> Session: Class initialized using 'CodeIgniter\Session\Handlers\FileHandler' driver.
DEBUG - 2026-03-02 09:46:01 --> Session: Class initialized using 'CodeIgniter\Session\Handlers\FileHandler' driver.
DEBUG - 2026-03-02 09:46:03 --> Session: Class initialized using 'CodeIgniter\Session\Handlers\FileHandler' driver.
DEBUG - 2026-03-02 09:46:09 --> Session: Class initialized using 'CodeIgniter\Session\Handlers\FileHandler' driver.
DEBUG - 2026-03-02 09:47:07 --> Session: Class initialized using 'CodeIgniter\Session\Handlers\FileHandler' driver.
DEBUG - 2026-03-02 09:47:13 --> Session: Class initialized using 'CodeIgniter\Session\Handlers\FileHandler' driver.
DEBUG - 2026-03-02 09:47:14 --> Session: Class initialized using 'CodeIgniter\Session\Handlers\FileHandler' driver.
DEBUG - 2026-03-02 09:47:14 --> Session: Class initialized using 'CodeIgniter\Session\Handlers\FileHandler' driver.
DEBUG - 2026-03-02 09:47:14 --> Session: Class initialized using 'CodeIgniter\Session\Handlers\FileHandler' driver.
DEBUG - 2026-03-02 09:50:02 --> Session: Class initialized using 'CodeIgniter\Session\Handlers\FileHandler' driver.
DEBUG - 2026-03-02 09:51:52 --> Session: Class initialized using 'CodeIgniter\Session\Handlers\FileHandler' driver.
DEBUG - 2026-03-02 09:52:03 --> Session: Class initialized using 'CodeIgniter\Session\Handlers\FileHandler' driver.
DEBUG - 2026-03-02 09:52:03 --> Session: Class initialized using 'CodeIgniter\Session\Handlers\FileHandler' driver.
DEBUG - 2026-03-02 09:52:13 --> Session: Class initialized using 'CodeIgniter\Session\Handlers\FileHandler' driver.
DEBUG - 2026-03-02 09:52:13 --> Session: Class initialized using 'CodeIgniter\Session\Handlers\FileHandler' driver.
DEBUG - 2026-03-02 09:52:25 --> Session: Class initialized using 'CodeIgniter\Session\Handlers\FileHandler' driver.
DEBUG - 2026-03-02 09:52:25 --> Session: Class initialized using 'CodeIgniter\Session\Handlers\FileHandler' driver.
DEBUG - 2026-03-02 09:54:43 --> Session: Class initialized using 'CodeIgniter\Session\Handlers\FileHandler' driver.
DEBUG - 2026-03-02 09:54:46 --> Session: Class initialized using 'CodeIgniter\Session\Handlers\FileHandler' driver.
DEBUG - 2026-03-02 09:55:04 --> Session: Class initialized using 'CodeIgniter\Session\Handlers\FileHandler' driver.
DEBUG - 2026-03-02 09:55:06 --> Session: Class initialized using 'CodeIgniter\Session\Handlers\FileHandler' driver.
DEBUG - 2026-03-02 09:55:20 --> Session: Class initialized using 'CodeIgniter\Session\Handlers\FileHandler' driver.
DEBUG - 2026-03-02 09:55:25 --> Session: Class initialized using 'CodeIgniter\Session\Handlers\FileHandler' driver.
DEBUG - 2026-03-02 09:55:30 --> Session: Class initialized using 'CodeIgniter\Session\Handlers\FileHandler' driver.
DEBUG - 2026-03-02 09:55:32 --> Session: Class initialized using 'CodeIgniter\Session\Handlers\FileHandler' driver.
DEBUG - 2026-03-02 09:55:34 --> Session: Class initialized using 'CodeIgniter\Session\Handlers\FileHandler' driver.
DEBUG - 2026-03-02 09:56:15 --> Session: Class initialized using 'CodeIgniter\Session\Handlers\FileHandler' driver.
DEBUG - 2026-03-02 09:56:18 --> Session: Class initialized using 'CodeIgniter\Session\Handlers\FileHandler' driver.
DEBUG - 2026-03-02 09:56:19 --> Session: Class initialized using 'CodeIgniter\Session\Handlers\FileHandler' driver.
DEBUG - 2026-03-02 09:56:19 --> Session: Class initialized using 'CodeIgniter\Session\Handlers\FileHandler' driver.
DEBUG - 2026-03-02 09:56:28 --> Session: Class initialized using 'CodeIgniter\Session\Handlers\FileHandler' driver.
DEBUG - 2026-03-02 09:57:27 --> Session: Class initialized using 'CodeIgniter\Session\Handlers\FileHandler' driver.
DEBUG - 2026-03-02 09:57:32 --> Session: Class initialized using 'CodeIgniter\Session\Handlers\FileHandler' driver.
DEBUG - 2026-03-02 09:57:51 --> Session: Class initialized using 'CodeIgniter\Session\Handlers\FileHandler' driver.
DEBUG - 2026-03-02 09:58:08 --> Session: Class initialized using 'CodeIgniter\Session\Handlers\FileHandler' driver.
DEBUG - 2026-03-02 09:58:12 --> Session: Class initialized using 'CodeIgniter\Session\Handlers\FileHandler' driver.
DEBUG - 2026-03-02 09:59:42 --> Session: Class initialized using 'CodeIgniter\Session\Handlers\FileHandler' driver.
DEBUG - 2026-03-02 10:01:26 --> Session: Class initialized using 'CodeIgniter\Session\Handlers\FileHandler' driver.
DEBUG - 2026-03-02 10:01:57 --> Session: Class initialized using 'CodeIgniter\Session\Handlers\FileHandler' driver.
DEBUG - 2026-03-02 10:09:04 --> Session: Class initialized using 'CodeIgniter\Session\Handlers\FileHandler' driver.
DEBUG - 2026-03-02 10:09:39 --> Session: Class initialized using 'CodeIgniter\Session\Handlers\FileHandler' driver.
DEBUG - 2026-03-02 10:13:42 --> Session: Class initialized using 'CodeIgniter\Session\Handlers\FileHandler' driver.
DEBUG - 2026-03-02 10:13:46 --> Session: Class initialized using 'CodeIgniter\Session\Handlers\FileHandler' driver.
DEBUG - 2026-03-02 10:15:06 --> Session: Class initialized using 'CodeIgniter\Session\Handlers\FileHandler' driver.
DEBUG - 2026-03-02 10:15:19 --> Session: Class initialized using 'CodeIgniter\Session\Handlers\FileHandler' driver.
DEBUG - 2026-03-02 10:15:30 --> Session: Class initialized using 'CodeIgniter\Session\Handlers\FileHandler' driver.
DEBUG - 2026-03-02 10:15:33 --> Session: Class initialized using 'CodeIgniter\Session\Handlers\FileHandler' driver.
DEBUG - 2026-03-02 10:15:45 --> Session: Class initialized using 'CodeIgniter\Session\Handlers\FileHandler' driver.
DEBUG - 2026-03-02 10:15:46 --> Session: Class initialized using 'CodeIgniter\Session\Handlers\FileHandler' driver.
DEBUG - 2026-03-02 10:15:50 --> Session: Class initialized using 'CodeIgniter\Session\Handlers\FileHandler' driver.
CRITICAL - 2026-03-02 10:15:50 --> CodeIgniter\View\Exceptions\ViewException: Invalid file: "admin/news/index.php"
[Method: GET, Route: admin/news/manage]
in SYSTEMPATH\Exceptions\FrameworkException.php on line 39.
 1 SYSTEMPATH\View\View.php(226): CodeIgniter\Exceptions\FrameworkException::forInvalidFile('admin/news/index.php')
 2 SYSTEMPATH\Common.php(1250): CodeIgniter\View\View->render('admin/news/index', [], true)
 3 APPPATH\Controllers\NewsController.php(113): view('admin/news/index', [...])
 4 SYSTEMPATH\CodeIgniter.php(951): App\Controllers\NewsController->index()
 5 SYSTEMPATH\CodeIgniter.php(497): CodeIgniter\CodeIgniter->runController(Object(App\Controllers\NewsController))
 6 SYSTEMPATH\CodeIgniter.php(340): CodeIgniter\CodeIgniter->handleRequest(null, Object(Config\Cache), false)
 7 SYSTEMPATH\Boot.php(417): CodeIgniter\CodeIgniter->run()
 8 SYSTEMPATH\Boot.php(68): CodeIgniter\Boot::runCodeIgniter(Object(CodeIgniter\CodeIgniter))
 9 FCPATH\index.php(59): CodeIgniter\Boot::bootWeb(Object(Config\Paths))
DEBUG - 2026-03-02 10:15:53 --> Session: Class initialized using 'CodeIgniter\Session\Handlers\FileHandler' driver.
CRITICAL - 2026-03-02 10:15:53 --> CodeIgniter\View\Exceptions\ViewException: Invalid file: "admin/news/index.php"
[Method: GET, Route: admin/news/manage]
in SYSTEMPATH\Exceptions\FrameworkException.php on line 39.
 1 SYSTEMPATH\View\View.php(226): CodeIgniter\Exceptions\FrameworkException::forInvalidFile('admin/news/index.php')
 2 SYSTEMPATH\Common.php(1250): CodeIgniter\View\View->render('admin/news/index', [], true)
 3 APPPATH\Controllers\NewsController.php(113): view('admin/news/index', [...])
 4 SYSTEMPATH\CodeIgniter.php(951): App\Controllers\NewsController->index()
 5 SYSTEMPATH\CodeIgniter.php(497): CodeIgniter\CodeIgniter->runController(Object(App\Controllers\NewsController))
 6 SYSTEMPATH\CodeIgniter.php(340): CodeIgniter\CodeIgniter->handleRequest(null, Object(Config\Cache), false)
 7 SYSTEMPATH\Boot.php(417): CodeIgniter\CodeIgniter->run()
 8 SYSTEMPATH\Boot.php(68): CodeIgniter\Boot::runCodeIgniter(Object(CodeIgniter\CodeIgniter))
 9 FCPATH\index.php(59): CodeIgniter\Boot::bootWeb(Object(Config\Paths))
DEBUG - 2026-03-02 10:17:03 --> Session: Class initialized using 'CodeIgniter\Session\Handlers\FileHandler' driver.
CRITICAL - 2026-03-02 10:17:03 --> ErrorException: Undefined variable $pager
[Method: GET, Route: admin/news/manage]
in APPPATH\Views\admin\news\index.php on line 102.
 1 APPPATH\Views\admin\news\index.php(102): CodeIgniter\Debug\Exceptions->errorHandler(2, 'Undefined variable $pager', 'E:\\Development Tools\\Xampp\\htdocs\\NToday-News\\app\\Views\\admin\\news\\index.php', 102)
 2 SYSTEMPATH\View\View.php(238): include('E:\\Development Tools\\Xampp\\htdocs\\NToday-News\\app\\Views\\admin\\news\\index.php')
 3 SYSTEMPATH\View\View.php(241): CodeIgniter\View\View->CodeIgniter\View\{closure}()
 4 SYSTEMPATH\Common.php(1250): CodeIgniter\View\View->render('admin/news/index', [], true)
 5 APPPATH\Controllers\NewsController.php(113): view('admin/news/index', [...])
 6 SYSTEMPATH\CodeIgniter.php(951): App\Controllers\NewsController->index()
 7 SYSTEMPATH\CodeIgniter.php(497): CodeIgniter\CodeIgniter->runController(Object(App\Controllers\NewsController))
 8 SYSTEMPATH\CodeIgniter.php(340): CodeIgniter\CodeIgniter->handleRequest(null, Object(Config\Cache), false)
 9 SYSTEMPATH\Boot.php(417): CodeIgniter\CodeIgniter->run()
10 SYSTEMPATH\Boot.php(68): CodeIgniter\Boot::runCodeIgniter(Object(CodeIgniter\CodeIgniter))
11 FCPATH\index.php(59): CodeIgniter\Boot::bootWeb(Object(Config\Paths))
DEBUG - 2026-03-02 10:17:04 --> Session: Class initialized using 'CodeIgniter\Session\Handlers\FileHandler' driver.
CRITICAL - 2026-03-02 10:17:04 --> ErrorException: Undefined variable $pager
[Method: GET, Route: admin/news/manage]
in APPPATH\Views\admin\news\index.php on line 102.
 1 APPPATH\Views\admin\news\index.php(102): CodeIgniter\Debug\Exceptions->errorHandler(2, 'Undefined variable $pager', 'E:\\Development Tools\\Xampp\\htdocs\\NToday-News\\app\\Views\\admin\\news\\index.php', 102)
 2 SYSTEMPATH\View\View.php(238): include('E:\\Development Tools\\Xampp\\htdocs\\NToday-News\\app\\Views\\admin\\news\\index.php')
 3 SYSTEMPATH\View\View.php(241): CodeIgniter\View\View->CodeIgniter\View\{closure}()
 4 SYSTEMPATH\Common.php(1250): CodeIgniter\View\View->render('admin/news/index', [], true)
 5 APPPATH\Controllers\NewsController.php(113): view('admin/news/index', [...])
 6 SYSTEMPATH\CodeIgniter.php(951): App\Controllers\NewsController->index()
 7 SYSTEMPATH\CodeIgniter.php(497): CodeIgniter\CodeIgniter->runController(Object(App\Controllers\NewsController))
 8 SYSTEMPATH\CodeIgniter.php(340): CodeIgniter\CodeIgniter->handleRequest(null, Object(Config\Cache), false)
 9 SYSTEMPATH\Boot.php(417): CodeIgniter\CodeIgniter->run()
10 SYSTEMPATH\Boot.php(68): CodeIgniter\Boot::runCodeIgniter(Object(CodeIgniter\CodeIgniter))
11 FCPATH\index.php(59): CodeIgniter\Boot::bootWeb(Object(Config\Paths))
DEBUG - 2026-03-02 10:17:05 --> Session: Class initialized using 'CodeIgniter\Session\Handlers\FileHandler' driver.
CRITICAL - 2026-03-02 10:17:05 --> ErrorException: Undefined variable $pager
[Method: GET, Route: admin/news/manage]
in APPPATH\Views\admin\news\index.php on line 102.
 1 APPPATH\Views\admin\news\index.php(102): CodeIgniter\Debug\Exceptions->errorHandler(2, 'Undefined variable $pager', 'E:\\Development Tools\\Xampp\\htdocs\\NToday-News\\app\\Views\\admin\\news\\index.php', 102)
 2 SYSTEMPATH\View\View.php(238): include('E:\\Development Tools\\Xampp\\htdocs\\NToday-News\\app\\Views\\admin\\news\\index.php')
 3 SYSTEMPATH\View\View.php(241): CodeIgniter\View\View->CodeIgniter\View\{closure}()
 4 SYSTEMPATH\Common.php(1250): CodeIgniter\View\View->render('admin/news/index', [], true)
 5 APPPATH\Controllers\NewsController.php(113): view('admin/news/index', [...])
 6 SYSTEMPATH\CodeIgniter.php(951): App\Controllers\NewsController->index()
 7 SYSTEMPATH\CodeIgniter.php(497): CodeIgniter\CodeIgniter->runController(Object(App\Controllers\NewsController))
 8 SYSTEMPATH\CodeIgniter.php(340): CodeIgniter\CodeIgniter->handleRequest(null, Object(Config\Cache), false)
 9 SYSTEMPATH\Boot.php(417): CodeIgniter\CodeIgniter->run()
10 SYSTEMPATH\Boot.php(68): CodeIgniter\Boot::runCodeIgniter(Object(CodeIgniter\CodeIgniter))
11 FCPATH\index.php(59): CodeIgniter\Boot::bootWeb(Object(Config\Paths))
DEBUG - 2026-03-02 10:19:30 --> Session: Class initialized using 'CodeIgniter\Session\Handlers\FileHandler' driver.
CRITICAL - 2026-03-02 10:19:30 --> ErrorException: Undefined variable $pager
[Method: GET, Route: admin/news/manage]
in APPPATH\Views\admin\news\index.php on line 102.
 1 APPPATH\Views\admin\news\index.php(102): CodeIgniter\Debug\Exceptions->errorHandler(2, 'Undefined variable $pager', 'E:\\Development Tools\\Xampp\\htdocs\\NToday-News\\app\\Views\\admin\\news\\index.php', 102)
 2 SYSTEMPATH\View\View.php(238): include('E:\\Development Tools\\Xampp\\htdocs\\NToday-News\\app\\Views\\admin\\news\\index.php')
 3 SYSTEMPATH\View\View.php(241): CodeIgniter\View\View->CodeIgniter\View\{closure}()
 4 SYSTEMPATH\Common.php(1250): CodeIgniter\View\View->render('admin/news/index', [], true)
 5 APPPATH\Controllers\NewsController.php(113): view('admin/news/index', [...])
 6 SYSTEMPATH\CodeIgniter.php(951): App\Controllers\NewsController->index()
 7 SYSTEMPATH\CodeIgniter.php(497): CodeIgniter\CodeIgniter->runController(Object(App\Controllers\NewsController))
 8 SYSTEMPATH\CodeIgniter.php(340): CodeIgniter\CodeIgniter->handleRequest(null, Object(Config\Cache), false)
 9 SYSTEMPATH\Boot.php(417): CodeIgniter\CodeIgniter->run()
10 SYSTEMPATH\Boot.php(68): CodeIgniter\Boot::runCodeIgniter(Object(CodeIgniter\CodeIgniter))
11 FCPATH\index.php(59): CodeIgniter\Boot::bootWeb(Object(Config\Paths))
DEBUG - 2026-03-02 10:19:31 --> Session: Class initialized using 'CodeIgniter\Session\Handlers\FileHandler' driver.
CRITICAL - 2026-03-02 10:19:31 --> ErrorException: Undefined variable $pager
[Method: GET, Route: admin/news/manage]
in APPPATH\Views\admin\news\index.php on line 102.
 1 APPPATH\Views\admin\news\index.php(102): CodeIgniter\Debug\Exceptions->errorHandler(2, 'Undefined variable $pager', 'E:\\Development Tools\\Xampp\\htdocs\\NToday-News\\app\\Views\\admin\\news\\index.php', 102)
 2 SYSTEMPATH\View\View.php(238): include('E:\\Development Tools\\Xampp\\htdocs\\NToday-News\\app\\Views\\admin\\news\\index.php')
 3 SYSTEMPATH\View\View.php(241): CodeIgniter\View\View->CodeIgniter\View\{closure}()
 4 SYSTEMPATH\Common.php(1250): CodeIgniter\View\View->render('admin/news/index', [], true)
 5 APPPATH\Controllers\NewsController.php(113): view('admin/news/index', [...])
 6 SYSTEMPATH\CodeIgniter.php(951): App\Controllers\NewsController->index()
 7 SYSTEMPATH\CodeIgniter.php(497): CodeIgniter\CodeIgniter->runController(Object(App\Controllers\NewsController))
 8 SYSTEMPATH\CodeIgniter.php(340): CodeIgniter\CodeIgniter->handleRequest(null, Object(Config\Cache), false)
 9 SYSTEMPATH\Boot.php(417): CodeIgniter\CodeIgniter->run()
10 SYSTEMPATH\Boot.php(68): CodeIgniter\Boot::runCodeIgniter(Object(CodeIgniter\CodeIgniter))
11 FCPATH\index.php(59): CodeIgniter\Boot::bootWeb(Object(Config\Paths))
DEBUG - 2026-03-02 10:19:31 --> Session: Class initialized using 'CodeIgniter\Session\Handlers\FileHandler' driver.
CRITICAL - 2026-03-02 10:19:31 --> ErrorException: Undefined variable $pager
[Method: GET, Route: admin/news/manage]
in APPPATH\Views\admin\news\index.php on line 102.
 1 APPPATH\Views\admin\news\index.php(102): CodeIgniter\Debug\Exceptions->errorHandler(2, 'Undefined variable $pager', 'E:\\Development Tools\\Xampp\\htdocs\\NToday-News\\app\\Views\\admin\\news\\index.php', 102)
 2 SYSTEMPATH\View\View.php(238): include('E:\\Development Tools\\Xampp\\htdocs\\NToday-News\\app\\Views\\admin\\news\\index.php')
 3 SYSTEMPATH\View\View.php(241): CodeIgniter\View\View->CodeIgniter\View\{closure}()
 4 SYSTEMPATH\Common.php(1250): CodeIgniter\View\View->render('admin/news/index', [], true)
 5 APPPATH\Controllers\NewsController.php(113): view('admin/news/index', [...])
 6 SYSTEMPATH\CodeIgniter.php(951): App\Controllers\NewsController->index()
 7 SYSTEMPATH\CodeIgniter.php(497): CodeIgniter\CodeIgniter->runController(Object(App\Controllers\NewsController))
 8 SYSTEMPATH\CodeIgniter.php(340): CodeIgniter\CodeIgniter->handleRequest(null, Object(Config\Cache), false)
 9 SYSTEMPATH\Boot.php(417): CodeIgniter\CodeIgniter->run()
10 SYSTEMPATH\Boot.php(68): CodeIgniter\Boot::runCodeIgniter(Object(CodeIgniter\CodeIgniter))
11 FCPATH\index.php(59): CodeIgniter\Boot::bootWeb(Object(Config\Paths))
DEBUG - 2026-03-02 10:19:31 --> Session: Class initialized using 'CodeIgniter\Session\Handlers\FileHandler' driver.
CRITICAL - 2026-03-02 10:19:31 --> ErrorException: Undefined variable $pager
[Method: GET, Route: admin/news/manage]
in APPPATH\Views\admin\news\index.php on line 102.
 1 APPPATH\Views\admin\news\index.php(102): CodeIgniter\Debug\Exceptions->errorHandler(2, 'Undefined variable $pager', 'E:\\Development Tools\\Xampp\\htdocs\\NToday-News\\app\\Views\\admin\\news\\index.php', 102)
 2 SYSTEMPATH\View\View.php(238): include('E:\\Development Tools\\Xampp\\htdocs\\NToday-News\\app\\Views\\admin\\news\\index.php')
 3 SYSTEMPATH\View\View.php(241): CodeIgniter\View\View->CodeIgniter\View\{closure}()
 4 SYSTEMPATH\Common.php(1250): CodeIgniter\View\View->render('admin/news/index', [], true)
 5 APPPATH\Controllers\NewsController.php(113): view('admin/news/index', [...])
 6 SYSTEMPATH\CodeIgniter.php(951): App\Controllers\NewsController->index()
 7 SYSTEMPATH\CodeIgniter.php(497): CodeIgniter\CodeIgniter->runController(Object(App\Controllers\NewsController))
 8 SYSTEMPATH\CodeIgniter.php(340): CodeIgniter\CodeIgniter->handleRequest(null, Object(Config\Cache), false)
 9 SYSTEMPATH\Boot.php(417): CodeIgniter\CodeIgniter->run()
10 SYSTEMPATH\Boot.php(68): CodeIgniter\Boot::runCodeIgniter(Object(CodeIgniter\CodeIgniter))
11 FCPATH\index.php(59): CodeIgniter\Boot::bootWeb(Object(Config\Paths))
DEBUG - 2026-03-02 10:19:32 --> Session: Class initialized using 'CodeIgniter\Session\Handlers\FileHandler' driver.
CRITICAL - 2026-03-02 10:19:32 --> ErrorException: Undefined variable $pager
[Method: GET, Route: admin/news/manage]
in APPPATH\Views\admin\news\index.php on line 102.
 1 APPPATH\Views\admin\news\index.php(102): CodeIgniter\Debug\Exceptions->errorHandler(2, 'Undefined variable $pager', 'E:\\Development Tools\\Xampp\\htdocs\\NToday-News\\app\\Views\\admin\\news\\index.php', 102)
 2 SYSTEMPATH\View\View.php(238): include('E:\\Development Tools\\Xampp\\htdocs\\NToday-News\\app\\Views\\admin\\news\\index.php')
 3 SYSTEMPATH\View\View.php(241): CodeIgniter\View\View->CodeIgniter\View\{closure}()
 4 SYSTEMPATH\Common.php(1250): CodeIgniter\View\View->render('admin/news/index', [], true)
 5 APPPATH\Controllers\NewsController.php(113): view('admin/news/index', [...])
 6 SYSTEMPATH\CodeIgniter.php(951): App\Controllers\NewsController->index()
 7 SYSTEMPATH\CodeIgniter.php(497): CodeIgniter\CodeIgniter->runController(Object(App\Controllers\NewsController))
 8 SYSTEMPATH\CodeIgniter.php(340): CodeIgniter\CodeIgniter->handleRequest(null, Object(Config\Cache), false)
 9 SYSTEMPATH\Boot.php(417): CodeIgniter\CodeIgniter->run()
10 SYSTEMPATH\Boot.php(68): CodeIgniter\Boot::runCodeIgniter(Object(CodeIgniter\CodeIgniter))
11 FCPATH\index.php(59): CodeIgniter\Boot::bootWeb(Object(Config\Paths))
DEBUG - 2026-03-02 10:19:32 --> Session: Class initialized using 'CodeIgniter\Session\Handlers\FileHandler' driver.
CRITICAL - 2026-03-02 10:19:32 --> ErrorException: Undefined variable $pager
[Method: GET, Route: admin/news/manage]
in APPPATH\Views\admin\news\index.php on line 102.
 1 APPPATH\Views\admin\news\index.php(102): CodeIgniter\Debug\Exceptions->errorHandler(2, 'Undefined variable $pager', 'E:\\Development Tools\\Xampp\\htdocs\\NToday-News\\app\\Views\\admin\\news\\index.php', 102)
 2 SYSTEMPATH\View\View.php(238): include('E:\\Development Tools\\Xampp\\htdocs\\NToday-News\\app\\Views\\admin\\news\\index.php')
 3 SYSTEMPATH\View\View.php(241): CodeIgniter\View\View->CodeIgniter\View\{closure}()
 4 SYSTEMPATH\Common.php(1250): CodeIgniter\View\View->render('admin/news/index', [], true)
 5 APPPATH\Controllers\NewsController.php(113): view('admin/news/index', [...])
 6 SYSTEMPATH\CodeIgniter.php(951): App\Controllers\NewsController->index()
 7 SYSTEMPATH\CodeIgniter.php(497): CodeIgniter\CodeIgniter->runController(Object(App\Controllers\NewsController))
 8 SYSTEMPATH\CodeIgniter.php(340): CodeIgniter\CodeIgniter->handleRequest(null, Object(Config\Cache), false)
 9 SYSTEMPATH\Boot.php(417): CodeIgniter\CodeIgniter->run()
10 SYSTEMPATH\Boot.php(68): CodeIgniter\Boot::runCodeIgniter(Object(CodeIgniter\CodeIgniter))
11 FCPATH\index.php(59): CodeIgniter\Boot::bootWeb(Object(Config\Paths))
DEBUG - 2026-03-02 10:19:32 --> Session: Class initialized using 'CodeIgniter\Session\Handlers\FileHandler' driver.
CRITICAL - 2026-03-02 10:19:32 --> ErrorException: Undefined variable $pager
[Method: GET, Route: admin/news/manage]
in APPPATH\Views\admin\news\index.php on line 102.
 1 APPPATH\Views\admin\news\index.php(102): CodeIgniter\Debug\Exceptions->errorHandler(2, 'Undefined variable $pager', 'E:\\Development Tools\\Xampp\\htdocs\\NToday-News\\app\\Views\\admin\\news\\index.php', 102)
 2 SYSTEMPATH\View\View.php(238): include('E:\\Development Tools\\Xampp\\htdocs\\NToday-News\\app\\Views\\admin\\news\\index.php')
 3 SYSTEMPATH\View\View.php(241): CodeIgniter\View\View->CodeIgniter\View\{closure}()
 4 SYSTEMPATH\Common.php(1250): CodeIgniter\View\View->render('admin/news/index', [], true)
 5 APPPATH\Controllers\NewsController.php(113): view('admin/news/index', [...])
 6 SYSTEMPATH\CodeIgniter.php(951): App\Controllers\NewsController->index()
 7 SYSTEMPATH\CodeIgniter.php(497): CodeIgniter\CodeIgniter->runController(Object(App\Controllers\NewsController))
 8 SYSTEMPATH\CodeIgniter.php(340): CodeIgniter\CodeIgniter->handleRequest(null, Object(Config\Cache), false)
 9 SYSTEMPATH\Boot.php(417): CodeIgniter\CodeIgniter->run()
10 SYSTEMPATH\Boot.php(68): CodeIgniter\Boot::runCodeIgniter(Object(CodeIgniter\CodeIgniter))
11 FCPATH\index.php(59): CodeIgniter\Boot::bootWeb(Object(Config\Paths))
DEBUG - 2026-03-02 10:19:32 --> Session: Class initialized using 'CodeIgniter\Session\Handlers\FileHandler' driver.
CRITICAL - 2026-03-02 10:19:32 --> ErrorException: Undefined variable $pager
[Method: GET, Route: admin/news/manage]
in APPPATH\Views\admin\news\index.php on line 102.
 1 APPPATH\Views\admin\news\index.php(102): CodeIgniter\Debug\Exceptions->errorHandler(2, 'Undefined variable $pager', 'E:\\Development Tools\\Xampp\\htdocs\\NToday-News\\app\\Views\\admin\\news\\index.php', 102)
 2 SYSTEMPATH\View\View.php(238): include('E:\\Development Tools\\Xampp\\htdocs\\NToday-News\\app\\Views\\admin\\news\\index.php')
 3 SYSTEMPATH\View\View.php(241): CodeIgniter\View\View->CodeIgniter\View\{closure}()
 4 SYSTEMPATH\Common.php(1250): CodeIgniter\View\View->render('admin/news/index', [], true)
 5 APPPATH\Controllers\NewsController.php(113): view('admin/news/index', [...])
 6 SYSTEMPATH\CodeIgniter.php(951): App\Controllers\NewsController->index()
 7 SYSTEMPATH\CodeIgniter.php(497): CodeIgniter\CodeIgniter->runController(Object(App\Controllers\NewsController))
 8 SYSTEMPATH\CodeIgniter.php(340): CodeIgniter\CodeIgniter->handleRequest(null, Object(Config\Cache), false)
 9 SYSTEMPATH\Boot.php(417): CodeIgniter\CodeIgniter->run()
10 SYSTEMPATH\Boot.php(68): CodeIgniter\Boot::runCodeIgniter(Object(CodeIgniter\CodeIgniter))
11 FCPATH\index.php(59): CodeIgniter\Boot::bootWeb(Object(Config\Paths))
DEBUG - 2026-03-02 10:19:32 --> Session: Class initialized using 'CodeIgniter\Session\Handlers\FileHandler' driver.
CRITICAL - 2026-03-02 10:19:32 --> ErrorException: Undefined variable $pager
[Method: GET, Route: admin/news/manage]
in APPPATH\Views\admin\news\index.php on line 102.
 1 APPPATH\Views\admin\news\index.php(102): CodeIgniter\Debug\Exceptions->errorHandler(2, 'Undefined variable $pager', 'E:\\Development Tools\\Xampp\\htdocs\\NToday-News\\app\\Views\\admin\\news\\index.php', 102)
 2 SYSTEMPATH\View\View.php(238): include('E:\\Development Tools\\Xampp\\htdocs\\NToday-News\\app\\Views\\admin\\news\\index.php')
 3 SYSTEMPATH\View\View.php(241): CodeIgniter\View\View->CodeIgniter\View\{closure}()
 4 SYSTEMPATH\Common.php(1250): CodeIgniter\View\View->render('admin/news/index', [], true)
 5 APPPATH\Controllers\NewsController.php(113): view('admin/news/index', [...])
 6 SYSTEMPATH\CodeIgniter.php(951): App\Controllers\NewsController->index()
 7 SYSTEMPATH\CodeIgniter.php(497): CodeIgniter\CodeIgniter->runController(Object(App\Controllers\NewsController))
 8 SYSTEMPATH\CodeIgniter.php(340): CodeIgniter\CodeIgniter->handleRequest(null, Object(Config\Cache), false)
 9 SYSTEMPATH\Boot.php(417): CodeIgniter\CodeIgniter->run()
10 SYSTEMPATH\Boot.php(68): CodeIgniter\Boot::runCodeIgniter(Object(CodeIgniter\CodeIgniter))
11 FCPATH\index.php(59): CodeIgniter\Boot::bootWeb(Object(Config\Paths))
DEBUG - 2026-03-02 10:19:36 --> Session: Class initialized using 'CodeIgniter\Session\Handlers\FileHandler' driver.
CRITICAL - 2026-03-02 10:19:36 --> ErrorException: Undefined variable $pager
[Method: GET, Route: admin/news/manage]
in APPPATH\Views\admin\news\index.php on line 102.
 1 APPPATH\Views\admin\news\index.php(102): CodeIgniter\Debug\Exceptions->errorHandler(2, 'Undefined variable $pager', 'E:\\Development Tools\\Xampp\\htdocs\\NToday-News\\app\\Views\\admin\\news\\index.php', 102)
 2 SYSTEMPATH\View\View.php(238): include('E:\\Development Tools\\Xampp\\htdocs\\NToday-News\\app\\Views\\admin\\news\\index.php')
 3 SYSTEMPATH\View\View.php(241): CodeIgniter\View\View->CodeIgniter\View\{closure}()
 4 SYSTEMPATH\Common.php(1250): CodeIgniter\View\View->render('admin/news/index', [], true)
 5 APPPATH\Controllers\NewsController.php(113): view('admin/news/index', [...])
 6 SYSTEMPATH\CodeIgniter.php(951): App\Controllers\NewsController->index()
 7 SYSTEMPATH\CodeIgniter.php(497): CodeIgniter\CodeIgniter->runController(Object(App\Controllers\NewsController))
 8 SYSTEMPATH\CodeIgniter.php(340): CodeIgniter\CodeIgniter->handleRequest(null, Object(Config\Cache), false)
 9 SYSTEMPATH\Boot.php(417): CodeIgniter\CodeIgniter->run()
10 SYSTEMPATH\Boot.php(68): CodeIgniter\Boot::runCodeIgniter(Object(CodeIgniter\CodeIgniter))
11 FCPATH\index.php(59): CodeIgniter\Boot::bootWeb(Object(Config\Paths))
DEBUG - 2026-03-02 10:19:36 --> Session: Class initialized using 'CodeIgniter\Session\Handlers\FileHandler' driver.
CRITICAL - 2026-03-02 10:19:36 --> ErrorException: Undefined variable $pager
[Method: GET, Route: admin/news/manage]
in APPPATH\Views\admin\news\index.php on line 102.
 1 APPPATH\Views\admin\news\index.php(102): CodeIgniter\Debug\Exceptions->errorHandler(2, 'Undefined variable $pager', 'E:\\Development Tools\\Xampp\\htdocs\\NToday-News\\app\\Views\\admin\\news\\index.php', 102)
 2 SYSTEMPATH\View\View.php(238): include('E:\\Development Tools\\Xampp\\htdocs\\NToday-News\\app\\Views\\admin\\news\\index.php')
 3 SYSTEMPATH\View\View.php(241): CodeIgniter\View\View->CodeIgniter\View\{closure}()
 4 SYSTEMPATH\Common.php(1250): CodeIgniter\View\View->render('admin/news/index', [], true)
 5 APPPATH\Controllers\NewsController.php(113): view('admin/news/index', [...])
 6 SYSTEMPATH\CodeIgniter.php(951): App\Controllers\NewsController->index()
 7 SYSTEMPATH\CodeIgniter.php(497): CodeIgniter\CodeIgniter->runController(Object(App\Controllers\NewsController))
 8 SYSTEMPATH\CodeIgniter.php(340): CodeIgniter\CodeIgniter->handleRequest(null, Object(Config\Cache), false)
 9 SYSTEMPATH\Boot.php(417): CodeIgniter\CodeIgniter->run()
10 SYSTEMPATH\Boot.php(68): CodeIgniter\Boot::runCodeIgniter(Object(CodeIgniter\CodeIgniter))
11 FCPATH\index.php(59): CodeIgniter\Boot::bootWeb(Object(Config\Paths))
DEBUG - 2026-03-02 10:19:37 --> Session: Class initialized using 'CodeIgniter\Session\Handlers\FileHandler' driver.
CRITICAL - 2026-03-02 10:19:37 --> ErrorException: Undefined variable $pager
[Method: GET, Route: admin/news/manage]
in APPPATH\Views\admin\news\index.php on line 102.
 1 APPPATH\Views\admin\news\index.php(102): CodeIgniter\Debug\Exceptions->errorHandler(2, 'Undefined variable $pager', 'E:\\Development Tools\\Xampp\\htdocs\\NToday-News\\app\\Views\\admin\\news\\index.php', 102)
 2 SYSTEMPATH\View\View.php(238): include('E:\\Development Tools\\Xampp\\htdocs\\NToday-News\\app\\Views\\admin\\news\\index.php')
 3 SYSTEMPATH\View\View.php(241): CodeIgniter\View\View->CodeIgniter\View\{closure}()
 4 SYSTEMPATH\Common.php(1250): CodeIgniter\View\View->render('admin/news/index', [], true)
 5 APPPATH\Controllers\NewsController.php(113): view('admin/news/index', [...])
 6 SYSTEMPATH\CodeIgniter.php(951): App\Controllers\NewsController->index()
 7 SYSTEMPATH\CodeIgniter.php(497): CodeIgniter\CodeIgniter->runController(Object(App\Controllers\NewsController))
 8 SYSTEMPATH\CodeIgniter.php(340): CodeIgniter\CodeIgniter->handleRequest(null, Object(Config\Cache), false)
 9 SYSTEMPATH\Boot.php(417): CodeIgniter\CodeIgniter->run()
10 SYSTEMPATH\Boot.php(68): CodeIgniter\Boot::runCodeIgniter(Object(CodeIgniter\CodeIgniter))
11 FCPATH\index.php(59): CodeIgniter\Boot::bootWeb(Object(Config\Paths))
DEBUG - 2026-03-02 10:19:37 --> Session: Class initialized using 'CodeIgniter\Session\Handlers\FileHandler' driver.
CRITICAL - 2026-03-02 10:19:37 --> ErrorException: Undefined variable $pager
[Method: GET, Route: admin/news/manage]
in APPPATH\Views\admin\news\index.php on line 102.
 1 APPPATH\Views\admin\news\index.php(102): CodeIgniter\Debug\Exceptions->errorHandler(2, 'Undefined variable $pager', 'E:\\Development Tools\\Xampp\\htdocs\\NToday-News\\app\\Views\\admin\\news\\index.php', 102)
 2 SYSTEMPATH\View\View.php(238): include('E:\\Development Tools\\Xampp\\htdocs\\NToday-News\\app\\Views\\admin\\news\\index.php')
 3 SYSTEMPATH\View\View.php(241): CodeIgniter\View\View->CodeIgniter\View\{closure}()
 4 SYSTEMPATH\Common.php(1250): CodeIgniter\View\View->render('admin/news/index', [], true)
 5 APPPATH\Controllers\NewsController.php(113): view('admin/news/index', [...])
 6 SYSTEMPATH\CodeIgniter.php(951): App\Controllers\NewsController->index()
 7 SYSTEMPATH\CodeIgniter.php(497): CodeIgniter\CodeIgniter->runController(Object(App\Controllers\NewsController))
 8 SYSTEMPATH\CodeIgniter.php(340): CodeIgniter\CodeIgniter->handleRequest(null, Object(Config\Cache), false)
 9 SYSTEMPATH\Boot.php(417): CodeIgniter\CodeIgniter->run()
10 SYSTEMPATH\Boot.php(68): CodeIgniter\Boot::runCodeIgniter(Object(CodeIgniter\CodeIgniter))
11 FCPATH\index.php(59): CodeIgniter\Boot::bootWeb(Object(Config\Paths))
DEBUG - 2026-03-02 10:19:37 --> Session: Class initialized using 'CodeIgniter\Session\Handlers\FileHandler' driver.
CRITICAL - 2026-03-02 10:19:37 --> ErrorException: Undefined variable $pager
[Method: GET, Route: admin/news/manage]
in APPPATH\Views\admin\news\index.php on line 102.
 1 APPPATH\Views\admin\news\index.php(102): CodeIgniter\Debug\Exceptions->errorHandler(2, 'Undefined variable $pager', 'E:\\Development Tools\\Xampp\\htdocs\\NToday-News\\app\\Views\\admin\\news\\index.php', 102)
 2 SYSTEMPATH\View\View.php(238): include('E:\\Development Tools\\Xampp\\htdocs\\NToday-News\\app\\Views\\admin\\news\\index.php')
 3 SYSTEMPATH\View\View.php(241): CodeIgniter\View\View->CodeIgniter\View\{closure}()
 4 SYSTEMPATH\Common.php(1250): CodeIgniter\View\View->render('admin/news/index', [], true)
 5 APPPATH\Controllers\NewsController.php(113): view('admin/news/index', [...])
 6 SYSTEMPATH\CodeIgniter.php(951): App\Controllers\NewsController->index()
 7 SYSTEMPATH\CodeIgniter.php(497): CodeIgniter\CodeIgniter->runController(Object(App\Controllers\NewsController))
 8 SYSTEMPATH\CodeIgniter.php(340): CodeIgniter\CodeIgniter->handleRequest(null, Object(Config\Cache), false)
 9 SYSTEMPATH\Boot.php(417): CodeIgniter\CodeIgniter->run()
10 SYSTEMPATH\Boot.php(68): CodeIgniter\Boot::runCodeIgniter(Object(CodeIgniter\CodeIgniter))
11 FCPATH\index.php(59): CodeIgniter\Boot::bootWeb(Object(Config\Paths))
DEBUG - 2026-03-02 10:19:37 --> Session: Class initialized using 'CodeIgniter\Session\Handlers\FileHandler' driver.
CRITICAL - 2026-03-02 10:19:37 --> ErrorException: Undefined variable $pager
[Method: GET, Route: admin/news/manage]
in APPPATH\Views\admin\news\index.php on line 102.
 1 APPPATH\Views\admin\news\index.php(102): CodeIgniter\Debug\Exceptions->errorHandler(2, 'Undefined variable $pager', 'E:\\Development Tools\\Xampp\\htdocs\\NToday-News\\app\\Views\\admin\\news\\index.php', 102)
 2 SYSTEMPATH\View\View.php(238): include('E:\\Development Tools\\Xampp\\htdocs\\NToday-News\\app\\Views\\admin\\news\\index.php')
 3 SYSTEMPATH\View\View.php(241): CodeIgniter\View\View->CodeIgniter\View\{closure}()
 4 SYSTEMPATH\Common.php(1250): CodeIgniter\View\View->render('admin/news/index', [], true)
 5 APPPATH\Controllers\NewsController.php(113): view('admin/news/index', [...])
 6 SYSTEMPATH\CodeIgniter.php(951): App\Controllers\NewsController->index()
 7 SYSTEMPATH\CodeIgniter.php(497): CodeIgniter\CodeIgniter->runController(Object(App\Controllers\NewsController))
 8 SYSTEMPATH\CodeIgniter.php(340): CodeIgniter\CodeIgniter->handleRequest(null, Object(Config\Cache), false)
 9 SYSTEMPATH\Boot.php(417): CodeIgniter\CodeIgniter->run()
10 SYSTEMPATH\Boot.php(68): CodeIgniter\Boot::runCodeIgniter(Object(CodeIgniter\CodeIgniter))
11 FCPATH\index.php(59): CodeIgniter\Boot::bootWeb(Object(Config\Paths))
DEBUG - 2026-03-02 10:19:37 --> Session: Class initialized using 'CodeIgniter\Session\Handlers\FileHandler' driver.
CRITICAL - 2026-03-02 10:19:37 --> ErrorException: Undefined variable $pager
[Method: GET, Route: admin/news/manage]
in APPPATH\Views\admin\news\index.php on line 102.
 1 APPPATH\Views\admin\news\index.php(102): CodeIgniter\Debug\Exceptions->errorHandler(2, 'Undefined variable $pager', 'E:\\Development Tools\\Xampp\\htdocs\\NToday-News\\app\\Views\\admin\\news\\index.php', 102)
 2 SYSTEMPATH\View\View.php(238): include('E:\\Development Tools\\Xampp\\htdocs\\NToday-News\\app\\Views\\admin\\news\\index.php')
 3 SYSTEMPATH\View\View.php(241): CodeIgniter\View\View->CodeIgniter\View\{closure}()
 4 SYSTEMPATH\Common.php(1250): CodeIgniter\View\View->render('admin/news/index', [], true)
 5 APPPATH\Controllers\NewsController.php(113): view('admin/news/index', [...])
 6 SYSTEMPATH\CodeIgniter.php(951): App\Controllers\NewsController->index()
 7 SYSTEMPATH\CodeIgniter.php(497): CodeIgniter\CodeIgniter->runController(Object(App\Controllers\NewsController))
 8 SYSTEMPATH\CodeIgniter.php(340): CodeIgniter\CodeIgniter->handleRequest(null, Object(Config\Cache), false)
 9 SYSTEMPATH\Boot.php(417): CodeIgniter\CodeIgniter->run()
10 SYSTEMPATH\Boot.php(68): CodeIgniter\Boot::runCodeIgniter(Object(CodeIgniter\CodeIgniter))
11 FCPATH\index.php(59): CodeIgniter\Boot::bootWeb(Object(Config\Paths))
DEBUG - 2026-03-02 10:19:38 --> Session: Class initialized using 'CodeIgniter\Session\Handlers\FileHandler' driver.
CRITICAL - 2026-03-02 10:19:38 --> ErrorException: Undefined variable $pager
[Method: GET, Route: admin/news/manage]
in APPPATH\Views\admin\news\index.php on line 102.
 1 APPPATH\Views\admin\news\index.php(102): CodeIgniter\Debug\Exceptions->errorHandler(2, 'Undefined variable $pager', 'E:\\Development Tools\\Xampp\\htdocs\\NToday-News\\app\\Views\\admin\\news\\index.php', 102)
 2 SYSTEMPATH\View\View.php(238): include('E:\\Development Tools\\Xampp\\htdocs\\NToday-News\\app\\Views\\admin\\news\\index.php')
 3 SYSTEMPATH\View\View.php(241): CodeIgniter\View\View->CodeIgniter\View\{closure}()
 4 SYSTEMPATH\Common.php(1250): CodeIgniter\View\View->render('admin/news/index', [], true)
 5 APPPATH\Controllers\NewsController.php(113): view('admin/news/index', [...])
 6 SYSTEMPATH\CodeIgniter.php(951): App\Controllers\NewsController->index()
 7 SYSTEMPATH\CodeIgniter.php(497): CodeIgniter\CodeIgniter->runController(Object(App\Controllers\NewsController))
 8 SYSTEMPATH\CodeIgniter.php(340): CodeIgniter\CodeIgniter->handleRequest(null, Object(Config\Cache), false)
 9 SYSTEMPATH\Boot.php(417): CodeIgniter\CodeIgniter->run()
10 SYSTEMPATH\Boot.php(68): CodeIgniter\Boot::runCodeIgniter(Object(CodeIgniter\CodeIgniter))
11 FCPATH\index.php(59): CodeIgniter\Boot::bootWeb(Object(Config\Paths))
DEBUG - 2026-03-02 10:19:38 --> Session: Class initialized using 'CodeIgniter\Session\Handlers\FileHandler' driver.
CRITICAL - 2026-03-02 10:19:38 --> ErrorException: Undefined variable $pager
[Method: GET, Route: admin/news/manage]
in APPPATH\Views\admin\news\index.php on line 102.
 1 APPPATH\Views\admin\news\index.php(102): CodeIgniter\Debug\Exceptions->errorHandler(2, 'Undefined variable $pager', 'E:\\Development Tools\\Xampp\\htdocs\\NToday-News\\app\\Views\\admin\\news\\index.php', 102)
 2 SYSTEMPATH\View\View.php(238): include('E:\\Development Tools\\Xampp\\htdocs\\NToday-News\\app\\Views\\admin\\news\\index.php')
 3 SYSTEMPATH\View\View.php(241): CodeIgniter\View\View->CodeIgniter\View\{closure}()
 4 SYSTEMPATH\Common.php(1250): CodeIgniter\View\View->render('admin/news/index', [], true)
 5 APPPATH\Controllers\NewsController.php(113): view('admin/news/index', [...])
 6 SYSTEMPATH\CodeIgniter.php(951): App\Controllers\NewsController->index()
 7 SYSTEMPATH\CodeIgniter.php(497): CodeIgniter\CodeIgniter->runController(Object(App\Controllers\NewsController))
 8 SYSTEMPATH\CodeIgniter.php(340): CodeIgniter\CodeIgniter->handleRequest(null, Object(Config\Cache), false)
 9 SYSTEMPATH\Boot.php(417): CodeIgniter\CodeIgniter->run()
10 SYSTEMPATH\Boot.php(68): CodeIgniter\Boot::runCodeIgniter(Object(CodeIgniter\CodeIgniter))
11 FCPATH\index.php(59): CodeIgniter\Boot::bootWeb(Object(Config\Paths))
DEBUG - 2026-03-02 10:19:38 --> Session: Class initialized using 'CodeIgniter\Session\Handlers\FileHandler' driver.
CRITICAL - 2026-03-02 10:19:38 --> ErrorException: Undefined variable $pager
[Method: GET, Route: admin/news/manage]
in APPPATH\Views\admin\news\index.php on line 102.
 1 APPPATH\Views\admin\news\index.php(102): CodeIgniter\Debug\Exceptions->errorHandler(2, 'Undefined variable $pager', 'E:\\Development Tools\\Xampp\\htdocs\\NToday-News\\app\\Views\\admin\\news\\index.php', 102)
 2 SYSTEMPATH\View\View.php(238): include('E:\\Development Tools\\Xampp\\htdocs\\NToday-News\\app\\Views\\admin\\news\\index.php')
 3 SYSTEMPATH\View\View.php(241): CodeIgniter\View\View->CodeIgniter\View\{closure}()
 4 SYSTEMPATH\Common.php(1250): CodeIgniter\View\View->render('admin/news/index', [], true)
 5 APPPATH\Controllers\NewsController.php(113): view('admin/news/index', [...])
 6 SYSTEMPATH\CodeIgniter.php(951): App\Controllers\NewsController->index()
 7 SYSTEMPATH\CodeIgniter.php(497): CodeIgniter\CodeIgniter->runController(Object(App\Controllers\NewsController))
 8 SYSTEMPATH\CodeIgniter.php(340): CodeIgniter\CodeIgniter->handleRequest(null, Object(Config\Cache), false)
 9 SYSTEMPATH\Boot.php(417): CodeIgniter\CodeIgniter->run()
10 SYSTEMPATH\Boot.php(68): CodeIgniter\Boot::runCodeIgniter(Object(CodeIgniter\CodeIgniter))
11 FCPATH\index.php(59): CodeIgniter\Boot::bootWeb(Object(Config\Paths))
DEBUG - 2026-03-02 10:19:38 --> Session: Class initialized using 'CodeIgniter\Session\Handlers\FileHandler' driver.
CRITICAL - 2026-03-02 10:19:38 --> ErrorException: Undefined variable $pager
[Method: GET, Route: admin/news/manage]
in APPPATH\Views\admin\news\index.php on line 102.
 1 APPPATH\Views\admin\news\index.php(102): CodeIgniter\Debug\Exceptions->errorHandler(2, 'Undefined variable $pager', 'E:\\Development Tools\\Xampp\\htdocs\\NToday-News\\app\\Views\\admin\\news\\index.php', 102)
 2 SYSTEMPATH\View\View.php(238): include('E:\\Development Tools\\Xampp\\htdocs\\NToday-News\\app\\Views\\admin\\news\\index.php')
 3 SYSTEMPATH\View\View.php(241): CodeIgniter\View\View->CodeIgniter\View\{closure}()
 4 SYSTEMPATH\Common.php(1250): CodeIgniter\View\View->render('admin/news/index', [], true)
 5 APPPATH\Controllers\NewsController.php(113): view('admin/news/index', [...])
 6 SYSTEMPATH\CodeIgniter.php(951): App\Controllers\NewsController->index()
 7 SYSTEMPATH\CodeIgniter.php(497): CodeIgniter\CodeIgniter->runController(Object(App\Controllers\NewsController))
 8 SYSTEMPATH\CodeIgniter.php(340): CodeIgniter\CodeIgniter->handleRequest(null, Object(Config\Cache), false)
 9 SYSTEMPATH\Boot.php(417): CodeIgniter\CodeIgniter->run()
10 SYSTEMPATH\Boot.php(68): CodeIgniter\Boot::runCodeIgniter(Object(CodeIgniter\CodeIgniter))
11 FCPATH\index.php(59): CodeIgniter\Boot::bootWeb(Object(Config\Paths))
DEBUG - 2026-03-02 10:19:39 --> Session: Class initialized using 'CodeIgniter\Session\Handlers\FileHandler' driver.
CRITICAL - 2026-03-02 10:19:39 --> ErrorException: Undefined variable $pager
[Method: GET, Route: admin/news/manage]
in APPPATH\Views\admin\news\index.php on line 102.
 1 APPPATH\Views\admin\news\index.php(102): CodeIgniter\Debug\Exceptions->errorHandler(2, 'Undefined variable $pager', 'E:\\Development Tools\\Xampp\\htdocs\\NToday-News\\app\\Views\\admin\\news\\index.php', 102)
 2 SYSTEMPATH\View\View.php(238): include('E:\\Development Tools\\Xampp\\htdocs\\NToday-News\\app\\Views\\admin\\news\\index.php')
 3 SYSTEMPATH\View\View.php(241): CodeIgniter\View\View->CodeIgniter\View\{closure}()
 4 SYSTEMPATH\Common.php(1250): CodeIgniter\View\View->render('admin/news/index', [], true)
 5 APPPATH\Controllers\NewsController.php(113): view('admin/news/index', [...])
 6 SYSTEMPATH\CodeIgniter.php(951): App\Controllers\NewsController->index()
 7 SYSTEMPATH\CodeIgniter.php(497): CodeIgniter\CodeIgniter->runController(Object(App\Controllers\NewsController))
 8 SYSTEMPATH\CodeIgniter.php(340): CodeIgniter\CodeIgniter->handleRequest(null, Object(Config\Cache), false)
 9 SYSTEMPATH\Boot.php(417): CodeIgniter\CodeIgniter->run()
10 SYSTEMPATH\Boot.php(68): CodeIgniter\Boot::runCodeIgniter(Object(CodeIgniter\CodeIgniter))
11 FCPATH\index.php(59): CodeIgniter\Boot::bootWeb(Object(Config\Paths))
DEBUG - 2026-03-02 10:19:39 --> Session: Class initialized using 'CodeIgniter\Session\Handlers\FileHandler' driver.
CRITICAL - 2026-03-02 10:19:39 --> ErrorException: Undefined variable $pager
[Method: GET, Route: admin/news/manage]
in APPPATH\Views\admin\news\index.php on line 102.
 1 APPPATH\Views\admin\news\index.php(102): CodeIgniter\Debug\Exceptions->errorHandler(2, 'Undefined variable $pager', 'E:\\Development Tools\\Xampp\\htdocs\\NToday-News\\app\\Views\\admin\\news\\index.php', 102)
 2 SYSTEMPATH\View\View.php(238): include('E:\\Development Tools\\Xampp\\htdocs\\NToday-News\\app\\Views\\admin\\news\\index.php')
 3 SYSTEMPATH\View\View.php(241): CodeIgniter\View\View->CodeIgniter\View\{closure}()
 4 SYSTEMPATH\Common.php(1250): CodeIgniter\View\View->render('admin/news/index', [], true)
 5 APPPATH\Controllers\NewsController.php(113): view('admin/news/index', [...])
 6 SYSTEMPATH\CodeIgniter.php(951): App\Controllers\NewsController->index()
 7 SYSTEMPATH\CodeIgniter.php(497): CodeIgniter\CodeIgniter->runController(Object(App\Controllers\NewsController))
 8 SYSTEMPATH\CodeIgniter.php(340): CodeIgniter\CodeIgniter->handleRequest(null, Object(Config\Cache), false)
 9 SYSTEMPATH\Boot.php(417): CodeIgniter\CodeIgniter->run()
10 SYSTEMPATH\Boot.php(68): CodeIgniter\Boot::runCodeIgniter(Object(CodeIgniter\CodeIgniter))
11 FCPATH\index.php(59): CodeIgniter\Boot::bootWeb(Object(Config\Paths))
DEBUG - 2026-03-02 10:19:39 --> Session: Class initialized using 'CodeIgniter\Session\Handlers\FileHandler' driver.
CRITICAL - 2026-03-02 10:19:39 --> ErrorException: Undefined variable $pager
[Method: GET, Route: admin/news/manage]
in APPPATH\Views\admin\news\index.php on line 102.
 1 APPPATH\Views\admin\news\index.php(102): CodeIgniter\Debug\Exceptions->errorHandler(2, 'Undefined variable $pager', 'E:\\Development Tools\\Xampp\\htdocs\\NToday-News\\app\\Views\\admin\\news\\index.php', 102)
 2 SYSTEMPATH\View\View.php(238): include('E:\\Development Tools\\Xampp\\htdocs\\NToday-News\\app\\Views\\admin\\news\\index.php')
 3 SYSTEMPATH\View\View.php(241): CodeIgniter\View\View->CodeIgniter\View\{closure}()
 4 SYSTEMPATH\Common.php(1250): CodeIgniter\View\View->render('admin/news/index', [], true)
 5 APPPATH\Controllers\NewsController.php(113): view('admin/news/index', [...])
 6 SYSTEMPATH\CodeIgniter.php(951): App\Controllers\NewsController->index()
 7 SYSTEMPATH\CodeIgniter.php(497): CodeIgniter\CodeIgniter->runController(Object(App\Controllers\NewsController))
 8 SYSTEMPATH\CodeIgniter.php(340): CodeIgniter\CodeIgniter->handleRequest(null, Object(Config\Cache), false)
 9 SYSTEMPATH\Boot.php(417): CodeIgniter\CodeIgniter->run()
10 SYSTEMPATH\Boot.php(68): CodeIgniter\Boot::runCodeIgniter(Object(CodeIgniter\CodeIgniter))
11 FCPATH\index.php(59): CodeIgniter\Boot::bootWeb(Object(Config\Paths))
DEBUG - 2026-03-02 10:20:35 --> Session: Class initialized using 'CodeIgniter\Session\Handlers\FileHandler' driver.
CRITICAL - 2026-03-02 10:20:35 --> ErrorException: Undefined variable $pager
[Method: GET, Route: admin/news/manage]
in APPPATH\Views\admin\news\index.php on line 102.
 1 APPPATH\Views\admin\news\index.php(102): CodeIgniter\Debug\Exceptions->errorHandler(2, 'Undefined variable $pager', 'E:\\Development Tools\\Xampp\\htdocs\\NToday-News\\app\\Views\\admin\\news\\index.php', 102)
 2 SYSTEMPATH\View\View.php(238): include('E:\\Development Tools\\Xampp\\htdocs\\NToday-News\\app\\Views\\admin\\news\\index.php')
 3 SYSTEMPATH\View\View.php(241): CodeIgniter\View\View->CodeIgniter\View\{closure}()
 4 SYSTEMPATH\Common.php(1250): CodeIgniter\View\View->render('admin/news/index', [], true)
 5 APPPATH\Controllers\NewsController.php(113): view('admin/news/index', [...])
 6 SYSTEMPATH\CodeIgniter.php(951): App\Controllers\NewsController->index()
 7 SYSTEMPATH\CodeIgniter.php(497): CodeIgniter\CodeIgniter->runController(Object(App\Controllers\NewsController))
 8 SYSTEMPATH\CodeIgniter.php(340): CodeIgniter\CodeIgniter->handleRequest(null, Object(Config\Cache), false)
 9 SYSTEMPATH\Boot.php(417): CodeIgniter\CodeIgniter->run()
10 SYSTEMPATH\Boot.php(68): CodeIgniter\Boot::runCodeIgniter(Object(CodeIgniter\CodeIgniter))
11 FCPATH\index.php(59): CodeIgniter\Boot::bootWeb(Object(Config\Paths))
DEBUG - 2026-03-02 10:20:36 --> Session: Class initialized using 'CodeIgniter\Session\Handlers\FileHandler' driver.
CRITICAL - 2026-03-02 10:20:36 --> ErrorException: Undefined variable $pager
[Method: GET, Route: admin/news/manage]
in APPPATH\Views\admin\news\index.php on line 102.
 1 APPPATH\Views\admin\news\index.php(102): CodeIgniter\Debug\Exceptions->errorHandler(2, 'Undefined variable $pager', 'E:\\Development Tools\\Xampp\\htdocs\\NToday-News\\app\\Views\\admin\\news\\index.php', 102)
 2 SYSTEMPATH\View\View.php(238): include('E:\\Development Tools\\Xampp\\htdocs\\NToday-News\\app\\Views\\admin\\news\\index.php')
 3 SYSTEMPATH\View\View.php(241): CodeIgniter\View\View->CodeIgniter\View\{closure}()
 4 SYSTEMPATH\Common.php(1250): CodeIgniter\View\View->render('admin/news/index', [], true)
 5 APPPATH\Controllers\NewsController.php(113): view('admin/news/index', [...])
 6 SYSTEMPATH\CodeIgniter.php(951): App\Controllers\NewsController->index()
 7 SYSTEMPATH\CodeIgniter.php(497): CodeIgniter\CodeIgniter->runController(Object(App\Controllers\NewsController))
 8 SYSTEMPATH\CodeIgniter.php(340): CodeIgniter\CodeIgniter->handleRequest(null, Object(Config\Cache), false)
 9 SYSTEMPATH\Boot.php(417): CodeIgniter\CodeIgniter->run()
10 SYSTEMPATH\Boot.php(68): CodeIgniter\Boot::runCodeIgniter(Object(CodeIgniter\CodeIgniter))
11 FCPATH\index.php(59): CodeIgniter\Boot::bootWeb(Object(Config\Paths))
DEBUG - 2026-03-02 10:20:36 --> Session: Class initialized using 'CodeIgniter\Session\Handlers\FileHandler' driver.
CRITICAL - 2026-03-02 10:20:36 --> ErrorException: Undefined variable $pager
[Method: GET, Route: admin/news/manage]
in APPPATH\Views\admin\news\index.php on line 102.
 1 APPPATH\Views\admin\news\index.php(102): CodeIgniter\Debug\Exceptions->errorHandler(2, 'Undefined variable $pager', 'E:\\Development Tools\\Xampp\\htdocs\\NToday-News\\app\\Views\\admin\\news\\index.php', 102)
 2 SYSTEMPATH\View\View.php(238): include('E:\\Development Tools\\Xampp\\htdocs\\NToday-News\\app\\Views\\admin\\news\\index.php')
 3 SYSTEMPATH\View\View.php(241): CodeIgniter\View\View->CodeIgniter\View\{closure}()
 4 SYSTEMPATH\Common.php(1250): CodeIgniter\View\View->render('admin/news/index', [], true)
 5 APPPATH\Controllers\NewsController.php(113): view('admin/news/index', [...])
 6 SYSTEMPATH\CodeIgniter.php(951): App\Controllers\NewsController->index()
 7 SYSTEMPATH\CodeIgniter.php(497): CodeIgniter\CodeIgniter->runController(Object(App\Controllers\NewsController))
 8 SYSTEMPATH\CodeIgniter.php(340): CodeIgniter\CodeIgniter->handleRequest(null, Object(Config\Cache), false)
 9 SYSTEMPATH\Boot.php(417): CodeIgniter\CodeIgniter->run()
10 SYSTEMPATH\Boot.php(68): CodeIgniter\Boot::runCodeIgniter(Object(CodeIgniter\CodeIgniter))
11 FCPATH\index.php(59): CodeIgniter\Boot::bootWeb(Object(Config\Paths))
DEBUG - 2026-03-02 10:20:36 --> Session: Class initialized using 'CodeIgniter\Session\Handlers\FileHandler' driver.
CRITICAL - 2026-03-02 10:20:36 --> ErrorException: Undefined variable $pager
[Method: GET, Route: admin/news/manage]
in APPPATH\Views\admin\news\index.php on line 102.
 1 APPPATH\Views\admin\news\index.php(102): CodeIgniter\Debug\Exceptions->errorHandler(2, 'Undefined variable $pager', 'E:\\Development Tools\\Xampp\\htdocs\\NToday-News\\app\\Views\\admin\\news\\index.php', 102)
 2 SYSTEMPATH\View\View.php(238): include('E:\\Development Tools\\Xampp\\htdocs\\NToday-News\\app\\Views\\admin\\news\\index.php')
 3 SYSTEMPATH\View\View.php(241): CodeIgniter\View\View->CodeIgniter\View\{closure}()
 4 SYSTEMPATH\Common.php(1250): CodeIgniter\View\View->render('admin/news/index', [], true)
 5 APPPATH\Controllers\NewsController.php(113): view('admin/news/index', [...])
 6 SYSTEMPATH\CodeIgniter.php(951): App\Controllers\NewsController->index()
 7 SYSTEMPATH\CodeIgniter.php(497): CodeIgniter\CodeIgniter->runController(Object(App\Controllers\NewsController))
 8 SYSTEMPATH\CodeIgniter.php(340): CodeIgniter\CodeIgniter->handleRequest(null, Object(Config\Cache), false)
 9 SYSTEMPATH\Boot.php(417): CodeIgniter\CodeIgniter->run()
10 SYSTEMPATH\Boot.php(68): CodeIgniter\Boot::runCodeIgniter(Object(CodeIgniter\CodeIgniter))
11 FCPATH\index.php(59): CodeIgniter\Boot::bootWeb(Object(Config\Paths))
DEBUG - 2026-03-02 10:20:36 --> Session: Class initialized using 'CodeIgniter\Session\Handlers\FileHandler' driver.
CRITICAL - 2026-03-02 10:20:36 --> ErrorException: Undefined variable $pager
[Method: GET, Route: admin/news/manage]
in APPPATH\Views\admin\news\index.php on line 102.
 1 APPPATH\Views\admin\news\index.php(102): CodeIgniter\Debug\Exceptions->errorHandler(2, 'Undefined variable $pager', 'E:\\Development Tools\\Xampp\\htdocs\\NToday-News\\app\\Views\\admin\\news\\index.php', 102)
 2 SYSTEMPATH\View\View.php(238): include('E:\\Development Tools\\Xampp\\htdocs\\NToday-News\\app\\Views\\admin\\news\\index.php')
 3 SYSTEMPATH\View\View.php(241): CodeIgniter\View\View->CodeIgniter\View\{closure}()
 4 SYSTEMPATH\Common.php(1250): CodeIgniter\View\View->render('admin/news/index', [], true)
 5 APPPATH\Controllers\NewsController.php(113): view('admin/news/index', [...])
 6 SYSTEMPATH\CodeIgniter.php(951): App\Controllers\NewsController->index()
 7 SYSTEMPATH\CodeIgniter.php(497): CodeIgniter\CodeIgniter->runController(Object(App\Controllers\NewsController))
 8 SYSTEMPATH\CodeIgniter.php(340): CodeIgniter\CodeIgniter->handleRequest(null, Object(Config\Cache), false)
 9 SYSTEMPATH\Boot.php(417): CodeIgniter\CodeIgniter->run()
10 SYSTEMPATH\Boot.php(68): CodeIgniter\Boot::runCodeIgniter(Object(CodeIgniter\CodeIgniter))
11 FCPATH\index.php(59): CodeIgniter\Boot::bootWeb(Object(Config\Paths))
DEBUG - 2026-03-02 10:20:37 --> Session: Class initialized using 'CodeIgniter\Session\Handlers\FileHandler' driver.
CRITICAL - 2026-03-02 10:20:37 --> ErrorException: Undefined variable $pager
[Method: GET, Route: admin/news/manage]
in APPPATH\Views\admin\news\index.php on line 102.
 1 APPPATH\Views\admin\news\index.php(102): CodeIgniter\Debug\Exceptions->errorHandler(2, 'Undefined variable $pager', 'E:\\Development Tools\\Xampp\\htdocs\\NToday-News\\app\\Views\\admin\\news\\index.php', 102)
 2 SYSTEMPATH\View\View.php(238): include('E:\\Development Tools\\Xampp\\htdocs\\NToday-News\\app\\Views\\admin\\news\\index.php')
 3 SYSTEMPATH\View\View.php(241): CodeIgniter\View\View->CodeIgniter\View\{closure}()
 4 SYSTEMPATH\Common.php(1250): CodeIgniter\View\View->render('admin/news/index', [], true)
 5 APPPATH\Controllers\NewsController.php(113): view('admin/news/index', [...])
 6 SYSTEMPATH\CodeIgniter.php(951): App\Controllers\NewsController->index()
 7 SYSTEMPATH\CodeIgniter.php(497): CodeIgniter\CodeIgniter->runController(Object(App\Controllers\NewsController))
 8 SYSTEMPATH\CodeIgniter.php(340): CodeIgniter\CodeIgniter->handleRequest(null, Object(Config\Cache), false)
 9 SYSTEMPATH\Boot.php(417): CodeIgniter\CodeIgniter->run()
10 SYSTEMPATH\Boot.php(68): CodeIgniter\Boot::runCodeIgniter(Object(CodeIgniter\CodeIgniter))
11 FCPATH\index.php(59): CodeIgniter\Boot::bootWeb(Object(Config\Paths))
DEBUG - 2026-03-02 10:20:37 --> Session: Class initialized using 'CodeIgniter\Session\Handlers\FileHandler' driver.
CRITICAL - 2026-03-02 10:20:37 --> ErrorException: Undefined variable $pager
[Method: GET, Route: admin/news/manage]
in APPPATH\Views\admin\news\index.php on line 102.
 1 APPPATH\Views\admin\news\index.php(102): CodeIgniter\Debug\Exceptions->errorHandler(2, 'Undefined variable $pager', 'E:\\Development Tools\\Xampp\\htdocs\\NToday-News\\app\\Views\\admin\\news\\index.php', 102)
 2 SYSTEMPATH\View\View.php(238): include('E:\\Development Tools\\Xampp\\htdocs\\NToday-News\\app\\Views\\admin\\news\\index.php')
 3 SYSTEMPATH\View\View.php(241): CodeIgniter\View\View->CodeIgniter\View\{closure}()
 4 SYSTEMPATH\Common.php(1250): CodeIgniter\View\View->render('admin/news/index', [], true)
 5 APPPATH\Controllers\NewsController.php(113): view('admin/news/index', [...])
 6 SYSTEMPATH\CodeIgniter.php(951): App\Controllers\NewsController->index()
 7 SYSTEMPATH\CodeIgniter.php(497): CodeIgniter\CodeIgniter->runController(Object(App\Controllers\NewsController))
 8 SYSTEMPATH\CodeIgniter.php(340): CodeIgniter\CodeIgniter->handleRequest(null, Object(Config\Cache), false)
 9 SYSTEMPATH\Boot.php(417): CodeIgniter\CodeIgniter->run()
10 SYSTEMPATH\Boot.php(68): CodeIgniter\Boot::runCodeIgniter(Object(CodeIgniter\CodeIgniter))
11 FCPATH\index.php(59): CodeIgniter\Boot::bootWeb(Object(Config\Paths))
DEBUG - 2026-03-02 10:21:45 --> Session: Class initialized using 'CodeIgniter\Session\Handlers\FileHandler' driver.
CRITICAL - 2026-03-02 10:21:45 --> ErrorException: Undefined variable $pager
[Method: GET, Route: admin/news/manage]
in APPPATH\Views\admin\news\index.php on line 102.
 1 APPPATH\Views\admin\news\index.php(102): CodeIgniter\Debug\Exceptions->errorHandler(2, 'Undefined variable $pager', 'E:\\Development Tools\\Xampp\\htdocs\\NToday-News\\app\\Views\\admin\\news\\index.php', 102)
 2 SYSTEMPATH\View\View.php(238): include('E:\\Development Tools\\Xampp\\htdocs\\NToday-News\\app\\Views\\admin\\news\\index.php')
 3 SYSTEMPATH\View\View.php(241): CodeIgniter\View\View->CodeIgniter\View\{closure}()
 4 SYSTEMPATH\Common.php(1250): CodeIgniter\View\View->render('admin/news/index', [], true)
 5 APPPATH\Controllers\NewsController.php(113): view('admin/news/index', [...])
 6 SYSTEMPATH\CodeIgniter.php(951): App\Controllers\NewsController->index()
 7 SYSTEMPATH\CodeIgniter.php(497): CodeIgniter\CodeIgniter->runController(Object(App\Controllers\NewsController))
 8 SYSTEMPATH\CodeIgniter.php(340): CodeIgniter\CodeIgniter->handleRequest(null, Object(Config\Cache), false)
 9 SYSTEMPATH\Boot.php(417): CodeIgniter\CodeIgniter->run()
10 SYSTEMPATH\Boot.php(68): CodeIgniter\Boot::runCodeIgniter(Object(CodeIgniter\CodeIgniter))
11 FCPATH\index.php(59): CodeIgniter\Boot::bootWeb(Object(Config\Paths))
DEBUG - 2026-03-02 10:22:17 --> Session: Class initialized using 'CodeIgniter\Session\Handlers\FileHandler' driver.
CRITICAL - 2026-03-02 10:22:17 --> Error: Call to undefined function set_value()
[Method: GET, Route: admin/news/manage]
in APPPATH\Views\admin\news\index.php on line 19.
 1 SYSTEMPATH\View\View.php(238): include()
 2 SYSTEMPATH\View\View.php(241): CodeIgniter\View\View->CodeIgniter\View\{closure}()
 3 SYSTEMPATH\Common.php(1250): CodeIgniter\View\View->render('admin/news/index', [], true)
 4 APPPATH\Controllers\NewsController.php(113): view('admin/news/index', [...])
 5 SYSTEMPATH\CodeIgniter.php(951): App\Controllers\NewsController->index()
 6 SYSTEMPATH\CodeIgniter.php(497): CodeIgniter\CodeIgniter->runController(Object(App\Controllers\NewsController))
 7 SYSTEMPATH\CodeIgniter.php(340): CodeIgniter\CodeIgniter->handleRequest(null, Object(Config\Cache), false)
 8 SYSTEMPATH\Boot.php(417): CodeIgniter\CodeIgniter->run()
 9 SYSTEMPATH\Boot.php(68): CodeIgniter\Boot::runCodeIgniter(Object(CodeIgniter\CodeIgniter))
10 FCPATH\index.php(59): CodeIgniter\Boot::bootWeb(Object(Config\Paths))
DEBUG - 2026-03-02 10:22:18 --> Session: Class initialized using 'CodeIgniter\Session\Handlers\FileHandler' driver.
CRITICAL - 2026-03-02 10:22:18 --> Error: Call to undefined function set_value()
[Method: GET, Route: admin/news/manage]
in APPPATH\Views\admin\news\index.php on line 19.
 1 SYSTEMPATH\View\View.php(238): include()
 2 SYSTEMPATH\View\View.php(241): CodeIgniter\View\View->CodeIgniter\View\{closure}()
 3 SYSTEMPATH\Common.php(1250): CodeIgniter\View\View->render('admin/news/index', [], true)
 4 APPPATH\Controllers\NewsController.php(113): view('admin/news/index', [...])
 5 SYSTEMPATH\CodeIgniter.php(951): App\Controllers\NewsController->index()
 6 SYSTEMPATH\CodeIgniter.php(497): CodeIgniter\CodeIgniter->runController(Object(App\Controllers\NewsController))
 7 SYSTEMPATH\CodeIgniter.php(340): CodeIgniter\CodeIgniter->handleRequest(null, Object(Config\Cache), false)
 8 SYSTEMPATH\Boot.php(417): CodeIgniter\CodeIgniter->run()
 9 SYSTEMPATH\Boot.php(68): CodeIgniter\Boot::runCodeIgniter(Object(CodeIgniter\CodeIgniter))
10 FCPATH\index.php(59): CodeIgniter\Boot::bootWeb(Object(Config\Paths))
DEBUG - 2026-03-02 10:22:18 --> Session: Class initialized using 'CodeIgniter\Session\Handlers\FileHandler' driver.
CRITICAL - 2026-03-02 10:22:18 --> Error: Call to undefined function set_value()
[Method: GET, Route: admin/news/manage]
in APPPATH\Views\admin\news\index.php on line 19.
 1 SYSTEMPATH\View\View.php(238): include()
 2 SYSTEMPATH\View\View.php(241): CodeIgniter\View\View->CodeIgniter\View\{closure}()
 3 SYSTEMPATH\Common.php(1250): CodeIgniter\View\View->render('admin/news/index', [], true)
 4 APPPATH\Controllers\NewsController.php(113): view('admin/news/index', [...])
 5 SYSTEMPATH\CodeIgniter.php(951): App\Controllers\NewsController->index()
 6 SYSTEMPATH\CodeIgniter.php(497): CodeIgniter\CodeIgniter->runController(Object(App\Controllers\NewsController))
 7 SYSTEMPATH\CodeIgniter.php(340): CodeIgniter\CodeIgniter->handleRequest(null, Object(Config\Cache), false)
 8 SYSTEMPATH\Boot.php(417): CodeIgniter\CodeIgniter->run()
 9 SYSTEMPATH\Boot.php(68): CodeIgniter\Boot::runCodeIgniter(Object(CodeIgniter\CodeIgniter))
10 FCPATH\index.php(59): CodeIgniter\Boot::bootWeb(Object(Config\Paths))
DEBUG - 2026-03-02 10:22:18 --> Session: Class initialized using 'CodeIgniter\Session\Handlers\FileHandler' driver.
CRITICAL - 2026-03-02 10:22:18 --> Error: Call to undefined function set_value()
[Method: GET, Route: admin/news/manage]
in APPPATH\Views\admin\news\index.php on line 19.
 1 SYSTEMPATH\View\View.php(238): include()
 2 SYSTEMPATH\View\View.php(241): CodeIgniter\View\View->CodeIgniter\View\{closure}()
 3 SYSTEMPATH\Common.php(1250): CodeIgniter\View\View->render('admin/news/index', [], true)
 4 APPPATH\Controllers\NewsController.php(113): view('admin/news/index', [...])
 5 SYSTEMPATH\CodeIgniter.php(951): App\Controllers\NewsController->index()
 6 SYSTEMPATH\CodeIgniter.php(497): CodeIgniter\CodeIgniter->runController(Object(App\Controllers\NewsController))
 7 SYSTEMPATH\CodeIgniter.php(340): CodeIgniter\CodeIgniter->handleRequest(null, Object(Config\Cache), false)
 8 SYSTEMPATH\Boot.php(417): CodeIgniter\CodeIgniter->run()
 9 SYSTEMPATH\Boot.php(68): CodeIgniter\Boot::runCodeIgniter(Object(CodeIgniter\CodeIgniter))
10 FCPATH\index.php(59): CodeIgniter\Boot::bootWeb(Object(Config\Paths))
DEBUG - 2026-03-02 10:22:19 --> Session: Class initialized using 'CodeIgniter\Session\Handlers\FileHandler' driver.
CRITICAL - 2026-03-02 10:22:19 --> Error: Call to undefined function set_value()
[Method: GET, Route: admin/news/manage]
in APPPATH\Views\admin\news\index.php on line 19.
 1 SYSTEMPATH\View\View.php(238): include()
 2 SYSTEMPATH\View\View.php(241): CodeIgniter\View\View->CodeIgniter\View\{closure}()
 3 SYSTEMPATH\Common.php(1250): CodeIgniter\View\View->render('admin/news/index', [], true)
 4 APPPATH\Controllers\NewsController.php(113): view('admin/news/index', [...])
 5 SYSTEMPATH\CodeIgniter.php(951): App\Controllers\NewsController->index()
 6 SYSTEMPATH\CodeIgniter.php(497): CodeIgniter\CodeIgniter->runController(Object(App\Controllers\NewsController))
 7 SYSTEMPATH\CodeIgniter.php(340): CodeIgniter\CodeIgniter->handleRequest(null, Object(Config\Cache), false)
 8 SYSTEMPATH\Boot.php(417): CodeIgniter\CodeIgniter->run()
 9 SYSTEMPATH\Boot.php(68): CodeIgniter\Boot::runCodeIgniter(Object(CodeIgniter\CodeIgniter))
10 FCPATH\index.php(59): CodeIgniter\Boot::bootWeb(Object(Config\Paths))
DEBUG - 2026-03-02 10:22:51 --> Session: Class initialized using 'CodeIgniter\Session\Handlers\FileHandler' driver.
CRITICAL - 2026-03-02 10:22:51 --> Error: Call to undefined function set_value()
[Method: GET, Route: admin/news/manage]
in APPPATH\Views\admin\news\index.php on line 19.
 1 SYSTEMPATH\View\View.php(238): include()
 2 SYSTEMPATH\View\View.php(241): CodeIgniter\View\View->CodeIgniter\View\{closure}()
 3 SYSTEMPATH\Common.php(1250): CodeIgniter\View\View->render('admin/news/index', [], true)
 4 APPPATH\Controllers\NewsController.php(113): view('admin/news/index', [...])
 5 SYSTEMPATH\CodeIgniter.php(951): App\Controllers\NewsController->index()
 6 SYSTEMPATH\CodeIgniter.php(497): CodeIgniter\CodeIgniter->runController(Object(App\Controllers\NewsController))
 7 SYSTEMPATH\CodeIgniter.php(340): CodeIgniter\CodeIgniter->handleRequest(null, Object(Config\Cache), false)
 8 SYSTEMPATH\Boot.php(417): CodeIgniter\CodeIgniter->run()
 9 SYSTEMPATH\Boot.php(68): CodeIgniter\Boot::runCodeIgniter(Object(CodeIgniter\CodeIgniter))
10 FCPATH\index.php(59): CodeIgniter\Boot::bootWeb(Object(Config\Paths))
DEBUG - 2026-03-02 10:22:52 --> Session: Class initialized using 'CodeIgniter\Session\Handlers\FileHandler' driver.
CRITICAL - 2026-03-02 10:22:52 --> Error: Call to undefined function set_value()
[Method: GET, Route: admin/news/manage]
in APPPATH\Views\admin\news\index.php on line 19.
 1 SYSTEMPATH\View\View.php(238): include()
 2 SYSTEMPATH\View\View.php(241): CodeIgniter\View\View->CodeIgniter\View\{closure}()
 3 SYSTEMPATH\Common.php(1250): CodeIgniter\View\View->render('admin/news/index', [], true)
 4 APPPATH\Controllers\NewsController.php(113): view('admin/news/index', [...])
 5 SYSTEMPATH\CodeIgniter.php(951): App\Controllers\NewsController->index()
 6 SYSTEMPATH\CodeIgniter.php(497): CodeIgniter\CodeIgniter->runController(Object(App\Controllers\NewsController))
 7 SYSTEMPATH\CodeIgniter.php(340): CodeIgniter\CodeIgniter->handleRequest(null, Object(Config\Cache), false)
 8 SYSTEMPATH\Boot.php(417): CodeIgniter\CodeIgniter->run()
 9 SYSTEMPATH\Boot.php(68): CodeIgniter\Boot::runCodeIgniter(Object(CodeIgniter\CodeIgniter))
10 FCPATH\index.php(59): CodeIgniter\Boot::bootWeb(Object(Config\Paths))
DEBUG - 2026-03-02 10:22:52 --> Session: Class initialized using 'CodeIgniter\Session\Handlers\FileHandler' driver.
CRITICAL - 2026-03-02 10:22:52 --> Error: Call to undefined function set_value()
[Method: GET, Route: admin/news/manage]
in APPPATH\Views\admin\news\index.php on line 19.
 1 SYSTEMPATH\View\View.php(238): include()
 2 SYSTEMPATH\View\View.php(241): CodeIgniter\View\View->CodeIgniter\View\{closure}()
 3 SYSTEMPATH\Common.php(1250): CodeIgniter\View\View->render('admin/news/index', [], true)
 4 APPPATH\Controllers\NewsController.php(113): view('admin/news/index', [...])
 5 SYSTEMPATH\CodeIgniter.php(951): App\Controllers\NewsController->index()
 6 SYSTEMPATH\CodeIgniter.php(497): CodeIgniter\CodeIgniter->runController(Object(App\Controllers\NewsController))
 7 SYSTEMPATH\CodeIgniter.php(340): CodeIgniter\CodeIgniter->handleRequest(null, Object(Config\Cache), false)
 8 SYSTEMPATH\Boot.php(417): CodeIgniter\CodeIgniter->run()
 9 SYSTEMPATH\Boot.php(68): CodeIgniter\Boot::runCodeIgniter(Object(CodeIgniter\CodeIgniter))
10 FCPATH\index.php(59): CodeIgniter\Boot::bootWeb(Object(Config\Paths))
DEBUG - 2026-03-02 10:22:52 --> Session: Class initialized using 'CodeIgniter\Session\Handlers\FileHandler' driver.
CRITICAL - 2026-03-02 10:22:52 --> Error: Call to undefined function set_value()
[Method: GET, Route: admin/news/manage]
in APPPATH\Views\admin\news\index.php on line 19.
 1 SYSTEMPATH\View\View.php(238): include()
 2 SYSTEMPATH\View\View.php(241): CodeIgniter\View\View->CodeIgniter\View\{closure}()
 3 SYSTEMPATH\Common.php(1250): CodeIgniter\View\View->render('admin/news/index', [], true)
 4 APPPATH\Controllers\NewsController.php(113): view('admin/news/index', [...])
 5 SYSTEMPATH\CodeIgniter.php(951): App\Controllers\NewsController->index()
 6 SYSTEMPATH\CodeIgniter.php(497): CodeIgniter\CodeIgniter->runController(Object(App\Controllers\NewsController))
 7 SYSTEMPATH\CodeIgniter.php(340): CodeIgniter\CodeIgniter->handleRequest(null, Object(Config\Cache), false)
 8 SYSTEMPATH\Boot.php(417): CodeIgniter\CodeIgniter->run()
 9 SYSTEMPATH\Boot.php(68): CodeIgniter\Boot::runCodeIgniter(Object(CodeIgniter\CodeIgniter))
10 FCPATH\index.php(59): CodeIgniter\Boot::bootWeb(Object(Config\Paths))
DEBUG - 2026-03-02 10:22:52 --> Session: Class initialized using 'CodeIgniter\Session\Handlers\FileHandler' driver.
CRITICAL - 2026-03-02 10:22:52 --> Error: Call to undefined function set_value()
[Method: GET, Route: admin/news/manage]
in APPPATH\Views\admin\news\index.php on line 19.
 1 SYSTEMPATH\View\View.php(238): include()
 2 SYSTEMPATH\View\View.php(241): CodeIgniter\View\View->CodeIgniter\View\{closure}()
 3 SYSTEMPATH\Common.php(1250): CodeIgniter\View\View->render('admin/news/index', [], true)
 4 APPPATH\Controllers\NewsController.php(113): view('admin/news/index', [...])
 5 SYSTEMPATH\CodeIgniter.php(951): App\Controllers\NewsController->index()
 6 SYSTEMPATH\CodeIgniter.php(497): CodeIgniter\CodeIgniter->runController(Object(App\Controllers\NewsController))
 7 SYSTEMPATH\CodeIgniter.php(340): CodeIgniter\CodeIgniter->handleRequest(null, Object(Config\Cache), false)
 8 SYSTEMPATH\Boot.php(417): CodeIgniter\CodeIgniter->run()
 9 SYSTEMPATH\Boot.php(68): CodeIgniter\Boot::runCodeIgniter(Object(CodeIgniter\CodeIgniter))
10 FCPATH\index.php(59): CodeIgniter\Boot::bootWeb(Object(Config\Paths))
DEBUG - 2026-03-02 10:23:27 --> Session: Class initialized using 'CodeIgniter\Session\Handlers\FileHandler' driver.
CRITICAL - 2026-03-02 10:23:27 --> Error: Call to undefined function set_value()
[Method: GET, Route: admin/news/manage]
in APPPATH\Views\admin\news\index.php on line 19.
 1 SYSTEMPATH\View\View.php(238): include()
 2 SYSTEMPATH\View\View.php(241): CodeIgniter\View\View->CodeIgniter\View\{closure}()
 3 SYSTEMPATH\Common.php(1250): CodeIgniter\View\View->render('admin/news/index', [], true)
 4 APPPATH\Controllers\NewsController.php(113): view('admin/news/index', [...])
 5 SYSTEMPATH\CodeIgniter.php(951): App\Controllers\NewsController->index()
 6 SYSTEMPATH\CodeIgniter.php(497): CodeIgniter\CodeIgniter->runController(Object(App\Controllers\NewsController))
 7 SYSTEMPATH\CodeIgniter.php(340): CodeIgniter\CodeIgniter->handleRequest(null, Object(Config\Cache), false)
 8 SYSTEMPATH\Boot.php(417): CodeIgniter\CodeIgniter->run()
 9 SYSTEMPATH\Boot.php(68): CodeIgniter\Boot::runCodeIgniter(Object(CodeIgniter\CodeIgniter))
10 FCPATH\index.php(59): CodeIgniter\Boot::bootWeb(Object(Config\Paths))
DEBUG - 2026-03-02 10:23:28 --> Session: Class initialized using 'CodeIgniter\Session\Handlers\FileHandler' driver.
CRITICAL - 2026-03-02 10:23:28 --> Error: Call to undefined function set_value()
[Method: GET, Route: admin/news/manage]
in APPPATH\Views\admin\news\index.php on line 19.
 1 SYSTEMPATH\View\View.php(238): include()
 2 SYSTEMPATH\View\View.php(241): CodeIgniter\View\View->CodeIgniter\View\{closure}()
 3 SYSTEMPATH\Common.php(1250): CodeIgniter\View\View->render('admin/news/index', [], true)
 4 APPPATH\Controllers\NewsController.php(113): view('admin/news/index', [...])
 5 SYSTEMPATH\CodeIgniter.php(951): App\Controllers\NewsController->index()
 6 SYSTEMPATH\CodeIgniter.php(497): CodeIgniter\CodeIgniter->runController(Object(App\Controllers\NewsController))
 7 SYSTEMPATH\CodeIgniter.php(340): CodeIgniter\CodeIgniter->handleRequest(null, Object(Config\Cache), false)
 8 SYSTEMPATH\Boot.php(417): CodeIgniter\CodeIgniter->run()
 9 SYSTEMPATH\Boot.php(68): CodeIgniter\Boot::runCodeIgniter(Object(CodeIgniter\CodeIgniter))
10 FCPATH\index.php(59): CodeIgniter\Boot::bootWeb(Object(Config\Paths))
DEBUG - 2026-03-02 10:23:28 --> Session: Class initialized using 'CodeIgniter\Session\Handlers\FileHandler' driver.
CRITICAL - 2026-03-02 10:23:28 --> Error: Call to undefined function set_value()
[Method: GET, Route: admin/news/manage]
in APPPATH\Views\admin\news\index.php on line 19.
 1 SYSTEMPATH\View\View.php(238): include()
 2 SYSTEMPATH\View\View.php(241): CodeIgniter\View\View->CodeIgniter\View\{closure}()
 3 SYSTEMPATH\Common.php(1250): CodeIgniter\View\View->render('admin/news/index', [], true)
 4 APPPATH\Controllers\NewsController.php(113): view('admin/news/index', [...])
 5 SYSTEMPATH\CodeIgniter.php(951): App\Controllers\NewsController->index()
 6 SYSTEMPATH\CodeIgniter.php(497): CodeIgniter\CodeIgniter->runController(Object(App\Controllers\NewsController))
 7 SYSTEMPATH\CodeIgniter.php(340): CodeIgniter\CodeIgniter->handleRequest(null, Object(Config\Cache), false)
 8 SYSTEMPATH\Boot.php(417): CodeIgniter\CodeIgniter->run()
 9 SYSTEMPATH\Boot.php(68): CodeIgniter\Boot::runCodeIgniter(Object(CodeIgniter\CodeIgniter))
10 FCPATH\index.php(59): CodeIgniter\Boot::bootWeb(Object(Config\Paths))
DEBUG - 2026-03-02 10:23:28 --> Session: Class initialized using 'CodeIgniter\Session\Handlers\FileHandler' driver.
CRITICAL - 2026-03-02 10:23:28 --> Error: Call to undefined function set_value()
[Method: GET, Route: admin/news/manage]
in APPPATH\Views\admin\news\index.php on line 19.
 1 SYSTEMPATH\View\View.php(238): include()
 2 SYSTEMPATH\View\View.php(241): CodeIgniter\View\View->CodeIgniter\View\{closure}()
 3 SYSTEMPATH\Common.php(1250): CodeIgniter\View\View->render('admin/news/index', [], true)
 4 APPPATH\Controllers\NewsController.php(113): view('admin/news/index', [...])
 5 SYSTEMPATH\CodeIgniter.php(951): App\Controllers\NewsController->index()
 6 SYSTEMPATH\CodeIgniter.php(497): CodeIgniter\CodeIgniter->runController(Object(App\Controllers\NewsController))
 7 SYSTEMPATH\CodeIgniter.php(340): CodeIgniter\CodeIgniter->handleRequest(null, Object(Config\Cache), false)
 8 SYSTEMPATH\Boot.php(417): CodeIgniter\CodeIgniter->run()
 9 SYSTEMPATH\Boot.php(68): CodeIgniter\Boot::runCodeIgniter(Object(CodeIgniter\CodeIgniter))
10 FCPATH\index.php(59): CodeIgniter\Boot::bootWeb(Object(Config\Paths))
DEBUG - 2026-03-02 10:23:29 --> Session: Class initialized using 'CodeIgniter\Session\Handlers\FileHandler' driver.
CRITICAL - 2026-03-02 10:23:29 --> Error: Call to undefined function set_value()
[Method: GET, Route: admin/news/manage]
in APPPATH\Views\admin\news\index.php on line 19.
 1 SYSTEMPATH\View\View.php(238): include()
 2 SYSTEMPATH\View\View.php(241): CodeIgniter\View\View->CodeIgniter\View\{closure}()
 3 SYSTEMPATH\Common.php(1250): CodeIgniter\View\View->render('admin/news/index', [], true)
 4 APPPATH\Controllers\NewsController.php(113): view('admin/news/index', [...])
 5 SYSTEMPATH\CodeIgniter.php(951): App\Controllers\NewsController->index()
 6 SYSTEMPATH\CodeIgniter.php(497): CodeIgniter\CodeIgniter->runController(Object(App\Controllers\NewsController))
 7 SYSTEMPATH\CodeIgniter.php(340): CodeIgniter\CodeIgniter->handleRequest(null, Object(Config\Cache), false)
 8 SYSTEMPATH\Boot.php(417): CodeIgniter\CodeIgniter->run()
 9 SYSTEMPATH\Boot.php(68): CodeIgniter\Boot::runCodeIgniter(Object(CodeIgniter\CodeIgniter))
10 FCPATH\index.php(59): CodeIgniter\Boot::bootWeb(Object(Config\Paths))
DEBUG - 2026-03-02 10:24:50 --> Session: Class initialized using 'CodeIgniter\Session\Handlers\FileHandler' driver.
CRITICAL - 2026-03-02 10:24:50 --> Error: Call to undefined function set_value()
[Method: GET, Route: admin/news/manage]
in APPPATH\Views\admin\news\index.php on line 19.
 1 SYSTEMPATH\View\View.php(238): include()
 2 SYSTEMPATH\View\View.php(241): CodeIgniter\View\View->CodeIgniter\View\{closure}()
 3 SYSTEMPATH\Common.php(1250): CodeIgniter\View\View->render('admin/news/index', [], true)
 4 APPPATH\Controllers\NewsController.php(113): view('admin/news/index', [...])
 5 SYSTEMPATH\CodeIgniter.php(951): App\Controllers\NewsController->index()
 6 SYSTEMPATH\CodeIgniter.php(497): CodeIgniter\CodeIgniter->runController(Object(App\Controllers\NewsController))
 7 SYSTEMPATH\CodeIgniter.php(340): CodeIgniter\CodeIgniter->handleRequest(null, Object(Config\Cache), false)
 8 SYSTEMPATH\Boot.php(417): CodeIgniter\CodeIgniter->run()
 9 SYSTEMPATH\Boot.php(68): CodeIgniter\Boot::runCodeIgniter(Object(CodeIgniter\CodeIgniter))
10 FCPATH\index.php(59): CodeIgniter\Boot::bootWeb(Object(Config\Paths))
DEBUG - 2026-03-02 10:24:50 --> Session: Class initialized using 'CodeIgniter\Session\Handlers\FileHandler' driver.
CRITICAL - 2026-03-02 10:24:50 --> Error: Call to undefined function set_value()
[Method: GET, Route: admin/news/manage]
in APPPATH\Views\admin\news\index.php on line 19.
 1 SYSTEMPATH\View\View.php(238): include()
 2 SYSTEMPATH\View\View.php(241): CodeIgniter\View\View->CodeIgniter\View\{closure}()
 3 SYSTEMPATH\Common.php(1250): CodeIgniter\View\View->render('admin/news/index', [], true)
 4 APPPATH\Controllers\NewsController.php(113): view('admin/news/index', [...])
 5 SYSTEMPATH\CodeIgniter.php(951): App\Controllers\NewsController->index()
 6 SYSTEMPATH\CodeIgniter.php(497): CodeIgniter\CodeIgniter->runController(Object(App\Controllers\NewsController))
 7 SYSTEMPATH\CodeIgniter.php(340): CodeIgniter\CodeIgniter->handleRequest(null, Object(Config\Cache), false)
 8 SYSTEMPATH\Boot.php(417): CodeIgniter\CodeIgniter->run()
 9 SYSTEMPATH\Boot.php(68): CodeIgniter\Boot::runCodeIgniter(Object(CodeIgniter\CodeIgniter))
10 FCPATH\index.php(59): CodeIgniter\Boot::bootWeb(Object(Config\Paths))
DEBUG - 2026-03-02 10:24:50 --> Session: Class initialized using 'CodeIgniter\Session\Handlers\FileHandler' driver.
CRITICAL - 2026-03-02 10:24:50 --> Error: Call to undefined function set_value()
[Method: GET, Route: admin/news/manage]
in APPPATH\Views\admin\news\index.php on line 19.
 1 SYSTEMPATH\View\View.php(238): include()
 2 SYSTEMPATH\View\View.php(241): CodeIgniter\View\View->CodeIgniter\View\{closure}()
 3 SYSTEMPATH\Common.php(1250): CodeIgniter\View\View->render('admin/news/index', [], true)
 4 APPPATH\Controllers\NewsController.php(113): view('admin/news/index', [...])
 5 SYSTEMPATH\CodeIgniter.php(951): App\Controllers\NewsController->index()
 6 SYSTEMPATH\CodeIgniter.php(497): CodeIgniter\CodeIgniter->runController(Object(App\Controllers\NewsController))
 7 SYSTEMPATH\CodeIgniter.php(340): CodeIgniter\CodeIgniter->handleRequest(null, Object(Config\Cache), false)
 8 SYSTEMPATH\Boot.php(417): CodeIgniter\CodeIgniter->run()
 9 SYSTEMPATH\Boot.php(68): CodeIgniter\Boot::runCodeIgniter(Object(CodeIgniter\CodeIgniter))
10 FCPATH\index.php(59): CodeIgniter\Boot::bootWeb(Object(Config\Paths))
DEBUG - 2026-03-02 10:24:51 --> Session: Class initialized using 'CodeIgniter\Session\Handlers\FileHandler' driver.
CRITICAL - 2026-03-02 10:24:51 --> Error: Call to undefined function set_value()
[Method: GET, Route: admin/news/manage]
in APPPATH\Views\admin\news\index.php on line 19.
 1 SYSTEMPATH\View\View.php(238): include()
 2 SYSTEMPATH\View\View.php(241): CodeIgniter\View\View->CodeIgniter\View\{closure}()
 3 SYSTEMPATH\Common.php(1250): CodeIgniter\View\View->render('admin/news/index', [], true)
 4 APPPATH\Controllers\NewsController.php(113): view('admin/news/index', [...])
 5 SYSTEMPATH\CodeIgniter.php(951): App\Controllers\NewsController->index()
 6 SYSTEMPATH\CodeIgniter.php(497): CodeIgniter\CodeIgniter->runController(Object(App\Controllers\NewsController))
 7 SYSTEMPATH\CodeIgniter.php(340): CodeIgniter\CodeIgniter->handleRequest(null, Object(Config\Cache), false)
 8 SYSTEMPATH\Boot.php(417): CodeIgniter\CodeIgniter->run()
 9 SYSTEMPATH\Boot.php(68): CodeIgniter\Boot::runCodeIgniter(Object(CodeIgniter\CodeIgniter))
10 FCPATH\index.php(59): CodeIgniter\Boot::bootWeb(Object(Config\Paths))
DEBUG - 2026-03-02 10:24:51 --> Session: Class initialized using 'CodeIgniter\Session\Handlers\FileHandler' driver.
CRITICAL - 2026-03-02 10:24:51 --> Error: Call to undefined function set_value()
[Method: GET, Route: admin/news/manage]
in APPPATH\Views\admin\news\index.php on line 19.
 1 SYSTEMPATH\View\View.php(238): include()
 2 SYSTEMPATH\View\View.php(241): CodeIgniter\View\View->CodeIgniter\View\{closure}()
 3 SYSTEMPATH\Common.php(1250): CodeIgniter\View\View->render('admin/news/index', [], true)
 4 APPPATH\Controllers\NewsController.php(113): view('admin/news/index', [...])
 5 SYSTEMPATH\CodeIgniter.php(951): App\Controllers\NewsController->index()
 6 SYSTEMPATH\CodeIgniter.php(497): CodeIgniter\CodeIgniter->runController(Object(App\Controllers\NewsController))
 7 SYSTEMPATH\CodeIgniter.php(340): CodeIgniter\CodeIgniter->handleRequest(null, Object(Config\Cache), false)
 8 SYSTEMPATH\Boot.php(417): CodeIgniter\CodeIgniter->run()
 9 SYSTEMPATH\Boot.php(68): CodeIgniter\Boot::runCodeIgniter(Object(CodeIgniter\CodeIgniter))
10 FCPATH\index.php(59): CodeIgniter\Boot::bootWeb(Object(Config\Paths))
DEBUG - 2026-03-02 10:25:35 --> Session: Class initialized using 'CodeIgniter\Session\Handlers\FileHandler' driver.
DEBUG - 2026-03-02 10:25:52 --> Session: Class initialized using 'CodeIgniter\Session\Handlers\FileHandler' driver.
DEBUG - 2026-03-02 10:25:57 --> Session: Class initialized using 'CodeIgniter\Session\Handlers\FileHandler' driver.
DEBUG - 2026-03-02 10:27:50 --> Session: Class initialized using 'CodeIgniter\Session\Handlers\FileHandler' driver.
DEBUG - 2026-03-02 10:28:04 --> Session: Class initialized using 'CodeIgniter\Session\Handlers\FileHandler' driver.
DEBUG - 2026-03-02 10:28:07 --> Session: Class initialized using 'CodeIgniter\Session\Handlers\FileHandler' driver.
DEBUG - 2026-03-02 10:28:09 --> Session: Class initialized using 'CodeIgniter\Session\Handlers\FileHandler' driver.
DEBUG - 2026-03-02 10:28:12 --> Session: Class initialized using 'CodeIgniter\Session\Handlers\FileHandler' driver.
DEBUG - 2026-03-02 10:28:14 --> Session: Class initialized using 'CodeIgniter\Session\Handlers\FileHandler' driver.
DEBUG - 2026-03-02 10:28:18 --> Session: Class initialized using 'CodeIgniter\Session\Handlers\FileHandler' driver.
DEBUG - 2026-03-02 10:28:28 --> Session: Class initialized using 'CodeIgniter\Session\Handlers\FileHandler' driver.
DEBUG - 2026-03-02 10:30:00 --> Session: Class initialized using 'CodeIgniter\Session\Handlers\FileHandler' driver.
DEBUG - 2026-03-02 10:30:34 --> Session: Class initialized using 'CodeIgniter\Session\Handlers\FileHandler' driver.
DEBUG - 2026-03-02 10:30:53 --> Session: Class initialized using 'CodeIgniter\Session\Handlers\FileHandler' driver.
DEBUG - 2026-03-02 10:30:57 --> Session: Class initialized using 'CodeIgniter\Session\Handlers\FileHandler' driver.
DEBUG - 2026-03-02 10:31:00 --> Session: Class initialized using 'CodeIgniter\Session\Handlers\FileHandler' driver.
DEBUG - 2026-03-02 10:31:01 --> Session: Class initialized using 'CodeIgniter\Session\Handlers\FileHandler' driver.
DEBUG - 2026-03-02 10:31:09 --> Session: Class initialized using 'CodeIgniter\Session\Handlers\FileHandler' driver.
DEBUG - 2026-03-02 10:31:17 --> Session: Class initialized using 'CodeIgniter\Session\Handlers\FileHandler' driver.
DEBUG - 2026-03-02 10:31:29 --> Session: Class initialized using 'CodeIgniter\Session\Handlers\FileHandler' driver.
DEBUG - 2026-03-02 10:31:29 --> Session: Class initialized using 'CodeIgniter\Session\Handlers\FileHandler' driver.
DEBUG - 2026-03-02 10:31:38 --> Session: Class initialized using 'CodeIgniter\Session\Handlers\FileHandler' driver.
DEBUG - 2026-03-02 10:31:38 --> Session: Class initialized using 'CodeIgniter\Session\Handlers\FileHandler' driver.
DEBUG - 2026-03-02 10:31:52 --> Session: Class initialized using 'CodeIgniter\Session\Handlers\FileHandler' driver.
DEBUG - 2026-03-02 10:31:52 --> Session: Class initialized using 'CodeIgniter\Session\Handlers\FileHandler' driver.
DEBUG - 2026-03-02 10:32:05 --> Session: Class initialized using 'CodeIgniter\Session\Handlers\FileHandler' driver.
DEBUG - 2026-03-02 10:32:16 --> Session: Class initialized using 'CodeIgniter\Session\Handlers\FileHandler' driver.
DEBUG - 2026-03-02 10:32:19 --> Session: Class initialized using 'CodeIgniter\Session\Handlers\FileHandler' driver.
DEBUG - 2026-03-02 10:32:22 --> Session: Class initialized using 'CodeIgniter\Session\Handlers\FileHandler' driver.
DEBUG - 2026-03-02 10:32:22 --> Session: Class initialized using 'CodeIgniter\Session\Handlers\FileHandler' driver.
DEBUG - 2026-03-02 10:32:25 --> Session: Class initialized using 'CodeIgniter\Session\Handlers\FileHandler' driver.
DEBUG - 2026-03-02 10:32:25 --> Session: Class initialized using 'CodeIgniter\Session\Handlers\FileHandler' driver.
DEBUG - 2026-03-02 10:32:26 --> Session: Class initialized using 'CodeIgniter\Session\Handlers\FileHandler' driver.
DEBUG - 2026-03-02 10:32:26 --> Session: Class initialized using 'CodeIgniter\Session\Handlers\FileHandler' driver.
DEBUG - 2026-03-02 10:32:27 --> Session: Class initialized using 'CodeIgniter\Session\Handlers\FileHandler' driver.
DEBUG - 2026-03-02 10:32:27 --> Session: Class initialized using 'CodeIgniter\Session\Handlers\FileHandler' driver.
DEBUG - 2026-03-02 10:32:28 --> Session: Class initialized using 'CodeIgniter\Session\Handlers\FileHandler' driver.
DEBUG - 2026-03-02 10:32:28 --> Session: Class initialized using 'CodeIgniter\Session\Handlers\FileHandler' driver.
DEBUG - 2026-03-02 10:32:28 --> Session: Class initialized using 'CodeIgniter\Session\Handlers\FileHandler' driver.
DEBUG - 2026-03-02 10:32:28 --> Session: Class initialized using 'CodeIgniter\Session\Handlers\FileHandler' driver.
DEBUG - 2026-03-02 10:32:29 --> Session: Class initialized using 'CodeIgniter\Session\Handlers\FileHandler' driver.
DEBUG - 2026-03-02 10:32:42 --> Session: Class initialized using 'CodeIgniter\Session\Handlers\FileHandler' driver.
DEBUG - 2026-03-02 10:32:42 --> Session: Class initialized using 'CodeIgniter\Session\Handlers\FileHandler' driver.
DEBUG - 2026-03-02 10:32:52 --> Session: Class initialized using 'CodeIgniter\Session\Handlers\FileHandler' driver.
DEBUG - 2026-03-02 10:32:52 --> Session: Class initialized using 'CodeIgniter\Session\Handlers\FileHandler' driver.
DEBUG - 2026-03-02 10:33:26 --> Session: Class initialized using 'CodeIgniter\Session\Handlers\FileHandler' driver.
DEBUG - 2026-03-02 10:33:54 --> Session: Class initialized using 'CodeIgniter\Session\Handlers\FileHandler' driver.
DEBUG - 2026-03-02 10:33:55 --> Session: Class initialized using 'CodeIgniter\Session\Handlers\FileHandler' driver.
DEBUG - 2026-03-02 10:33:58 --> Session: Class initialized using 'CodeIgniter\Session\Handlers\FileHandler' driver.
DEBUG - 2026-03-02 10:34:46 --> Session: Class initialized using 'CodeIgniter\Session\Handlers\FileHandler' driver.
DEBUG - 2026-03-02 10:34:52 --> Session: Class initialized using 'CodeIgniter\Session\Handlers\FileHandler' driver.
DEBUG - 2026-03-02 10:35:21 --> Session: Class initialized using 'CodeIgniter\Session\Handlers\FileHandler' driver.
DEBUG - 2026-03-02 10:35:29 --> Session: Class initialized using 'CodeIgniter\Session\Handlers\FileHandler' driver.
DEBUG - 2026-03-02 10:35:31 --> Session: Class initialized using 'CodeIgniter\Session\Handlers\FileHandler' driver.
DEBUG - 2026-03-02 10:35:31 --> Session: Class initialized using 'CodeIgniter\Session\Handlers\FileHandler' driver.
DEBUG - 2026-03-02 10:35:32 --> Session: Class initialized using 'CodeIgniter\Session\Handlers\FileHandler' driver.
DEBUG - 2026-03-02 10:35:32 --> Session: Class initialized using 'CodeIgniter\Session\Handlers\FileHandler' driver.
DEBUG - 2026-03-02 10:35:32 --> Session: Class initialized using 'CodeIgniter\Session\Handlers\FileHandler' driver.
DEBUG - 2026-03-02 10:35:56 --> Session: Class initialized using 'CodeIgniter\Session\Handlers\FileHandler' driver.
DEBUG - 2026-03-02 10:36:00 --> Session: Class initialized using 'CodeIgniter\Session\Handlers\FileHandler' driver.
DEBUG - 2026-03-02 10:36:03 --> Session: Class initialized using 'CodeIgniter\Session\Handlers\FileHandler' driver.
DEBUG - 2026-03-02 10:36:03 --> Session: Class initialized using 'CodeIgniter\Session\Handlers\FileHandler' driver.
DEBUG - 2026-03-02 10:36:03 --> Session: Class initialized using 'CodeIgniter\Session\Handlers\FileHandler' driver.
DEBUG - 2026-03-02 10:36:03 --> Session: Class initialized using 'CodeIgniter\Session\Handlers\FileHandler' driver.
DEBUG - 2026-03-02 10:36:04 --> Session: Class initialized using 'CodeIgniter\Session\Handlers\FileHandler' driver.
DEBUG - 2026-03-02 10:36:04 --> Session: Class initialized using 'CodeIgniter\Session\Handlers\FileHandler' driver.
DEBUG - 2026-03-02 10:36:07 --> Session: Class initialized using 'CodeIgniter\Session\Handlers\FileHandler' driver.
DEBUG - 2026-03-02 10:38:41 --> Session: Class initialized using 'CodeIgniter\Session\Handlers\FileHandler' driver.
DEBUG - 2026-03-02 10:39:58 --> Session: Class initialized using 'CodeIgniter\Session\Handlers\FileHandler' driver.
DEBUG - 2026-03-02 10:40:00 --> Session: Class initialized using 'CodeIgniter\Session\Handlers\FileHandler' driver.
DEBUG - 2026-03-02 10:40:02 --> Session: Class initialized using 'CodeIgniter\Session\Handlers\FileHandler' driver.
DEBUG - 2026-03-02 10:40:04 --> Session: Class initialized using 'CodeIgniter\Session\Handlers\FileHandler' driver.
CRITICAL - 2026-03-02 10:40:04 --> CodeIgniter\Pager\Exceptions\PagerException: "bootstrap_full" is not a valid Pager template.
[Method: GET, Route: admin/news/manage]
in SYSTEMPATH\Pager\Pager.php on line 124.
 1 SYSTEMPATH\Pager\Pager.php(124): CodeIgniter\Pager\Exceptions\PagerException::forInvalidTemplate('bootstrap_full')
 2 SYSTEMPATH\Pager\Pager.php(87): CodeIgniter\Pager\Pager->displayLinks('default', 'bootstrap_full')
 3 APPPATH\Views\admin\news\index.php(121): CodeIgniter\Pager\Pager->links('default', 'bootstrap_full')
 4 SYSTEMPATH\View\View.php(238): include('E:\\Development Tools\\Xampp\\htdocs\\NToday-News\\app\\Views\\admin\\news\\index.php')
 5 SYSTEMPATH\View\View.php(241): CodeIgniter\View\View->CodeIgniter\View\{closure}()
 6 SYSTEMPATH\Common.php(1250): CodeIgniter\View\View->render('admin/news/index', [], true)
 7 APPPATH\Controllers\Admin\News.php(52): view('admin/news/index', [...])
 8 SYSTEMPATH\CodeIgniter.php(951): App\Controllers\Admin\News->index()
 9 SYSTEMPATH\CodeIgniter.php(497): CodeIgniter\CodeIgniter->runController(Object(App\Controllers\Admin\News))
10 SYSTEMPATH\CodeIgniter.php(340): CodeIgniter\CodeIgniter->handleRequest(null, Object(Config\Cache), false)
11 SYSTEMPATH\Boot.php(417): CodeIgniter\CodeIgniter->run()
12 SYSTEMPATH\Boot.php(68): CodeIgniter\Boot::runCodeIgniter(Object(CodeIgniter\CodeIgniter))
13 FCPATH\index.php(59): CodeIgniter\Boot::bootWeb(Object(Config\Paths))
DEBUG - 2026-03-02 10:40:10 --> Session: Class initialized using 'CodeIgniter\Session\Handlers\FileHandler' driver.
DEBUG - 2026-03-02 10:40:11 --> Session: Class initialized using 'CodeIgniter\Session\Handlers\FileHandler' driver.
DEBUG - 2026-03-02 10:40:13 --> Session: Class initialized using 'CodeIgniter\Session\Handlers\FileHandler' driver.
CRITICAL - 2026-03-02 10:40:13 --> CodeIgniter\Pager\Exceptions\PagerException: "bootstrap_full" is not a valid Pager template.
[Method: GET, Route: admin/news/manage]
in SYSTEMPATH\Pager\Pager.php on line 124.
 1 SYSTEMPATH\Pager\Pager.php(124): CodeIgniter\Pager\Exceptions\PagerException::forInvalidTemplate('bootstrap_full')
 2 SYSTEMPATH\Pager\Pager.php(87): CodeIgniter\Pager\Pager->displayLinks('default', 'bootstrap_full')
 3 APPPATH\Views\admin\news\index.php(121): CodeIgniter\Pager\Pager->links('default', 'bootstrap_full')
 4 SYSTEMPATH\View\View.php(238): include('E:\\Development Tools\\Xampp\\htdocs\\NToday-News\\app\\Views\\admin\\news\\index.php')
 5 SYSTEMPATH\View\View.php(241): CodeIgniter\View\View->CodeIgniter\View\{closure}()
 6 SYSTEMPATH\Common.php(1250): CodeIgniter\View\View->render('admin/news/index', [], true)
 7 APPPATH\Controllers\Admin\News.php(52): view('admin/news/index', [...])
 8 SYSTEMPATH\CodeIgniter.php(951): App\Controllers\Admin\News->index()
 9 SYSTEMPATH\CodeIgniter.php(497): CodeIgniter\CodeIgniter->runController(Object(App\Controllers\Admin\News))
10 SYSTEMPATH\CodeIgniter.php(340): CodeIgniter\CodeIgniter->handleRequest(null, Object(Config\Cache), false)
11 SYSTEMPATH\Boot.php(417): CodeIgniter\CodeIgniter->run()
12 SYSTEMPATH\Boot.php(68): CodeIgniter\Boot::runCodeIgniter(Object(CodeIgniter\CodeIgniter))
13 FCPATH\index.php(59): CodeIgniter\Boot::bootWeb(Object(Config\Paths))
DEBUG - 2026-03-02 10:40:18 --> Session: Class initialized using 'CodeIgniter\Session\Handlers\FileHandler' driver.
DEBUG - 2026-03-02 10:40:22 --> Session: Class initialized using 'CodeIgniter\Session\Handlers\FileHandler' driver.
DEBUG - 2026-03-02 10:40:24 --> Session: Class initialized using 'CodeIgniter\Session\Handlers\FileHandler' driver.
CRITICAL - 2026-03-02 10:40:24 --> CodeIgniter\Pager\Exceptions\PagerException: "bootstrap_full" is not a valid Pager template.
[Method: GET, Route: admin/news/manage]
in SYSTEMPATH\Pager\Pager.php on line 124.
 1 SYSTEMPATH\Pager\Pager.php(124): CodeIgniter\Pager\Exceptions\PagerException::forInvalidTemplate('bootstrap_full')
 2 SYSTEMPATH\Pager\Pager.php(87): CodeIgniter\Pager\Pager->displayLinks('default', 'bootstrap_full')
 3 APPPATH\Views\admin\news\index.php(121): CodeIgniter\Pager\Pager->links('default', 'bootstrap_full')
 4 SYSTEMPATH\View\View.php(238): include('E:\\Development Tools\\Xampp\\htdocs\\NToday-News\\app\\Views\\admin\\news\\index.php')
 5 SYSTEMPATH\View\View.php(241): CodeIgniter\View\View->CodeIgniter\View\{closure}()
 6 SYSTEMPATH\Common.php(1250): CodeIgniter\View\View->render('admin/news/index', [], true)
 7 APPPATH\Controllers\Admin\News.php(52): view('admin/news/index', [...])
 8 SYSTEMPATH\CodeIgniter.php(951): App\Controllers\Admin\News->index()
 9 SYSTEMPATH\CodeIgniter.php(497): CodeIgniter\CodeIgniter->runController(Object(App\Controllers\Admin\News))
10 SYSTEMPATH\CodeIgniter.php(340): CodeIgniter\CodeIgniter->handleRequest(null, Object(Config\Cache), false)
11 SYSTEMPATH\Boot.php(417): CodeIgniter\CodeIgniter->run()
12 SYSTEMPATH\Boot.php(68): CodeIgniter\Boot::runCodeIgniter(Object(CodeIgniter\CodeIgniter))
13 FCPATH\index.php(59): CodeIgniter\Boot::bootWeb(Object(Config\Paths))
DEBUG - 2026-03-02 10:40:54 --> Session: Class initialized using 'CodeIgniter\Session\Handlers\FileHandler' driver.
DEBUG - 2026-03-02 10:42:01 --> Session: Class initialized using 'CodeIgniter\Session\Handlers\FileHandler' driver.
DEBUG - 2026-03-02 10:42:05 --> Session: Class initialized using 'CodeIgniter\Session\Handlers\FileHandler' driver.
DEBUG - 2026-03-02 10:42:07 --> Session: Class initialized using 'CodeIgniter\Session\Handlers\FileHandler' driver.
DEBUG - 2026-03-02 10:46:34 --> Session: Class initialized using 'CodeIgniter\Session\Handlers\FileHandler' driver.
DEBUG - 2026-03-02 10:46:55 --> Session: Class initialized using 'CodeIgniter\Session\Handlers\FileHandler' driver.
DEBUG - 2026-03-02 10:46:58 --> Session: Class initialized using 'CodeIgniter\Session\Handlers\FileHandler' driver.
DEBUG - 2026-03-02 10:47:00 --> Session: Class initialized using 'CodeIgniter\Session\Handlers\FileHandler' driver.
DEBUG - 2026-03-02 10:47:02 --> Session: Class initialized using 'CodeIgniter\Session\Handlers\FileHandler' driver.
DEBUG - 2026-03-02 10:47:04 --> Session: Class initialized using 'CodeIgniter\Session\Handlers\FileHandler' driver.
DEBUG - 2026-03-02 10:48:53 --> Session: Class initialized using 'CodeIgniter\Session\Handlers\FileHandler' driver.
DEBUG - 2026-03-02 10:48:54 --> Session: Class initialized using 'CodeIgniter\Session\Handlers\FileHandler' driver.
DEBUG - 2026-03-02 10:49:05 --> Session: Class initialized using 'CodeIgniter\Session\Handlers\FileHandler' driver.
DEBUG - 2026-03-02 10:49:06 --> Session: Class initialized using 'CodeIgniter\Session\Handlers\FileHandler' driver.
DEBUG - 2026-03-02 10:49:09 --> Session: Class initialized using 'CodeIgniter\Session\Handlers\FileHandler' driver.
DEBUG - 2026-03-02 10:49:47 --> Session: Class initialized using 'CodeIgniter\Session\Handlers\FileHandler' driver.
DEBUG - 2026-03-02 10:50:34 --> Session: Class initialized using 'CodeIgniter\Session\Handlers\FileHandler' driver.
DEBUG - 2026-03-02 10:50:34 --> Session: Class initialized using 'CodeIgniter\Session\Handlers\FileHandler' driver.
DEBUG - 2026-03-02 10:50:36 --> Session: Class initialized using 'CodeIgniter\Session\Handlers\FileHandler' driver.
DEBUG - 2026-03-02 10:52:35 --> Session: Class initialized using 'CodeIgniter\Session\Handlers\FileHandler' driver.
DEBUG - 2026-03-02 10:53:42 --> Session: Class initialized using 'CodeIgniter\Session\Handlers\FileHandler' driver.
CRITICAL - 2026-03-02 10:53:51 --> CodeIgniter\View\Exceptions\ViewException: Invalid file: "news_detail.php"
[Method: GET, Route: news/shakhira-sing-song]
in SYSTEMPATH\Exceptions\FrameworkException.php on line 39.
 1 SYSTEMPATH\View\View.php(226): CodeIgniter\Exceptions\FrameworkException::forInvalidFile('news_detail.php')
 2 SYSTEMPATH\Common.php(1250): CodeIgniter\View\View->render('news_detail', [], true)
 3 APPPATH\Controllers\Home.php(114): view('news_detail', [...])
 4 SYSTEMPATH\CodeIgniter.php(951): App\Controllers\Home->view('shakhira-sing-song')
 5 SYSTEMPATH\CodeIgniter.php(497): CodeIgniter\CodeIgniter->runController(Object(App\Controllers\Home))
 6 SYSTEMPATH\CodeIgniter.php(340): CodeIgniter\CodeIgniter->handleRequest(null, Object(Config\Cache), false)
 7 SYSTEMPATH\Boot.php(417): CodeIgniter\CodeIgniter->run()
 8 SYSTEMPATH\Boot.php(68): CodeIgniter\Boot::runCodeIgniter(Object(CodeIgniter\CodeIgniter))
 9 FCPATH\index.php(59): CodeIgniter\Boot::bootWeb(Object(Config\Paths))
CRITICAL - 2026-03-02 10:54:44 --> CodeIgniter\View\Exceptions\ViewException: Invalid file: "news_detail.php"
[Method: GET, Route: news/shakhira-sing-song]
in SYSTEMPATH\Exceptions\FrameworkException.php on line 39.
 1 SYSTEMPATH\View\View.php(226): CodeIgniter\Exceptions\FrameworkException::forInvalidFile('news_detail.php')
 2 SYSTEMPATH\Common.php(1250): CodeIgniter\View\View->render('news_detail', [], true)
 3 APPPATH\Controllers\Home.php(114): view('news_detail', [...])
 4 SYSTEMPATH\CodeIgniter.php(951): App\Controllers\Home->view('shakhira-sing-song')
 5 SYSTEMPATH\CodeIgniter.php(497): CodeIgniter\CodeIgniter->runController(Object(App\Controllers\Home))
 6 SYSTEMPATH\CodeIgniter.php(340): CodeIgniter\CodeIgniter->handleRequest(null, Object(Config\Cache), false)
 7 SYSTEMPATH\Boot.php(417): CodeIgniter\CodeIgniter->run()
 8 SYSTEMPATH\Boot.php(68): CodeIgniter\Boot::runCodeIgniter(Object(CodeIgniter\CodeIgniter))
 9 FCPATH\index.php(59): CodeIgniter\Boot::bootWeb(Object(Config\Paths))
CRITICAL - 2026-03-02 10:54:44 --> CodeIgniter\View\Exceptions\ViewException: Invalid file: "news_detail.php"
[Method: GET, Route: news/shakhira-sing-song]
in SYSTEMPATH\Exceptions\FrameworkException.php on line 39.
 1 SYSTEMPATH\View\View.php(226): CodeIgniter\Exceptions\FrameworkException::forInvalidFile('news_detail.php')
 2 SYSTEMPATH\Common.php(1250): CodeIgniter\View\View->render('news_detail', [], true)
 3 APPPATH\Controllers\Home.php(114): view('news_detail', [...])
 4 SYSTEMPATH\CodeIgniter.php(951): App\Controllers\Home->view('shakhira-sing-song')
 5 SYSTEMPATH\CodeIgniter.php(497): CodeIgniter\CodeIgniter->runController(Object(App\Controllers\Home))
 6 SYSTEMPATH\CodeIgniter.php(340): CodeIgniter\CodeIgniter->handleRequest(null, Object(Config\Cache), false)
 7 SYSTEMPATH\Boot.php(417): CodeIgniter\CodeIgniter->run()
 8 SYSTEMPATH\Boot.php(68): CodeIgniter\Boot::runCodeIgniter(Object(CodeIgniter\CodeIgniter))
 9 FCPATH\index.php(59): CodeIgniter\Boot::bootWeb(Object(Config\Paths))
CRITICAL - 2026-03-02 10:54:45 --> CodeIgniter\View\Exceptions\ViewException: Invalid file: "news_detail.php"
[Method: GET, Route: news/shakhira-sing-song]
in SYSTEMPATH\Exceptions\FrameworkException.php on line 39.
 1 SYSTEMPATH\View\View.php(226): CodeIgniter\Exceptions\FrameworkException::forInvalidFile('news_detail.php')
 2 SYSTEMPATH\Common.php(1250): CodeIgniter\View\View->render('news_detail', [], true)
 3 APPPATH\Controllers\Home.php(114): view('news_detail', [...])
 4 SYSTEMPATH\CodeIgniter.php(951): App\Controllers\Home->view('shakhira-sing-song')
 5 SYSTEMPATH\CodeIgniter.php(497): CodeIgniter\CodeIgniter->runController(Object(App\Controllers\Home))
 6 SYSTEMPATH\CodeIgniter.php(340): CodeIgniter\CodeIgniter->handleRequest(null, Object(Config\Cache), false)
 7 SYSTEMPATH\Boot.php(417): CodeIgniter\CodeIgniter->run()
 8 SYSTEMPATH\Boot.php(68): CodeIgniter\Boot::runCodeIgniter(Object(CodeIgniter\CodeIgniter))
 9 FCPATH\index.php(59): CodeIgniter\Boot::bootWeb(Object(Config\Paths))
CRITICAL - 2026-03-02 10:54:45 --> CodeIgniter\View\Exceptions\ViewException: Invalid file: "news_detail.php"
[Method: GET, Route: news/shakhira-sing-song]
in SYSTEMPATH\Exceptions\FrameworkException.php on line 39.
 1 SYSTEMPATH\View\View.php(226): CodeIgniter\Exceptions\FrameworkException::forInvalidFile('news_detail.php')
 2 SYSTEMPATH\Common.php(1250): CodeIgniter\View\View->render('news_detail', [], true)
 3 APPPATH\Controllers\Home.php(114): view('news_detail', [...])
 4 SYSTEMPATH\CodeIgniter.php(951): App\Controllers\Home->view('shakhira-sing-song')
 5 SYSTEMPATH\CodeIgniter.php(497): CodeIgniter\CodeIgniter->runController(Object(App\Controllers\Home))
 6 SYSTEMPATH\CodeIgniter.php(340): CodeIgniter\CodeIgniter->handleRequest(null, Object(Config\Cache), false)
 7 SYSTEMPATH\Boot.php(417): CodeIgniter\CodeIgniter->run()
 8 SYSTEMPATH\Boot.php(68): CodeIgniter\Boot::runCodeIgniter(Object(CodeIgniter\CodeIgniter))
 9 FCPATH\index.php(59): CodeIgniter\Boot::bootWeb(Object(Config\Paths))
CRITICAL - 2026-03-02 10:55:01 --> CodeIgniter\View\Exceptions\ViewException: Invalid file: "news_detail.php"
[Method: GET, Route: news/shakhira-sing-song]
in SYSTEMPATH\Exceptions\FrameworkException.php on line 39.
 1 SYSTEMPATH\View\View.php(226): CodeIgniter\Exceptions\FrameworkException::forInvalidFile('news_detail.php')
 2 SYSTEMPATH\Common.php(1250): CodeIgniter\View\View->render('news_detail', [], true)
 3 APPPATH\Controllers\Home.php(114): view('news_detail', [...])
 4 SYSTEMPATH\CodeIgniter.php(951): App\Controllers\Home->view('shakhira-sing-song')
 5 SYSTEMPATH\CodeIgniter.php(497): CodeIgniter\CodeIgniter->runController(Object(App\Controllers\Home))
 6 SYSTEMPATH\CodeIgniter.php(340): CodeIgniter\CodeIgniter->handleRequest(null, Object(Config\Cache), false)
 7 SYSTEMPATH\Boot.php(417): CodeIgniter\CodeIgniter->run()
 8 SYSTEMPATH\Boot.php(68): CodeIgniter\Boot::runCodeIgniter(Object(CodeIgniter\CodeIgniter))
 9 FCPATH\index.php(59): CodeIgniter\Boot::bootWeb(Object(Config\Paths))
CRITICAL - 2026-03-02 10:55:01 --> CodeIgniter\View\Exceptions\ViewException: Invalid file: "news_detail.php"
[Method: GET, Route: news/shakhira-sing-song]
in SYSTEMPATH\Exceptions\FrameworkException.php on line 39.
 1 SYSTEMPATH\View\View.php(226): CodeIgniter\Exceptions\FrameworkException::forInvalidFile('news_detail.php')
 2 SYSTEMPATH\Common.php(1250): CodeIgniter\View\View->render('news_detail', [], true)
 3 APPPATH\Controllers\Home.php(114): view('news_detail', [...])
 4 SYSTEMPATH\CodeIgniter.php(951): App\Controllers\Home->view('shakhira-sing-song')
 5 SYSTEMPATH\CodeIgniter.php(497): CodeIgniter\CodeIgniter->runController(Object(App\Controllers\Home))
 6 SYSTEMPATH\CodeIgniter.php(340): CodeIgniter\CodeIgniter->handleRequest(null, Object(Config\Cache), false)
 7 SYSTEMPATH\Boot.php(417): CodeIgniter\CodeIgniter->run()
 8 SYSTEMPATH\Boot.php(68): CodeIgniter\Boot::runCodeIgniter(Object(CodeIgniter\CodeIgniter))
 9 FCPATH\index.php(59): CodeIgniter\Boot::bootWeb(Object(Config\Paths))
CRITICAL - 2026-03-02 10:55:01 --> CodeIgniter\View\Exceptions\ViewException: Invalid file: "news_detail.php"
[Method: GET, Route: news/shakhira-sing-song]
in SYSTEMPATH\Exceptions\FrameworkException.php on line 39.
 1 SYSTEMPATH\View\View.php(226): CodeIgniter\Exceptions\FrameworkException::forInvalidFile('news_detail.php')
 2 SYSTEMPATH\Common.php(1250): CodeIgniter\View\View->render('news_detail', [], true)
 3 APPPATH\Controllers\Home.php(114): view('news_detail', [...])
 4 SYSTEMPATH\CodeIgniter.php(951): App\Controllers\Home->view('shakhira-sing-song')
 5 SYSTEMPATH\CodeIgniter.php(497): CodeIgniter\CodeIgniter->runController(Object(App\Controllers\Home))
 6 SYSTEMPATH\CodeIgniter.php(340): CodeIgniter\CodeIgniter->handleRequest(null, Object(Config\Cache), false)
 7 SYSTEMPATH\Boot.php(417): CodeIgniter\CodeIgniter->run()
 8 SYSTEMPATH\Boot.php(68): CodeIgniter\Boot::runCodeIgniter(Object(CodeIgniter\CodeIgniter))
 9 FCPATH\index.php(59): CodeIgniter\Boot::bootWeb(Object(Config\Paths))
DEBUG - 2026-03-02 10:55:59 --> Session: Class initialized using 'CodeIgniter\Session\Handlers\FileHandler' driver.
DEBUG - 2026-03-02 10:57:05 --> Session: Class initialized using 'CodeIgniter\Session\Handlers\FileHandler' driver.
DEBUG - 2026-03-02 10:57:07 --> Session: Class initialized using 'CodeIgniter\Session\Handlers\FileHandler' driver.
DEBUG - 2026-03-02 10:57:08 --> Session: Class initialized using 'CodeIgniter\Session\Handlers\FileHandler' driver.
DEBUG - 2026-03-02 10:57:11 --> Session: Class initialized using 'CodeIgniter\Session\Handlers\FileHandler' driver.
DEBUG - 2026-03-02 10:57:12 --> Session: Class initialized using 'CodeIgniter\Session\Handlers\FileHandler' driver.
DEBUG - 2026-03-02 10:57:38 --> Session: Class initialized using 'CodeIgniter\Session\Handlers\FileHandler' driver.
CRITICAL - 2026-03-02 10:57:38 --> CodeIgniter\View\Exceptions\ViewException: Invalid file: "frontend/single_news.php"
[Method: GET, Route: news/shakhira-sing-song]
in SYSTEMPATH\Exceptions\FrameworkException.php on line 39.
 1 SYSTEMPATH\View\View.php(226): CodeIgniter\Exceptions\FrameworkException::forInvalidFile('frontend/single_news.php')
 2 SYSTEMPATH\Common.php(1250): CodeIgniter\View\View->render('frontend/single_news', [], true)
 3 APPPATH\Controllers\Home.php(137): view('frontend/single_news', [...])
 4 SYSTEMPATH\CodeIgniter.php(951): App\Controllers\Home->view('shakhira-sing-song')
 5 SYSTEMPATH\CodeIgniter.php(497): CodeIgniter\CodeIgniter->runController(Object(App\Controllers\Home))
 6 SYSTEMPATH\CodeIgniter.php(340): CodeIgniter\CodeIgniter->handleRequest(null, Object(Config\Cache), false)
 7 SYSTEMPATH\Boot.php(417): CodeIgniter\CodeIgniter->run()
 8 SYSTEMPATH\Boot.php(68): CodeIgniter\Boot::runCodeIgniter(Object(CodeIgniter\CodeIgniter))
 9 FCPATH\index.php(59): CodeIgniter\Boot::bootWeb(Object(Config\Paths))
DEBUG - 2026-03-02 10:59:43 --> Session: Class initialized using 'CodeIgniter\Session\Handlers\FileHandler' driver.
DEBUG - 2026-03-02 10:59:45 --> Session: Class initialized using 'CodeIgniter\Session\Handlers\FileHandler' driver.
DEBUG - 2026-03-02 10:59:47 --> Session: Class initialized using 'CodeIgniter\Session\Handlers\FileHandler' driver.
DEBUG - 2026-03-02 11:00:18 --> Session: Class initialized using 'CodeIgniter\Session\Handlers\FileHandler' driver.
DEBUG - 2026-03-02 11:00:25 --> Session: Class initialized using 'CodeIgniter\Session\Handlers\FileHandler' driver.
DEBUG - 2026-03-02 11:00:26 --> Session: Class initialized using 'CodeIgniter\Session\Handlers\FileHandler' driver.
DEBUG - 2026-03-02 11:00:33 --> Session: Class initialized using 'CodeIgniter\Session\Handlers\FileHandler' driver.
DEBUG - 2026-03-02 11:01:35 --> Session: Class initialized using 'CodeIgniter\Session\Handlers\FileHandler' driver.
DEBUG - 2026-03-02 11:01:41 --> Session: Class initialized using 'CodeIgniter\Session\Handlers\FileHandler' driver.
DEBUG - 2026-03-02 11:02:00 --> Session: Class initialized using 'CodeIgniter\Session\Handlers\FileHandler' driver.
DEBUG - 2026-03-02 11:02:06 --> Session: Class initialized using 'CodeIgniter\Session\Handlers\FileHandler' driver.
DEBUG - 2026-03-02 11:02:42 --> Session: Class initialized using 'CodeIgniter\Session\Handlers\FileHandler' driver.
DEBUG - 2026-03-02 11:02:43 --> Session: Class initialized using 'CodeIgniter\Session\Handlers\FileHandler' driver.
DEBUG - 2026-03-02 11:02:45 --> Session: Class initialized using 'CodeIgniter\Session\Handlers\FileHandler' driver.
DEBUG - 2026-03-02 11:02:46 --> Session: Class initialized using 'CodeIgniter\Session\Handlers\FileHandler' driver.
DEBUG - 2026-03-02 11:06:07 --> Session: Class initialized using 'CodeIgniter\Session\Handlers\FileHandler' driver.
DEBUG - 2026-03-02 11:06:11 --> Session: Class initialized using 'CodeIgniter\Session\Handlers\FileHandler' driver.
DEBUG - 2026-03-02 11:06:13 --> Session: Class initialized using 'CodeIgniter\Session\Handlers\FileHandler' driver.
DEBUG - 2026-03-02 11:06:14 --> Session: Class initialized using 'CodeIgniter\Session\Handlers\FileHandler' driver.
DEBUG - 2026-03-02 11:06:16 --> Session: Class initialized using 'CodeIgniter\Session\Handlers\FileHandler' driver.
DEBUG - 2026-03-02 11:06:46 --> Session: Class initialized using 'CodeIgniter\Session\Handlers\FileHandler' driver.
DEBUG - 2026-03-02 11:07:08 --> Session: Class initialized using 'CodeIgniter\Session\Handlers\FileHandler' driver.
DEBUG - 2026-03-02 11:08:23 --> Session: Class initialized using 'CodeIgniter\Session\Handlers\FileHandler' driver.
CRITICAL - 2026-03-02 11:08:23 --> CodeIgniter\View\Exceptions\ViewException: Invalid file: "admin/reporters/index.php"
[Method: GET, Route: admin/reporters/manage]
in SYSTEMPATH\Exceptions\FrameworkException.php on line 39.
 1 SYSTEMPATH\View\View.php(226): CodeIgniter\Exceptions\FrameworkException::forInvalidFile('admin/reporters/index.php')
 2 SYSTEMPATH\Common.php(1250): CodeIgniter\View\View->render('admin/reporters/index', [], true)
 3 APPPATH\Controllers\AdminController.php(62): view('admin/reporters/index', [...])
 4 SYSTEMPATH\CodeIgniter.php(951): App\Controllers\AdminController->manageReporters()
 5 SYSTEMPATH\CodeIgniter.php(497): CodeIgniter\CodeIgniter->runController(Object(App\Controllers\AdminController))
 6 SYSTEMPATH\CodeIgniter.php(340): CodeIgniter\CodeIgniter->handleRequest(null, Object(Config\Cache), false)
 7 SYSTEMPATH\Boot.php(417): CodeIgniter\CodeIgniter->run()
 8 SYSTEMPATH\Boot.php(68): CodeIgniter\Boot::runCodeIgniter(Object(CodeIgniter\CodeIgniter))
 9 FCPATH\index.php(59): CodeIgniter\Boot::bootWeb(Object(Config\Paths))
DEBUG - 2026-03-02 11:08:48 --> Session: Class initialized using 'CodeIgniter\Session\Handlers\FileHandler' driver.
DEBUG - 2026-03-02 11:08:52 --> Session: Class initialized using 'CodeIgniter\Session\Handlers\FileHandler' driver.
DEBUG - 2026-03-02 11:08:53 --> Session: Class initialized using 'CodeIgniter\Session\Handlers\FileHandler' driver.
CRITICAL - 2026-03-02 11:11:41 --> ErrorException: include(E:\Development Tools\Xampp\htdocs\NToday-News\vendor\composer/../../app/Controllers/AdminController.php): Failed to open stream: No such file or directory
[Method: GET, Route: admin/reporters/manage]
in VENDORPATH\composer\ClassLoader.php on line 576.
 1 VENDORPATH\composer\ClassLoader.php(576): CodeIgniter\Debug\Exceptions->errorHandler(2, 'include(E:\\Development Tools\\Xampp\\htdocs\\NToday-News\\vendor\\composer/../../app/Controllers/AdminController.php): Failed to open stream: No such file or directory', 'E:\\Development Tools\\Xampp\\htdocs\\NToday-News\\vendor\\composer\\ClassLoader.php', 576)
 2 VENDORPATH\composer\ClassLoader.php(576): include()
 3 VENDORPATH\composer\ClassLoader.php(427): Composer\Autoload\{closure}('E:\\Development Tools\\Xampp\\htdocs\\NToday-News\\vendor\\composer/../../app/Controllers/AdminController.php')
 4 [internal function]: Composer\Autoload\ClassLoader->loadClass('App\\Controllers\\AdminController')
 5 SYSTEMPATH\Router\Router.php(792): class_exists('\\App\\Controllers\\AdminController')
 6 SYSTEMPATH\Router\Router.php(230): CodeIgniter\Router\Router->processRouteAttributes()
 7 SYSTEMPATH\CodeIgniter.php(829): CodeIgniter\Router\Router->handle('admin/reporters/manage')
 8 SYSTEMPATH\CodeIgniter.php(441): CodeIgniter\CodeIgniter->tryToRouteIt(Object(CodeIgniter\Router\RouteCollection))
 9 SYSTEMPATH\CodeIgniter.php(340): CodeIgniter\CodeIgniter->handleRequest(null, Object(Config\Cache), false)
10 SYSTEMPATH\Boot.php(417): CodeIgniter\CodeIgniter->run()
11 SYSTEMPATH\Boot.php(68): CodeIgniter\Boot::runCodeIgniter(Object(CodeIgniter\CodeIgniter))
12 FCPATH\index.php(59): CodeIgniter\Boot::bootWeb(Object(Config\Paths))
CRITICAL - 2026-03-02 11:11:50 --> ErrorException: include(E:\Development Tools\Xampp\htdocs\NToday-News\vendor\composer/../../app/Controllers/AdminController.php): Failed to open stream: No such file or directory
[Method: GET, Route: admin/reporters/pending]
in VENDORPATH\composer\ClassLoader.php on line 576.
 1 VENDORPATH\composer\ClassLoader.php(576): CodeIgniter\Debug\Exceptions->errorHandler(2, 'include(E:\\Development Tools\\Xampp\\htdocs\\NToday-News\\vendor\\composer/../../app/Controllers/AdminController.php): Failed to open stream: No such file or directory', 'E:\\Development Tools\\Xampp\\htdocs\\NToday-News\\vendor\\composer\\ClassLoader.php', 576)
 2 VENDORPATH\composer\ClassLoader.php(576): include()
 3 VENDORPATH\composer\ClassLoader.php(427): Composer\Autoload\{closure}('E:\\Development Tools\\Xampp\\htdocs\\NToday-News\\vendor\\composer/../../app/Controllers/AdminController.php')
 4 [internal function]: Composer\Autoload\ClassLoader->loadClass('App\\Controllers\\AdminController')
 5 SYSTEMPATH\Router\Router.php(792): class_exists('\\App\\Controllers\\AdminController')
 6 SYSTEMPATH\Router\Router.php(230): CodeIgniter\Router\Router->processRouteAttributes()
 7 SYSTEMPATH\CodeIgniter.php(829): CodeIgniter\Router\Router->handle('admin/reporters/pending')
 8 SYSTEMPATH\CodeIgniter.php(441): CodeIgniter\CodeIgniter->tryToRouteIt(Object(CodeIgniter\Router\RouteCollection))
 9 SYSTEMPATH\CodeIgniter.php(340): CodeIgniter\CodeIgniter->handleRequest(null, Object(Config\Cache), false)
10 SYSTEMPATH\Boot.php(417): CodeIgniter\CodeIgniter->run()
11 SYSTEMPATH\Boot.php(68): CodeIgniter\Boot::runCodeIgniter(Object(CodeIgniter\CodeIgniter))
12 FCPATH\index.php(59): CodeIgniter\Boot::bootWeb(Object(Config\Paths))
DEBUG - 2026-03-02 11:11:52 --> Session: Class initialized using 'CodeIgniter\Session\Handlers\FileHandler' driver.
DEBUG - 2026-03-02 11:11:52 --> Session: Class initialized using 'CodeIgniter\Session\Handlers\FileHandler' driver.
DEBUG - 2026-03-02 11:11:52 --> Session: Class initialized using 'CodeIgniter\Session\Handlers\FileHandler' driver.
DEBUG - 2026-03-02 11:11:55 --> Session: Class initialized using 'CodeIgniter\Session\Handlers\FileHandler' driver.
DEBUG - 2026-03-02 11:11:59 --> Session: Class initialized using 'CodeIgniter\Session\Handlers\FileHandler' driver.
DEBUG - 2026-03-02 11:11:59 --> Session: Class initialized using 'CodeIgniter\Session\Handlers\FileHandler' driver.
DEBUG - 2026-03-02 11:11:59 --> Session: Class initialized using 'CodeIgniter\Session\Handlers\FileHandler' driver.
CRITICAL - 2026-03-02 11:12:01 --> ErrorException: include(E:\Development Tools\Xampp\htdocs\NToday-News\vendor\composer/../../app/Controllers/AdminController.php): Failed to open stream: No such file or directory
[Method: GET, Route: admin/dashboard]
in VENDORPATH\composer\ClassLoader.php on line 576.
 1 VENDORPATH\composer\ClassLoader.php(576): CodeIgniter\Debug\Exceptions->errorHandler(2, 'include(E:\\Development Tools\\Xampp\\htdocs\\NToday-News\\vendor\\composer/../../app/Controllers/AdminController.php): Failed to open stream: No such file or directory', 'E:\\Development Tools\\Xampp\\htdocs\\NToday-News\\vendor\\composer\\ClassLoader.php', 576)
 2 VENDORPATH\composer\ClassLoader.php(576): include()
 3 VENDORPATH\composer\ClassLoader.php(427): Composer\Autoload\{closure}('E:\\Development Tools\\Xampp\\htdocs\\NToday-News\\vendor\\composer/../../app/Controllers/AdminController.php')
 4 [internal function]: Composer\Autoload\ClassLoader->loadClass('App\\Controllers\\AdminController')
 5 SYSTEMPATH\Router\Router.php(792): class_exists('\\App\\Controllers\\AdminController')
 6 SYSTEMPATH\Router\Router.php(230): CodeIgniter\Router\Router->processRouteAttributes()
 7 SYSTEMPATH\CodeIgniter.php(829): CodeIgniter\Router\Router->handle('admin/dashboard')
 8 SYSTEMPATH\CodeIgniter.php(441): CodeIgniter\CodeIgniter->tryToRouteIt(Object(CodeIgniter\Router\RouteCollection))
 9 SYSTEMPATH\CodeIgniter.php(340): CodeIgniter\CodeIgniter->handleRequest(null, Object(Config\Cache), false)
10 SYSTEMPATH\Boot.php(417): CodeIgniter\CodeIgniter->run()
11 SYSTEMPATH\Boot.php(68): CodeIgniter\Boot::runCodeIgniter(Object(CodeIgniter\CodeIgniter))
12 FCPATH\index.php(59): CodeIgniter\Boot::bootWeb(Object(Config\Paths))
CRITICAL - 2026-03-02 11:14:25 --> CodeIgniter\Router\Exceptions\RouterException: The namespace delimiter is a backslash (\), not a slash (/). Route handler: "\App\Controllers\Admin/AdminController::index"
[Method: GET, Route: admin/dashboard]
in SYSTEMPATH\Router\Router.php on line 523.
 1 SYSTEMPATH\Router\Router.php(523): CodeIgniter\Router\Exceptions\RouterException::forInvalidControllerName('\\App\\Controllers\\Admin/AdminController::index')
 2 SYSTEMPATH\Router\Router.php(225): CodeIgniter\Router\Router->checkRoutes('admin/dashboard')
 3 SYSTEMPATH\CodeIgniter.php(829): CodeIgniter\Router\Router->handle('admin/dashboard')
 4 SYSTEMPATH\CodeIgniter.php(441): CodeIgniter\CodeIgniter->tryToRouteIt(Object(CodeIgniter\Router\RouteCollection))
 5 SYSTEMPATH\CodeIgniter.php(340): CodeIgniter\CodeIgniter->handleRequest(null, Object(Config\Cache), false)
 6 SYSTEMPATH\Boot.php(417): CodeIgniter\CodeIgniter->run()
 7 SYSTEMPATH\Boot.php(68): CodeIgniter\Boot::runCodeIgniter(Object(CodeIgniter\CodeIgniter))
 8 FCPATH\index.php(59): CodeIgniter\Boot::bootWeb(Object(Config\Paths))
CRITICAL - 2026-03-02 11:14:26 --> CodeIgniter\Router\Exceptions\RouterException: The namespace delimiter is a backslash (\), not a slash (/). Route handler: "\App\Controllers\Admin/AdminController::index"
[Method: GET, Route: admin/dashboard]
in SYSTEMPATH\Router\Router.php on line 523.
 1 SYSTEMPATH\Router\Router.php(523): CodeIgniter\Router\Exceptions\RouterException::forInvalidControllerName('\\App\\Controllers\\Admin/AdminController::index')
 2 SYSTEMPATH\Router\Router.php(225): CodeIgniter\Router\Router->checkRoutes('admin/dashboard')
 3 SYSTEMPATH\CodeIgniter.php(829): CodeIgniter\Router\Router->handle('admin/dashboard')
 4 SYSTEMPATH\CodeIgniter.php(441): CodeIgniter\CodeIgniter->tryToRouteIt(Object(CodeIgniter\Router\RouteCollection))
 5 SYSTEMPATH\CodeIgniter.php(340): CodeIgniter\CodeIgniter->handleRequest(null, Object(Config\Cache), false)
 6 SYSTEMPATH\Boot.php(417): CodeIgniter\CodeIgniter->run()
 7 SYSTEMPATH\Boot.php(68): CodeIgniter\Boot::runCodeIgniter(Object(CodeIgniter\CodeIgniter))
 8 FCPATH\index.php(59): CodeIgniter\Boot::bootWeb(Object(Config\Paths))
CRITICAL - 2026-03-02 11:14:26 --> CodeIgniter\Router\Exceptions\RouterException: The namespace delimiter is a backslash (\), not a slash (/). Route handler: "\App\Controllers\Admin/AdminController::index"
[Method: GET, Route: admin/dashboard]
in SYSTEMPATH\Router\Router.php on line 523.
 1 SYSTEMPATH\Router\Router.php(523): CodeIgniter\Router\Exceptions\RouterException::forInvalidControllerName('\\App\\Controllers\\Admin/AdminController::index')
 2 SYSTEMPATH\Router\Router.php(225): CodeIgniter\Router\Router->checkRoutes('admin/dashboard')
 3 SYSTEMPATH\CodeIgniter.php(829): CodeIgniter\Router\Router->handle('admin/dashboard')
 4 SYSTEMPATH\CodeIgniter.php(441): CodeIgniter\CodeIgniter->tryToRouteIt(Object(CodeIgniter\Router\RouteCollection))
 5 SYSTEMPATH\CodeIgniter.php(340): CodeIgniter\CodeIgniter->handleRequest(null, Object(Config\Cache), false)
 6 SYSTEMPATH\Boot.php(417): CodeIgniter\CodeIgniter->run()
 7 SYSTEMPATH\Boot.php(68): CodeIgniter\Boot::runCodeIgniter(Object(CodeIgniter\CodeIgniter))
 8 FCPATH\index.php(59): CodeIgniter\Boot::bootWeb(Object(Config\Paths))
CRITICAL - 2026-03-02 11:14:27 --> CodeIgniter\Router\Exceptions\RouterException: The namespace delimiter is a backslash (\), not a slash (/). Route handler: "\App\Controllers\Admin/AdminController::index"
[Method: GET, Route: admin/dashboard]
in SYSTEMPATH\Router\Router.php on line 523.
 1 SYSTEMPATH\Router\Router.php(523): CodeIgniter\Router\Exceptions\RouterException::forInvalidControllerName('\\App\\Controllers\\Admin/AdminController::index')
 2 SYSTEMPATH\Router\Router.php(225): CodeIgniter\Router\Router->checkRoutes('admin/dashboard')
 3 SYSTEMPATH\CodeIgniter.php(829): CodeIgniter\Router\Router->handle('admin/dashboard')
 4 SYSTEMPATH\CodeIgniter.php(441): CodeIgniter\CodeIgniter->tryToRouteIt(Object(CodeIgniter\Router\RouteCollection))
 5 SYSTEMPATH\CodeIgniter.php(340): CodeIgniter\CodeIgniter->handleRequest(null, Object(Config\Cache), false)
 6 SYSTEMPATH\Boot.php(417): CodeIgniter\CodeIgniter->run()
 7 SYSTEMPATH\Boot.php(68): CodeIgniter\Boot::runCodeIgniter(Object(CodeIgniter\CodeIgniter))
 8 FCPATH\index.php(59): CodeIgniter\Boot::bootWeb(Object(Config\Paths))
CRITICAL - 2026-03-02 11:14:27 --> CodeIgniter\Router\Exceptions\RouterException: The namespace delimiter is a backslash (\), not a slash (/). Route handler: "\App\Controllers\Admin/AdminController::index"
[Method: GET, Route: admin/dashboard]
in SYSTEMPATH\Router\Router.php on line 523.
 1 SYSTEMPATH\Router\Router.php(523): CodeIgniter\Router\Exceptions\RouterException::forInvalidControllerName('\\App\\Controllers\\Admin/AdminController::index')
 2 SYSTEMPATH\Router\Router.php(225): CodeIgniter\Router\Router->checkRoutes('admin/dashboard')
 3 SYSTEMPATH\CodeIgniter.php(829): CodeIgniter\Router\Router->handle('admin/dashboard')
 4 SYSTEMPATH\CodeIgniter.php(441): CodeIgniter\CodeIgniter->tryToRouteIt(Object(CodeIgniter\Router\RouteCollection))
 5 SYSTEMPATH\CodeIgniter.php(340): CodeIgniter\CodeIgniter->handleRequest(null, Object(Config\Cache), false)
 6 SYSTEMPATH\Boot.php(417): CodeIgniter\CodeIgniter->run()
 7 SYSTEMPATH\Boot.php(68): CodeIgniter\Boot::runCodeIgniter(Object(CodeIgniter\CodeIgniter))
 8 FCPATH\index.php(59): CodeIgniter\Boot::bootWeb(Object(Config\Paths))
DEBUG - 2026-03-02 11:15:27 --> Session: Class initialized using 'CodeIgniter\Session\Handlers\FileHandler' driver.
DEBUG - 2026-03-02 11:15:29 --> Session: Class initialized using 'CodeIgniter\Session\Handlers\FileHandler' driver.
DEBUG - 2026-03-02 11:15:31 --> Session: Class initialized using 'CodeIgniter\Session\Handlers\FileHandler' driver.
DEBUG - 2026-03-02 11:15:33 --> Session: Class initialized using 'CodeIgniter\Session\Handlers\FileHandler' driver.
DEBUG - 2026-03-02 11:15:34 --> Session: Class initialized using 'CodeIgniter\Session\Handlers\FileHandler' driver.
CRITICAL - 2026-03-02 11:15:37 --> CodeIgniter\Router\Exceptions\RouterException: The namespace delimiter is a backslash (\), not a slash (/). Route handler: "\App\Controllers\Admin/AdminController::pendingReporters"
[Method: GET, Route: admin/reporters/pending]
in SYSTEMPATH\Router\Router.php on line 523.
 1 SYSTEMPATH\Router\Router.php(523): CodeIgniter\Router\Exceptions\RouterException::forInvalidControllerName('\\App\\Controllers\\Admin/AdminController::pendingReporters')
 2 SYSTEMPATH\Router\Router.php(225): CodeIgniter\Router\Router->checkRoutes('admin/reporters/pending')
 3 SYSTEMPATH\CodeIgniter.php(829): CodeIgniter\Router\Router->handle('admin/reporters/pending')
 4 SYSTEMPATH\CodeIgniter.php(441): CodeIgniter\CodeIgniter->tryToRouteIt(Object(CodeIgniter\Router\RouteCollection))
 5 SYSTEMPATH\CodeIgniter.php(340): CodeIgniter\CodeIgniter->handleRequest(null, Object(Config\Cache), false)
 6 SYSTEMPATH\Boot.php(417): CodeIgniter\CodeIgniter->run()
 7 SYSTEMPATH\Boot.php(68): CodeIgniter\Boot::runCodeIgniter(Object(CodeIgniter\CodeIgniter))
 8 FCPATH\index.php(59): CodeIgniter\Boot::bootWeb(Object(Config\Paths))
DEBUG - 2026-03-02 11:16:03 --> Session: Class initialized using 'CodeIgniter\Session\Handlers\FileHandler' driver.
DEBUG - 2026-03-02 11:16:06 --> Session: Class initialized using 'CodeIgniter\Session\Handlers\FileHandler' driver.
DEBUG - 2026-03-02 11:17:14 --> Session: Class initialized using 'CodeIgniter\Session\Handlers\FileHandler' driver.
DEBUG - 2026-03-02 11:17:15 --> Session: Class initialized using 'CodeIgniter\Session\Handlers\FileHandler' driver.
DEBUG - 2026-03-02 11:17:53 --> Session: Class initialized using 'CodeIgniter\Session\Handlers\FileHandler' driver.
DEBUG - 2026-03-02 11:17:58 --> Session: Class initialized using 'CodeIgniter\Session\Handlers\FileHandler' driver.
DEBUG - 2026-03-02 11:17:59 --> Session: Class initialized using 'CodeIgniter\Session\Handlers\FileHandler' driver.
DEBUG - 2026-03-02 11:17:59 --> Session: Class initialized using 'CodeIgniter\Session\Handlers\FileHandler' driver.
DEBUG - 2026-03-02 11:18:00 --> Session: Class initialized using 'CodeIgniter\Session\Handlers\FileHandler' driver.
DEBUG - 2026-03-02 11:18:00 --> Session: Class initialized using 'CodeIgniter\Session\Handlers\FileHandler' driver.
DEBUG - 2026-03-02 11:18:00 --> Session: Class initialized using 'CodeIgniter\Session\Handlers\FileHandler' driver.
DEBUG - 2026-03-02 11:18:28 --> Session: Class initialized using 'CodeIgniter\Session\Handlers\FileHandler' driver.
CRITICAL - 2026-03-02 11:18:28 --> CodeIgniter\View\Exceptions\ViewException: Invalid file: "admin/editors/index.php"
[Method: GET, Route: admin/editors]
in SYSTEMPATH\Exceptions\FrameworkException.php on line 39.
 1 SYSTEMPATH\View\View.php(226): CodeIgniter\Exceptions\FrameworkException::forInvalidFile('admin/editors/index.php')
 2 SYSTEMPATH\Common.php(1250): CodeIgniter\View\View->render('admin/editors/index', [], true)
 3 APPPATH\Controllers\Admin\AdminController.php(105): view('admin/editors/index', [...])
 4 SYSTEMPATH\CodeIgniter.php(951): App\Controllers\Admin\AdminController->manageEditors()
 5 SYSTEMPATH\CodeIgniter.php(497): CodeIgniter\CodeIgniter->runController(Object(App\Controllers\Admin\AdminController))
 6 SYSTEMPATH\CodeIgniter.php(340): CodeIgniter\CodeIgniter->handleRequest(null, Object(Config\Cache), false)
 7 SYSTEMPATH\Boot.php(417): CodeIgniter\CodeIgniter->run()
 8 SYSTEMPATH\Boot.php(68): CodeIgniter\Boot::runCodeIgniter(Object(CodeIgniter\CodeIgniter))
 9 FCPATH\index.php(59): CodeIgniter\Boot::bootWeb(Object(Config\Paths))
DEBUG - 2026-03-02 11:19:13 --> Session: Class initialized using 'CodeIgniter\Session\Handlers\FileHandler' driver.
DEBUG - 2026-03-02 11:19:15 --> Session: Class initialized using 'CodeIgniter\Session\Handlers\FileHandler' driver.
DEBUG - 2026-03-02 11:19:16 --> Session: Class initialized using 'CodeIgniter\Session\Handlers\FileHandler' driver.
DEBUG - 2026-03-02 11:19:58 --> Session: Class initialized using 'CodeIgniter\Session\Handlers\FileHandler' driver.
CRITICAL - 2026-03-02 11:19:58 --> ErrorException: Cannot declare class App\Controllers\CategoryController, because the name is already in use
[Method: GET, Route: admin/categories]
in APPPATH\Controllers\Admin\CategoryController.php on line 8.
 1 [internal function]: CodeIgniter\Debug\Exceptions->shutdownHandler()
CRITICAL - 2026-03-02 11:20:48 --> Error: Class "App\Controllers\Admin\BaseController" not found
[Method: GET, Route: admin/categories]
in APPPATH\Controllers\Admin\CategoryController.php on line 8.
 1 VENDORPATH\composer\ClassLoader.php(576): include()
 2 VENDORPATH\composer\ClassLoader.php(427): Composer\Autoload\{closure}('E:\\Development Tools\\Xampp\\htdocs\\NToday-News\\vendor\\composer/../../app\\Controllers\\Admin\\CategoryController.php')
 3 [internal function]: Composer\Autoload\ClassLoader->loadClass('App\\Controllers\\Admin\\CategoryController')
 4 SYSTEMPATH\Router\Router.php(792): class_exists('\\App\\Controllers\\Admin\\CategoryController')
 5 SYSTEMPATH\Router\Router.php(230): CodeIgniter\Router\Router->processRouteAttributes()
 6 SYSTEMPATH\CodeIgniter.php(829): CodeIgniter\Router\Router->handle('admin/categories')
 7 SYSTEMPATH\CodeIgniter.php(441): CodeIgniter\CodeIgniter->tryToRouteIt(Object(CodeIgniter\Router\RouteCollection))
 8 SYSTEMPATH\CodeIgniter.php(340): CodeIgniter\CodeIgniter->handleRequest(null, Object(Config\Cache), false)
 9 SYSTEMPATH\Boot.php(417): CodeIgniter\CodeIgniter->run()
10 SYSTEMPATH\Boot.php(68): CodeIgniter\Boot::runCodeIgniter(Object(CodeIgniter\CodeIgniter))
11 FCPATH\index.php(59): CodeIgniter\Boot::bootWeb(Object(Config\Paths))
CRITICAL - 2026-03-02 11:20:49 --> Error: Class "App\Controllers\Admin\BaseController" not found
[Method: GET, Route: admin/categories]
in APPPATH\Controllers\Admin\CategoryController.php on line 8.
 1 VENDORPATH\composer\ClassLoader.php(576): include()
 2 VENDORPATH\composer\ClassLoader.php(427): Composer\Autoload\{closure}('E:\\Development Tools\\Xampp\\htdocs\\NToday-News\\vendor\\composer/../../app\\Controllers\\Admin\\CategoryController.php')
 3 [internal function]: Composer\Autoload\ClassLoader->loadClass('App\\Controllers\\Admin\\CategoryController')
 4 SYSTEMPATH\Router\Router.php(792): class_exists('\\App\\Controllers\\Admin\\CategoryController')
 5 SYSTEMPATH\Router\Router.php(230): CodeIgniter\Router\Router->processRouteAttributes()
 6 SYSTEMPATH\CodeIgniter.php(829): CodeIgniter\Router\Router->handle('admin/categories')
 7 SYSTEMPATH\CodeIgniter.php(441): CodeIgniter\CodeIgniter->tryToRouteIt(Object(CodeIgniter\Router\RouteCollection))
 8 SYSTEMPATH\CodeIgniter.php(340): CodeIgniter\CodeIgniter->handleRequest(null, Object(Config\Cache), false)
 9 SYSTEMPATH\Boot.php(417): CodeIgniter\CodeIgniter->run()
10 SYSTEMPATH\Boot.php(68): CodeIgniter\Boot::runCodeIgniter(Object(CodeIgniter\CodeIgniter))
11 FCPATH\index.php(59): CodeIgniter\Boot::bootWeb(Object(Config\Paths))
CRITICAL - 2026-03-02 11:20:49 --> Error: Class "App\Controllers\Admin\BaseController" not found
[Method: GET, Route: admin/categories]
in APPPATH\Controllers\Admin\CategoryController.php on line 8.
 1 VENDORPATH\composer\ClassLoader.php(576): include()
 2 VENDORPATH\composer\ClassLoader.php(427): Composer\Autoload\{closure}('E:\\Development Tools\\Xampp\\htdocs\\NToday-News\\vendor\\composer/../../app\\Controllers\\Admin\\CategoryController.php')
 3 [internal function]: Composer\Autoload\ClassLoader->loadClass('App\\Controllers\\Admin\\CategoryController')
 4 SYSTEMPATH\Router\Router.php(792): class_exists('\\App\\Controllers\\Admin\\CategoryController')
 5 SYSTEMPATH\Router\Router.php(230): CodeIgniter\Router\Router->processRouteAttributes()
 6 SYSTEMPATH\CodeIgniter.php(829): CodeIgniter\Router\Router->handle('admin/categories')
 7 SYSTEMPATH\CodeIgniter.php(441): CodeIgniter\CodeIgniter->tryToRouteIt(Object(CodeIgniter\Router\RouteCollection))
 8 SYSTEMPATH\CodeIgniter.php(340): CodeIgniter\CodeIgniter->handleRequest(null, Object(Config\Cache), false)
 9 SYSTEMPATH\Boot.php(417): CodeIgniter\CodeIgniter->run()
10 SYSTEMPATH\Boot.php(68): CodeIgniter\Boot::runCodeIgniter(Object(CodeIgniter\CodeIgniter))
11 FCPATH\index.php(59): CodeIgniter\Boot::bootWeb(Object(Config\Paths))
CRITICAL - 2026-03-02 11:20:49 --> Error: Class "App\Controllers\Admin\BaseController" not found
[Method: GET, Route: admin/categories]
in APPPATH\Controllers\Admin\CategoryController.php on line 8.
 1 VENDORPATH\composer\ClassLoader.php(576): include()
 2 VENDORPATH\composer\ClassLoader.php(427): Composer\Autoload\{closure}('E:\\Development Tools\\Xampp\\htdocs\\NToday-News\\vendor\\composer/../../app\\Controllers\\Admin\\CategoryController.php')
 3 [internal function]: Composer\Autoload\ClassLoader->loadClass('App\\Controllers\\Admin\\CategoryController')
 4 SYSTEMPATH\Router\Router.php(792): class_exists('\\App\\Controllers\\Admin\\CategoryController')
 5 SYSTEMPATH\Router\Router.php(230): CodeIgniter\Router\Router->processRouteAttributes()
 6 SYSTEMPATH\CodeIgniter.php(829): CodeIgniter\Router\Router->handle('admin/categories')
 7 SYSTEMPATH\CodeIgniter.php(441): CodeIgniter\CodeIgniter->tryToRouteIt(Object(CodeIgniter\Router\RouteCollection))
 8 SYSTEMPATH\CodeIgniter.php(340): CodeIgniter\CodeIgniter->handleRequest(null, Object(Config\Cache), false)
 9 SYSTEMPATH\Boot.php(417): CodeIgniter\CodeIgniter->run()
10 SYSTEMPATH\Boot.php(68): CodeIgniter\Boot::runCodeIgniter(Object(CodeIgniter\CodeIgniter))
11 FCPATH\index.php(59): CodeIgniter\Boot::bootWeb(Object(Config\Paths))
DEBUG - 2026-03-02 11:22:20 --> Session: Class initialized using 'CodeIgniter\Session\Handlers\FileHandler' driver.
CRITICAL - 2026-03-02 11:22:20 --> CodeIgniter\View\Exceptions\ViewException: Invalid file: "admin/categories/index.php"
[Method: GET, Route: admin/categories]
in SYSTEMPATH\Exceptions\FrameworkException.php on line 39.
 1 SYSTEMPATH\View\View.php(226): CodeIgniter\Exceptions\FrameworkException::forInvalidFile('admin/categories/index.php')
 2 SYSTEMPATH\Common.php(1250): CodeIgniter\View\View->render('admin/categories/index', [], true)
 3 APPPATH\Controllers\Admin\CategoryController.php(38): view('admin/categories/index', [...])
 4 SYSTEMPATH\CodeIgniter.php(951): App\Controllers\Admin\CategoryController->index()
 5 SYSTEMPATH\CodeIgniter.php(497): CodeIgniter\CodeIgniter->runController(Object(App\Controllers\Admin\CategoryController))
 6 SYSTEMPATH\CodeIgniter.php(340): CodeIgniter\CodeIgniter->handleRequest(null, Object(Config\Cache), false)
 7 SYSTEMPATH\Boot.php(417): CodeIgniter\CodeIgniter->run()
 8 SYSTEMPATH\Boot.php(68): CodeIgniter\Boot::runCodeIgniter(Object(CodeIgniter\CodeIgniter))
 9 FCPATH\index.php(59): CodeIgniter\Boot::bootWeb(Object(Config\Paths))
DEBUG - 2026-03-02 11:24:43 --> Session: Class initialized using 'CodeIgniter\Session\Handlers\FileHandler' driver.
DEBUG - 2026-03-02 11:24:52 --> Session: Class initialized using 'CodeIgniter\Session\Handlers\FileHandler' driver.
DEBUG - 2026-03-02 11:25:06 --> Session: Class initialized using 'CodeIgniter\Session\Handlers\FileHandler' driver.
DEBUG - 2026-03-02 11:25:08 --> Session: Class initialized using 'CodeIgniter\Session\Handlers\FileHandler' driver.
DEBUG - 2026-03-02 11:25:09 --> Session: Class initialized using 'CodeIgniter\Session\Handlers\FileHandler' driver.
DEBUG - 2026-03-02 11:25:10 --> Session: Class initialized using 'CodeIgniter\Session\Handlers\FileHandler' driver.
DEBUG - 2026-03-02 11:25:12 --> Session: Class initialized using 'CodeIgniter\Session\Handlers\FileHandler' driver.
DEBUG - 2026-03-02 11:25:13 --> Session: Class initialized using 'CodeIgniter\Session\Handlers\FileHandler' driver.
DEBUG - 2026-03-02 11:25:35 --> Session: Class initialized using 'CodeIgniter\Session\Handlers\FileHandler' driver.
DEBUG - 2026-03-02 11:26:23 --> Session: Class initialized using 'CodeIgniter\Session\Handlers\FileHandler' driver.
DEBUG - 2026-03-02 11:26:27 --> Session: Class initialized using 'CodeIgniter\Session\Handlers\FileHandler' driver.
DEBUG - 2026-03-02 11:27:16 --> Session: Class initialized using 'CodeIgniter\Session\Handlers\FileHandler' driver.
DEBUG - 2026-03-02 11:27:40 --> Session: Class initialized using 'CodeIgniter\Session\Handlers\FileHandler' driver.
DEBUG - 2026-03-02 11:27:54 --> Session: Class initialized using 'CodeIgniter\Session\Handlers\FileHandler' driver.
DEBUG - 2026-03-02 12:23:09 --> Session: Class initialized using 'CodeIgniter\Session\Handlers\FileHandler' driver.
DEBUG - 2026-03-02 12:23:52 --> Session: Class initialized using 'CodeIgniter\Session\Handlers\FileHandler' driver.
DEBUG - 2026-03-02 12:24:13 --> Session: Class initialized using 'CodeIgniter\Session\Handlers\FileHandler' driver.
DEBUG - 2026-03-02 12:24:13 --> Session: Class initialized using 'CodeIgniter\Session\Handlers\FileHandler' driver.
DEBUG - 2026-03-02 12:28:54 --> Session: Class initialized using 'CodeIgniter\Session\Handlers\FileHandler' driver.
DEBUG - 2026-03-02 12:28:57 --> Session: Class initialized using 'CodeIgniter\Session\Handlers\FileHandler' driver.
DEBUG - 2026-03-02 12:29:30 --> Session: Class initialized using 'CodeIgniter\Session\Handlers\FileHandler' driver.
DEBUG - 2026-03-02 12:30:45 --> Session: Class initialized using 'CodeIgniter\Session\Handlers\FileHandler' driver.
DEBUG - 2026-03-02 12:31:56 --> Session: Class initialized using 'CodeIgniter\Session\Handlers\FileHandler' driver.
DEBUG - 2026-03-02 12:32:00 --> Session: Class initialized using 'CodeIgniter\Session\Handlers\FileHandler' driver.
DEBUG - 2026-03-02 12:34:59 --> Session: Class initialized using 'CodeIgniter\Session\Handlers\FileHandler' driver.
DEBUG - 2026-03-02 12:35:29 --> Session: Class initialized using 'CodeIgniter\Session\Handlers\FileHandler' driver.
DEBUG - 2026-03-02 12:35:32 --> Session: Class initialized using 'CodeIgniter\Session\Handlers\FileHandler' driver.
DEBUG - 2026-03-02 12:36:19 --> Session: Class initialized using 'CodeIgniter\Session\Handlers\FileHandler' driver.
DEBUG - 2026-03-02 12:36:22 --> Session: Class initialized using 'CodeIgniter\Session\Handlers\FileHandler' driver.
DEBUG - 2026-03-02 12:37:26 --> Session: Class initialized using 'CodeIgniter\Session\Handlers\FileHandler' driver.
DEBUG - 2026-03-02 12:37:29 --> Session: Class initialized using 'CodeIgniter\Session\Handlers\FileHandler' driver.
DEBUG - 2026-03-02 12:37:57 --> Session: Class initialized using 'CodeIgniter\Session\Handlers\FileHandler' driver.
DEBUG - 2026-03-02 12:41:59 --> Session: Class initialized using 'CodeIgniter\Session\Handlers\FileHandler' driver.
DEBUG - 2026-03-02 12:42:15 --> Session: Class initialized using 'CodeIgniter\Session\Handlers\FileHandler' driver.
DEBUG - 2026-03-02 12:42:19 --> Session: Class initialized using 'CodeIgniter\Session\Handlers\FileHandler' driver.
DEBUG - 2026-03-02 12:42:19 --> Session: Class initialized using 'CodeIgniter\Session\Handlers\FileHandler' driver.
DEBUG - 2026-03-02 12:42:20 --> Session: Class initialized using 'CodeIgniter\Session\Handlers\FileHandler' driver.
DEBUG - 2026-03-02 12:42:20 --> Session: Class initialized using 'CodeIgniter\Session\Handlers\FileHandler' driver.
DEBUG - 2026-03-02 12:43:18 --> Session: Class initialized using 'CodeIgniter\Session\Handlers\FileHandler' driver.
DEBUG - 2026-03-02 12:43:21 --> Session: Class initialized using 'CodeIgniter\Session\Handlers\FileHandler' driver.
DEBUG - 2026-03-02 12:43:38 --> Session: Class initialized using 'CodeIgniter\Session\Handlers\FileHandler' driver.
DEBUG - 2026-03-02 12:43:45 --> Session: Class initialized using 'CodeIgniter\Session\Handlers\FileHandler' driver.
DEBUG - 2026-03-02 12:43:47 --> Session: Class initialized using 'CodeIgniter\Session\Handlers\FileHandler' driver.
DEBUG - 2026-03-02 12:43:50 --> Session: Class initialized using 'CodeIgniter\Session\Handlers\FileHandler' driver.
DEBUG - 2026-03-02 12:45:41 --> Session: Class initialized using 'CodeIgniter\Session\Handlers\FileHandler' driver.
DEBUG - 2026-03-02 12:45:46 --> Session: Class initialized using 'CodeIgniter\Session\Handlers\FileHandler' driver.
DEBUG - 2026-03-02 12:45:47 --> Session: Class initialized using 'CodeIgniter\Session\Handlers\FileHandler' driver.
DEBUG - 2026-03-02 12:45:47 --> Session: Class initialized using 'CodeIgniter\Session\Handlers\FileHandler' driver.
DEBUG - 2026-03-02 12:45:47 --> Session: Class initialized using 'CodeIgniter\Session\Handlers\FileHandler' driver.
DEBUG - 2026-03-02 12:45:48 --> Session: Class initialized using 'CodeIgniter\Session\Handlers\FileHandler' driver.
DEBUG - 2026-03-02 12:45:57 --> Session: Class initialized using 'CodeIgniter\Session\Handlers\FileHandler' driver.
DEBUG - 2026-03-02 12:45:57 --> Session: Class initialized using 'CodeIgniter\Session\Handlers\FileHandler' driver.
DEBUG - 2026-03-02 12:45:57 --> Session: Class initialized using 'CodeIgniter\Session\Handlers\FileHandler' driver.
DEBUG - 2026-03-02 12:49:24 --> Session: Class initialized using 'CodeIgniter\Session\Handlers\FileHandler' driver.
DEBUG - 2026-03-02 12:49:27 --> Session: Class initialized using 'CodeIgniter\Session\Handlers\FileHandler' driver.
DEBUG - 2026-03-02 12:49:28 --> Session: Class initialized using 'CodeIgniter\Session\Handlers\FileHandler' driver.
DEBUG - 2026-03-02 12:49:28 --> Session: Class initialized using 'CodeIgniter\Session\Handlers\FileHandler' driver.
DEBUG - 2026-03-02 12:49:28 --> Session: Class initialized using 'CodeIgniter\Session\Handlers\FileHandler' driver.
DEBUG - 2026-03-02 12:49:28 --> Session: Class initialized using 'CodeIgniter\Session\Handlers\FileHandler' driver.
DEBUG - 2026-03-02 12:49:55 --> Session: Class initialized using 'CodeIgniter\Session\Handlers\FileHandler' driver.
DEBUG - 2026-03-02 12:49:55 --> Session: Class initialized using 'CodeIgniter\Session\Handlers\FileHandler' driver.
DEBUG - 2026-03-02 12:51:37 --> Session: Class initialized using 'CodeIgniter\Session\Handlers\FileHandler' driver.
DEBUG - 2026-03-02 12:51:41 --> Session: Class initialized using 'CodeIgniter\Session\Handlers\FileHandler' driver.
DEBUG - 2026-03-02 12:52:11 --> Session: Class initialized using 'CodeIgniter\Session\Handlers\FileHandler' driver.
DEBUG - 2026-03-02 12:52:12 --> Session: Class initialized using 'CodeIgniter\Session\Handlers\FileHandler' driver.
DEBUG - 2026-03-02 12:52:12 --> Session: Class initialized using 'CodeIgniter\Session\Handlers\FileHandler' driver.
DEBUG - 2026-03-02 12:53:16 --> Session: Class initialized using 'CodeIgniter\Session\Handlers\FileHandler' driver.
DEBUG - 2026-03-02 12:53:21 --> Session: Class initialized using 'CodeIgniter\Session\Handlers\FileHandler' driver.
DEBUG - 2026-03-02 12:53:27 --> Session: Class initialized using 'CodeIgniter\Session\Handlers\FileHandler' driver.
DEBUG - 2026-03-02 12:56:51 --> Session: Class initialized using 'CodeIgniter\Session\Handlers\FileHandler' driver.
DEBUG - 2026-03-02 12:56:56 --> Session: Class initialized using 'CodeIgniter\Session\Handlers\FileHandler' driver.
DEBUG - 2026-03-02 12:59:39 --> Session: Class initialized using 'CodeIgniter\Session\Handlers\FileHandler' driver.
DEBUG - 2026-03-02 12:59:44 --> Session: Class initialized using 'CodeIgniter\Session\Handlers\FileHandler' driver.
DEBUG - 2026-03-02 12:59:45 --> Session: Class initialized using 'CodeIgniter\Session\Handlers\FileHandler' driver.
DEBUG - 2026-03-02 12:59:45 --> Session: Class initialized using 'CodeIgniter\Session\Handlers\FileHandler' driver.
DEBUG - 2026-03-02 12:59:45 --> Session: Class initialized using 'CodeIgniter\Session\Handlers\FileHandler' driver.
DEBUG - 2026-03-02 12:59:46 --> Session: Class initialized using 'CodeIgniter\Session\Handlers\FileHandler' driver.
DEBUG - 2026-03-02 12:59:46 --> Session: Class initialized using 'CodeIgniter\Session\Handlers\FileHandler' driver.
DEBUG - 2026-03-02 13:00:18 --> Session: Class initialized using 'CodeIgniter\Session\Handlers\FileHandler' driver.
DEBUG - 2026-03-02 13:01:04 --> Session: Class initialized using 'CodeIgniter\Session\Handlers\FileHandler' driver.
DEBUG - 2026-03-02 13:01:08 --> Session: Class initialized using 'CodeIgniter\Session\Handlers\FileHandler' driver.
DEBUG - 2026-03-02 13:01:09 --> Session: Class initialized using 'CodeIgniter\Session\Handlers\FileHandler' driver.
DEBUG - 2026-03-02 13:01:10 --> Session: Class initialized using 'CodeIgniter\Session\Handlers\FileHandler' driver.
DEBUG - 2026-03-02 13:01:17 --> Session: Class initialized using 'CodeIgniter\Session\Handlers\FileHandler' driver.
DEBUG - 2026-03-02 13:02:36 --> Session: Class initialized using 'CodeIgniter\Session\Handlers\FileHandler' driver.
DEBUG - 2026-03-02 13:03:40 --> Session: Class initialized using 'CodeIgniter\Session\Handlers\FileHandler' driver.
DEBUG - 2026-03-02 13:03:47 --> Session: Class initialized using 'CodeIgniter\Session\Handlers\FileHandler' driver.
DEBUG - 2026-03-02 13:04:02 --> Session: Class initialized using 'CodeIgniter\Session\Handlers\FileHandler' driver.
DEBUG - 2026-03-02 13:06:08 --> Session: Class initialized using 'CodeIgniter\Session\Handlers\FileHandler' driver.
DEBUG - 2026-03-02 13:06:12 --> Session: Class initialized using 'CodeIgniter\Session\Handlers\FileHandler' driver.
DEBUG - 2026-03-02 13:07:20 --> Session: Class initialized using 'CodeIgniter\Session\Handlers\FileHandler' driver.
DEBUG - 2026-03-02 13:07:23 --> Session: Class initialized using 'CodeIgniter\Session\Handlers\FileHandler' driver.
DEBUG - 2026-03-02 13:07:41 --> Session: Class initialized using 'CodeIgniter\Session\Handlers\FileHandler' driver.
DEBUG - 2026-03-02 13:07:50 --> Session: Class initialized using 'CodeIgniter\Session\Handlers\FileHandler' driver.
DEBUG - 2026-03-02 13:07:52 --> Session: Class initialized using 'CodeIgniter\Session\Handlers\FileHandler' driver.
DEBUG - 2026-03-02 13:10:23 --> Session: Class initialized using 'CodeIgniter\Session\Handlers\FileHandler' driver.
DEBUG - 2026-03-02 13:10:23 --> Session: Class initialized using 'CodeIgniter\Session\Handlers\FileHandler' driver.
DEBUG - 2026-03-02 13:10:27 --> Session: Class initialized using 'CodeIgniter\Session\Handlers\FileHandler' driver.
DEBUG - 2026-03-02 13:10:27 --> Session: Class initialized using 'CodeIgniter\Session\Handlers\FileHandler' driver.
DEBUG - 2026-03-02 13:10:30 --> Session: Class initialized using 'CodeIgniter\Session\Handlers\FileHandler' driver.
CRITICAL - 2026-03-02 13:10:48 --> ErrorException: Cannot redeclare App\Controllers\Admin\CategoryController::delete()
[Method: GET, Route: admin/categories]
in APPPATH\Controllers\Admin\CategoryController.php on line 153.
 1 [internal function]: CodeIgniter\Debug\Exceptions->shutdownHandler()
DEBUG - 2026-03-02 13:11:48 --> Session: Class initialized using 'CodeIgniter\Session\Handlers\FileHandler' driver.
DEBUG - 2026-03-02 13:11:53 --> Session: Class initialized using 'CodeIgniter\Session\Handlers\FileHandler' driver.
DEBUG - 2026-03-02 13:11:53 --> Session: Class initialized using 'CodeIgniter\Session\Handlers\FileHandler' driver.
DEBUG - 2026-03-02 13:11:56 --> Session: Class initialized using 'CodeIgniter\Session\Handlers\FileHandler' driver.
DEBUG - 2026-03-02 13:12:21 --> Session: Class initialized using 'CodeIgniter\Session\Handlers\FileHandler' driver.
DEBUG - 2026-03-02 13:12:24 --> Session: Class initialized using 'CodeIgniter\Session\Handlers\FileHandler' driver.
DEBUG - 2026-03-02 13:12:27 --> Session: Class initialized using 'CodeIgniter\Session\Handlers\FileHandler' driver.
DEBUG - 2026-03-02 13:12:27 --> Session: Class initialized using 'CodeIgniter\Session\Handlers\FileHandler' driver.
DEBUG - 2026-03-02 13:12:34 --> Session: Class initialized using 'CodeIgniter\Session\Handlers\FileHandler' driver.
DEBUG - 2026-03-02 13:12:34 --> Session: Class initialized using 'CodeIgniter\Session\Handlers\FileHandler' driver.
DEBUG - 2026-03-02 13:14:51 --> Session: Class initialized using 'CodeIgniter\Session\Handlers\FileHandler' driver.
DEBUG - 2026-03-02 13:14:57 --> Session: Class initialized using 'CodeIgniter\Session\Handlers\FileHandler' driver.
DEBUG - 2026-03-02 13:15:07 --> Session: Class initialized using 'CodeIgniter\Session\Handlers\FileHandler' driver.
DEBUG - 2026-03-02 13:15:24 --> Session: Class initialized using 'CodeIgniter\Session\Handlers\FileHandler' driver.
DEBUG - 2026-03-02 13:15:31 --> Session: Class initialized using 'CodeIgniter\Session\Handlers\FileHandler' driver.
DEBUG - 2026-03-02 13:15:43 --> Session: Class initialized using 'CodeIgniter\Session\Handlers\FileHandler' driver.
DEBUG - 2026-03-02 13:15:56 --> Session: Class initialized using 'CodeIgniter\Session\Handlers\FileHandler' driver.
DEBUG - 2026-03-02 13:15:56 --> Session: Class initialized using 'CodeIgniter\Session\Handlers\FileHandler' driver.
DEBUG - 2026-03-02 13:18:09 --> Session: Class initialized using 'CodeIgniter\Session\Handlers\FileHandler' driver.
DEBUG - 2026-03-02 13:19:06 --> Session: Class initialized using 'CodeIgniter\Session\Handlers\FileHandler' driver.
DEBUG - 2026-03-02 13:19:10 --> Session: Class initialized using 'CodeIgniter\Session\Handlers\FileHandler' driver.
DEBUG - 2026-03-02 13:19:12 --> Session: Class initialized using 'CodeIgniter\Session\Handlers\FileHandler' driver.
DEBUG - 2026-03-02 13:19:13 --> Session: Class initialized using 'CodeIgniter\Session\Handlers\FileHandler' driver.
DEBUG - 2026-03-02 13:19:13 --> Session: Class initialized using 'CodeIgniter\Session\Handlers\FileHandler' driver.
DEBUG - 2026-03-02 13:19:18 --> Session: Class initialized using 'CodeIgniter\Session\Handlers\FileHandler' driver.
DEBUG - 2026-03-02 13:19:23 --> Session: Class initialized using 'CodeIgniter\Session\Handlers\FileHandler' driver.
DEBUG - 2026-03-02 13:19:35 --> Session: Class initialized using 'CodeIgniter\Session\Handlers\FileHandler' driver.
DEBUG - 2026-03-02 13:19:45 --> Session: Class initialized using 'CodeIgniter\Session\Handlers\FileHandler' driver.
DEBUG - 2026-03-02 13:21:42 --> Session: Class initialized using 'CodeIgniter\Session\Handlers\FileHandler' driver.
DEBUG - 2026-03-02 13:21:45 --> Session: Class initialized using 'CodeIgniter\Session\Handlers\FileHandler' driver.
DEBUG - 2026-03-02 13:22:11 --> Session: Class initialized using 'CodeIgniter\Session\Handlers\FileHandler' driver.
DEBUG - 2026-03-02 13:22:35 --> Session: Class initialized using 'CodeIgniter\Session\Handlers\FileHandler' driver.
DEBUG - 2026-03-02 13:22:37 --> Session: Class initialized using 'CodeIgniter\Session\Handlers\FileHandler' driver.
DEBUG - 2026-03-02 13:22:38 --> Session: Class initialized using 'CodeIgniter\Session\Handlers\FileHandler' driver.
DEBUG - 2026-03-02 13:22:39 --> Session: Class initialized using 'CodeIgniter\Session\Handlers\FileHandler' driver.
DEBUG - 2026-03-02 13:22:55 --> Session: Class initialized using 'CodeIgniter\Session\Handlers\FileHandler' driver.
DEBUG - 2026-03-02 13:23:11 --> Session: Class initialized using 'CodeIgniter\Session\Handlers\FileHandler' driver.
DEBUG - 2026-03-02 13:24:54 --> Session: Class initialized using 'CodeIgniter\Session\Handlers\FileHandler' driver.
DEBUG - 2026-03-02 13:24:57 --> Session: Class initialized using 'CodeIgniter\Session\Handlers\FileHandler' driver.
DEBUG - 2026-03-02 13:25:01 --> Session: Class initialized using 'CodeIgniter\Session\Handlers\FileHandler' driver.
DEBUG - 2026-03-02 13:25:11 --> Session: Class initialized using 'CodeIgniter\Session\Handlers\FileHandler' driver.
DEBUG - 2026-03-02 13:25:26 --> Session: Class initialized using 'CodeIgniter\Session\Handlers\FileHandler' driver.
DEBUG - 2026-03-02 13:25:32 --> Session: Class initialized using 'CodeIgniter\Session\Handlers\FileHandler' driver.
DEBUG - 2026-03-02 13:25:45 --> Session: Class initialized using 'CodeIgniter\Session\Handlers\FileHandler' driver.
DEBUG - 2026-03-02 13:25:45 --> Session: Class initialized using 'CodeIgniter\Session\Handlers\FileHandler' driver.
DEBUG - 2026-03-02 13:25:53 --> Session: Class initialized using 'CodeIgniter\Session\Handlers\FileHandler' driver.
DEBUG - 2026-03-02 13:25:59 --> Session: Class initialized using 'CodeIgniter\Session\Handlers\FileHandler' driver.
DEBUG - 2026-03-02 13:25:59 --> Session: Class initialized using 'CodeIgniter\Session\Handlers\FileHandler' driver.
DEBUG - 2026-03-02 13:26:05 --> Session: Class initialized using 'CodeIgniter\Session\Handlers\FileHandler' driver.
DEBUG - 2026-03-02 13:26:17 --> Session: Class initialized using 'CodeIgniter\Session\Handlers\FileHandler' driver.
DEBUG - 2026-03-02 13:29:14 --> Session: Class initialized using 'CodeIgniter\Session\Handlers\FileHandler' driver.
DEBUG - 2026-03-02 13:29:24 --> Session: Class initialized using 'CodeIgniter\Session\Handlers\FileHandler' driver.
DEBUG - 2026-03-02 13:29:24 --> Session: Class initialized using 'CodeIgniter\Session\Handlers\FileHandler' driver.
DEBUG - 2026-03-02 13:29:34 --> Session: Class initialized using 'CodeIgniter\Session\Handlers\FileHandler' driver.
DEBUG - 2026-03-02 13:29:37 --> Session: Class initialized using 'CodeIgniter\Session\Handlers\FileHandler' driver.
DEBUG - 2026-03-02 13:31:36 --> Session: Class initialized using 'CodeIgniter\Session\Handlers\FileHandler' driver.
DEBUG - 2026-03-02 13:31:37 --> Session: Class initialized using 'CodeIgniter\Session\Handlers\FileHandler' driver.
DEBUG - 2026-03-02 13:31:41 --> Session: Class initialized using 'CodeIgniter\Session\Handlers\FileHandler' driver.
DEBUG - 2026-03-02 13:31:41 --> Session: Class initialized using 'CodeIgniter\Session\Handlers\FileHandler' driver.
DEBUG - 2026-03-02 13:31:43 --> Session: Class initialized using 'CodeIgniter\Session\Handlers\FileHandler' driver.
DEBUG - 2026-03-02 13:31:46 --> Session: Class initialized using 'CodeIgniter\Session\Handlers\FileHandler' driver.
DEBUG - 2026-03-02 13:32:26 --> Session: Class initialized using 'CodeIgniter\Session\Handlers\FileHandler' driver.
DEBUG - 2026-03-02 13:32:26 --> Session: Class initialized using 'CodeIgniter\Session\Handlers\FileHandler' driver.
DEBUG - 2026-03-02 13:32:38 --> Session: Class initialized using 'CodeIgniter\Session\Handlers\FileHandler' driver.
DEBUG - 2026-03-02 13:32:51 --> Session: Class initialized using 'CodeIgniter\Session\Handlers\FileHandler' driver.
DEBUG - 2026-03-02 13:34:40 --> Session: Class initialized using 'CodeIgniter\Session\Handlers\FileHandler' driver.
DEBUG - 2026-03-02 13:34:43 --> Session: Class initialized using 'CodeIgniter\Session\Handlers\FileHandler' driver.
DEBUG - 2026-03-02 13:34:51 --> Session: Class initialized using 'CodeIgniter\Session\Handlers\FileHandler' driver.
DEBUG - 2026-03-02 13:34:55 --> Session: Class initialized using 'CodeIgniter\Session\Handlers\FileHandler' driver.
DEBUG - 2026-03-02 13:36:32 --> Session: Class initialized using 'CodeIgniter\Session\Handlers\FileHandler' driver.
DEBUG - 2026-03-02 13:36:43 --> Session: Class initialized using 'CodeIgniter\Session\Handlers\FileHandler' driver.
DEBUG - 2026-03-02 13:36:55 --> Session: Class initialized using 'CodeIgniter\Session\Handlers\FileHandler' driver.
DEBUG - 2026-03-02 13:36:58 --> Session: Class initialized using 'CodeIgniter\Session\Handlers\FileHandler' driver.
DEBUG - 2026-03-02 13:37:01 --> Session: Class initialized using 'CodeIgniter\Session\Handlers\FileHandler' driver.
DEBUG - 2026-03-02 13:37:04 --> Session: Class initialized using 'CodeIgniter\Session\Handlers\FileHandler' driver.
DEBUG - 2026-03-02 13:37:26 --> Session: Class initialized using 'CodeIgniter\Session\Handlers\FileHandler' driver.
DEBUG - 2026-03-02 13:37:26 --> Session: Class initialized using 'CodeIgniter\Session\Handlers\FileHandler' driver.
DEBUG - 2026-03-02 13:37:28 --> Session: Class initialized using 'CodeIgniter\Session\Handlers\FileHandler' driver.
DEBUG - 2026-03-02 13:37:37 --> Session: Class initialized using 'CodeIgniter\Session\Handlers\FileHandler' driver.
DEBUG - 2026-03-02 13:37:40 --> Session: Class initialized using 'CodeIgniter\Session\Handlers\FileHandler' driver.
DEBUG - 2026-03-02 13:41:05 --> Session: Class initialized using 'CodeIgniter\Session\Handlers\FileHandler' driver.
DEBUG - 2026-03-02 13:41:07 --> Session: Class initialized using 'CodeIgniter\Session\Handlers\FileHandler' driver.
DEBUG - 2026-03-02 13:41:19 --> Session: Class initialized using 'CodeIgniter\Session\Handlers\FileHandler' driver.
ERROR - 2026-03-02 13:41:19 --> Cannot add or update a child row: a foreign key constraint fails (`ntodaynews`.`categories`, CONSTRAINT `categories_ibfk_1` FOREIGN KEY (`parent_id`) REFERENCES `categories` (`id`) ON DELETE CASCADE)
in SYSTEMPATH\Database\MySQLi\Connection.php on line 300.
 1 SYSTEMPATH\Database\MySQLi\Connection.php(300): mysqli->query('INSERT INTO `categories` (`parent_id`, `name`, `slug`, `type`, `status`) VALUES (0, \'Chanikya Madhu\', \'chanikya-madhu\', \'main\', 1)', 0)
 2 SYSTEMPATH\Database\BaseConnection.php(769): CodeIgniter\Database\MySQLi\Connection->execute('INSERT INTO `categories` (`parent_id`, `name`, `slug`, `type`, `status`) VALUES (0, \'Chanikya Madhu\', \'chanikya-madhu\', \'main\', 1)')
 3 SYSTEMPATH\Database\BaseConnection.php(686): CodeIgniter\Database\BaseConnection->simpleQuery('INSERT INTO `categories` (`parent_id`, `name`, `slug`, `type`, `status`) VALUES (0, \'Chanikya Madhu\', \'chanikya-madhu\', \'main\', 1)')
 4 SYSTEMPATH\Database\BaseBuilder.php(2345): CodeIgniter\Database\BaseConnection->query('INSERT INTO `categories` (`parent_id`, `name`, `slug`, `type`, `status`) VALUES (:parent_id:, :name:, :slug:, :type:, :status:)', [...], false)
 5 SYSTEMPATH\Model.php(356): CodeIgniter\Database\BaseBuilder->insert()
 6 SYSTEMPATH\BaseModel.php(898): CodeIgniter\Model->doInsert([...])
 7 SYSTEMPATH\Model.php(665): CodeIgniter\BaseModel->insert([...], false)
 8 SYSTEMPATH\BaseModel.php(751): CodeIgniter\Model->insert([...], false)
 9 APPPATH\Controllers\Admin\CategoryController.php(76): CodeIgniter\BaseModel->save([...])
10 SYSTEMPATH\CodeIgniter.php(951): App\Controllers\Admin\CategoryController->store()
11 SYSTEMPATH\CodeIgniter.php(497): CodeIgniter\CodeIgniter->runController(Object(App\Controllers\Admin\CategoryController))
12 SYSTEMPATH\CodeIgniter.php(340): CodeIgniter\CodeIgniter->handleRequest(null, Object(Config\Cache), false)
13 SYSTEMPATH\Boot.php(417): CodeIgniter\CodeIgniter->run()
14 SYSTEMPATH\Boot.php(68): CodeIgniter\Boot::runCodeIgniter(Object(CodeIgniter\CodeIgniter))
15 FCPATH\index.php(59): CodeIgniter\Boot::bootWeb(Object(Config\Paths))
DEBUG - 2026-03-02 13:41:19 --> Session: Class initialized using 'CodeIgniter\Session\Handlers\FileHandler' driver.
DEBUG - 2026-03-02 13:41:40 --> Session: Class initialized using 'CodeIgniter\Session\Handlers\FileHandler' driver.
ERROR - 2026-03-02 13:41:40 --> Cannot add or update a child row: a foreign key constraint fails (`ntodaynews`.`categories`, CONSTRAINT `categories_ibfk_1` FOREIGN KEY (`parent_id`) REFERENCES `categories` (`id`) ON DELETE CASCADE)
in SYSTEMPATH\Database\MySQLi\Connection.php on line 300.
 1 SYSTEMPATH\Database\MySQLi\Connection.php(300): mysqli->query('INSERT INTO `categories` (`parent_id`, `name`, `slug`, `type`, `status`) VALUES (0, \'Chanikya Madhu\', \'chanikya-madhu\', \'main\', 1)', 0)
 2 SYSTEMPATH\Database\BaseConnection.php(769): CodeIgniter\Database\MySQLi\Connection->execute('INSERT INTO `categories` (`parent_id`, `name`, `slug`, `type`, `status`) VALUES (0, \'Chanikya Madhu\', \'chanikya-madhu\', \'main\', 1)')
 3 SYSTEMPATH\Database\BaseConnection.php(686): CodeIgniter\Database\BaseConnection->simpleQuery('INSERT INTO `categories` (`parent_id`, `name`, `slug`, `type`, `status`) VALUES (0, \'Chanikya Madhu\', \'chanikya-madhu\', \'main\', 1)')
 4 SYSTEMPATH\Database\BaseBuilder.php(2345): CodeIgniter\Database\BaseConnection->query('INSERT INTO `categories` (`parent_id`, `name`, `slug`, `type`, `status`) VALUES (:parent_id:, :name:, :slug:, :type:, :status:)', [...], false)
 5 SYSTEMPATH\Model.php(356): CodeIgniter\Database\BaseBuilder->insert()
 6 SYSTEMPATH\BaseModel.php(898): CodeIgniter\Model->doInsert([...])
 7 SYSTEMPATH\Model.php(665): CodeIgniter\BaseModel->insert([...], false)
 8 SYSTEMPATH\BaseModel.php(751): CodeIgniter\Model->insert([...], false)
 9 APPPATH\Controllers\Admin\CategoryController.php(76): CodeIgniter\BaseModel->save([...])
10 SYSTEMPATH\CodeIgniter.php(951): App\Controllers\Admin\CategoryController->store()
11 SYSTEMPATH\CodeIgniter.php(497): CodeIgniter\CodeIgniter->runController(Object(App\Controllers\Admin\CategoryController))
12 SYSTEMPATH\CodeIgniter.php(340): CodeIgniter\CodeIgniter->handleRequest(null, Object(Config\Cache), false)
13 SYSTEMPATH\Boot.php(417): CodeIgniter\CodeIgniter->run()
14 SYSTEMPATH\Boot.php(68): CodeIgniter\Boot::runCodeIgniter(Object(CodeIgniter\CodeIgniter))
15 FCPATH\index.php(59): CodeIgniter\Boot::bootWeb(Object(Config\Paths))
DEBUG - 2026-03-02 13:41:40 --> Session: Class initialized using 'CodeIgniter\Session\Handlers\FileHandler' driver.
DEBUG - 2026-03-02 13:41:57 --> Session: Class initialized using 'CodeIgniter\Session\Handlers\FileHandler' driver.
DEBUG - 2026-03-02 13:42:58 --> Session: Class initialized using 'CodeIgniter\Session\Handlers\FileHandler' driver.
DEBUG - 2026-03-02 13:43:01 --> Session: Class initialized using 'CodeIgniter\Session\Handlers\FileHandler' driver.
DEBUG - 2026-03-02 13:43:17 --> Session: Class initialized using 'CodeIgniter\Session\Handlers\FileHandler' driver.
DEBUG - 2026-03-02 13:45:01 --> Session: Class initialized using 'CodeIgniter\Session\Handlers\FileHandler' driver.
DEBUG - 2026-03-02 13:45:15 --> Session: Class initialized using 'CodeIgniter\Session\Handlers\FileHandler' driver.
DEBUG - 2026-03-02 13:45:19 --> Session: Class initialized using 'CodeIgniter\Session\Handlers\FileHandler' driver.
DEBUG - 2026-03-02 13:45:19 --> Session: Class initialized using 'CodeIgniter\Session\Handlers\FileHandler' driver.
DEBUG - 2026-03-02 13:45:25 --> Session: Class initialized using 'CodeIgniter\Session\Handlers\FileHandler' driver.
DEBUG - 2026-03-02 13:45:27 --> Session: Class initialized using 'CodeIgniter\Session\Handlers\FileHandler' driver.
DEBUG - 2026-03-02 13:45:28 --> Session: Class initialized using 'CodeIgniter\Session\Handlers\FileHandler' driver.
DEBUG - 2026-03-02 13:45:30 --> Session: Class initialized using 'CodeIgniter\Session\Handlers\FileHandler' driver.
DEBUG - 2026-03-02 13:45:30 --> Session: Class initialized using 'CodeIgniter\Session\Handlers\FileHandler' driver.
DEBUG - 2026-03-02 13:45:32 --> Session: Class initialized using 'CodeIgniter\Session\Handlers\FileHandler' driver.
DEBUG - 2026-03-02 13:45:54 --> Session: Class initialized using 'CodeIgniter\Session\Handlers\FileHandler' driver.
DEBUG - 2026-03-02 13:45:54 --> Session: Class initialized using 'CodeIgniter\Session\Handlers\FileHandler' driver.
DEBUG - 2026-03-02 13:46:00 --> Session: Class initialized using 'CodeIgniter\Session\Handlers\FileHandler' driver.
DEBUG - 2026-03-02 13:47:29 --> Session: Class initialized using 'CodeIgniter\Session\Handlers\FileHandler' driver.
DEBUG - 2026-03-02 13:47:36 --> Session: Class initialized using 'CodeIgniter\Session\Handlers\FileHandler' driver.
DEBUG - 2026-03-02 13:47:40 --> Session: Class initialized using 'CodeIgniter\Session\Handlers\FileHandler' driver.
DEBUG - 2026-03-02 13:47:47 --> Session: Class initialized using 'CodeIgniter\Session\Handlers\FileHandler' driver.
DEBUG - 2026-03-02 13:48:12 --> Session: Class initialized using 'CodeIgniter\Session\Handlers\FileHandler' driver.
DEBUG - 2026-03-02 13:50:20 --> Session: Class initialized using 'CodeIgniter\Session\Handlers\FileHandler' driver.
DEBUG - 2026-03-02 13:51:13 --> Session: Class initialized using 'CodeIgniter\Session\Handlers\FileHandler' driver.
ERROR - 2026-03-02 13:51:13 --> Unknown column 'sub_category_id' in 'field list'
in SYSTEMPATH\Database\MySQLi\Connection.php on line 300.
 1 SYSTEMPATH\Database\MySQLi\Connection.php(300): mysqli->query('INSERT INTO `news` (`title`, `slug`, `content`, `category_id`, `sub_category_id`, `district_id`, `mandal_id`, `featured_image`, `meta_description`, `status`, `created_at`, `updated_at`) VALUES (\'హోలీ వేడుకల్లో అత్యుత్సాహం వద్దు\', \'హోలీ-వేడుకల్లో-అత్యుత్సాహం-వద్దు\', \'ఉల్లంఘనలకు కఠిన చర్యలు – జిల్లావ్యాప్తంగా ప్రత్యేక నిఘా\\r\\n\\r\\nజగిత్యాల: హోలీ పండుగను సురక్షితంగా, శాంతియుత వాతావరణంలో జరుపుకోవాలని జిల్లా ఎస్పీ అశోక్ కుమార్ ఐపిఎస్ సూచించారు. ఇతరులకు ఇబ్బంది కలిగించేలా ప్రవర్తిస్తే కఠిన చర్యలు తీసుకుంటామని హెచ్చరించారు.\\r\\n\\r\\n\\r\\nపోలీస్ శాఖ ప్రత్యేక నిఘా – ముఖ్యాంశాలు\\r\\n\\r\\nడ్రంక్ అండ్ డ్రైవ్:\\r\\nమద్యం సేవించి వాహనాలు నడిపేవారిపై కఠిన చర్యలు తీసుకుంటామని, జిల్లావ్యాప్తంగా విస్తృత తనిఖీలు నిర్వహిస్తామని తెలిపారు.\\r\\nమైనర్ డ్రైవింగ్:\\r\\nమైనర్లు వాహనాలు నడిపితే వారితో పాటు వాహన యజమానులు, తల్లిదండ్రులపై కూడా కేసులు నమోదు చేస్తామని స్పష్టం చేశారు.\\r\\n\\r\\nర్యాష్ డ్రైవింగ్ & స్టంట్లు:\\r\\nబైక్‌లపై ట్రిపుల్ రైడింగ్, సైలెన్సర్లు తొలగించి శబ్ద కాలుష్యం సృష్టించడం, స్టంట్లు చేయడం వంటి చర్యలకు పాల్పడితే వాహనాలను సీజ్ చేస్తామని హెచ్చరించారు.\\r\\n\\r\\n\\r\\nమహిళల భద్రత:\\r\\nరంగుల పేరుతో మహిళలను వేధించడం, బలవంతంగా రంగులు పూయడం వంటి చర్యలకు చట్టపరమైన చర్యలు తీసుకుంటామని పేర్కొన్నారు.\\r\\n\\r\\nజలవనరుల వద్ద జాగ్రత్త:\\r\\nహోలీ అనంతరం స్నానాల కోసం చెరువులు, కాలువలు, లోతైన నీటి ప్రాంతాలకు వెళ్లడం ప్రమాదకరమని, అప్రమత్తంగా ఉండాలని సూచించారు.\\r\\n\\r\\n\\r\\nమత సామరస్యాన్ని కాపాడుతూ, ఇతరుల మనోభావాలను గౌరవిస్తూ పండుగ జరుపుకోవాలని ఎస్పీ పేర్కొన్నారు. సోషల్ మీడియాలో అసత్య ప్రచారాలు చేస్తే సైబర్ క్రైమ్ విభాగం నిఘా ఉంచుతుందని తెలిపారు.\\r\\n\\r\\nశాంతి భద్రతలకు విఘాతం కలగకుండా జిల్లా వ్యాప్తంగా పోలీస్ పెట్రోలింగ్ కొనసాగుతుందని ఎస్పీ వెల్లడించారు.\\r\\n\\r\\n\', \'24\', NULL, \'48\', \'105\', \'1772459473_news.jpg\', \'హోలీ వేడుకల్లో అత్యుత్సాహం వద్దు\', \'pending\', \'2026-03-02 13:51:13\', \'2026-03-02 13:51:13\')', 0)
 2 SYSTEMPATH\Database\BaseConnection.php(769): CodeIgniter\Database\MySQLi\Connection->execute('INSERT INTO `news` (`title`, `slug`, `content`, `category_id`, `sub_category_id`, `district_id`, `mandal_id`, `featured_image`, `meta_description`, `status`, `created_at`, `updated_at`) VALUES (\'హోలీ వేడుకల్లో అత్యుత్సాహం వద్దు\', \'హోలీ-వేడుకల్లో-అత్యుత్సాహం-వద్దు\', \'ఉల్లంఘనలకు కఠిన చర్యలు – జిల్లావ్యాప్తంగా ప్రత్యేక నిఘా\\r\\n\\r\\nజగిత్యాల: హోలీ పండుగను సురక్షితంగా, శాంతియుత వాతావరణంలో జరుపుకోవాలని జిల్లా ఎస్పీ అశోక్ కుమార్ ఐపిఎస్ సూచించారు. ఇతరులకు ఇబ్బంది కలిగించేలా ప్రవర్తిస్తే కఠిన చర్యలు తీసుకుంటామని హెచ్చరించారు.\\r\\n\\r\\n\\r\\nపోలీస్ శాఖ ప్రత్యేక నిఘా – ముఖ్యాంశాలు\\r\\n\\r\\nడ్రంక్ అండ్ డ్రైవ్:\\r\\nమద్యం సేవించి వాహనాలు నడిపేవారిపై కఠిన చర్యలు తీసుకుంటామని, జిల్లావ్యాప్తంగా విస్తృత తనిఖీలు నిర్వహిస్తామని తెలిపారు.\\r\\nమైనర్ డ్రైవింగ్:\\r\\nమైనర్లు వాహనాలు నడిపితే వారితో పాటు వాహన యజమానులు, తల్లిదండ్రులపై కూడా కేసులు నమోదు చేస్తామని స్పష్టం చేశారు.\\r\\n\\r\\nర్యాష్ డ్రైవింగ్ & స్టంట్లు:\\r\\nబైక్‌లపై ట్రిపుల్ రైడింగ్, సైలెన్సర్లు తొలగించి శబ్ద కాలుష్యం సృష్టించడం, స్టంట్లు చేయడం వంటి చర్యలకు పాల్పడితే వాహనాలను సీజ్ చేస్తామని హెచ్చరించారు.\\r\\n\\r\\n\\r\\nమహిళల భద్రత:\\r\\nరంగుల పేరుతో మహిళలను వేధించడం, బలవంతంగా రంగులు పూయడం వంటి చర్యలకు చట్టపరమైన చర్యలు తీసుకుంటామని పేర్కొన్నారు.\\r\\n\\r\\nజలవనరుల వద్ద జాగ్రత్త:\\r\\nహోలీ అనంతరం స్నానాల కోసం చెరువులు, కాలువలు, లోతైన నీటి ప్రాంతాలకు వెళ్లడం ప్రమాదకరమని, అప్రమత్తంగా ఉండాలని సూచించారు.\\r\\n\\r\\n\\r\\nమత సామరస్యాన్ని కాపాడుతూ, ఇతరుల మనోభావాలను గౌరవిస్తూ పండుగ జరుపుకోవాలని ఎస్పీ పేర్కొన్నారు. సోషల్ మీడియాలో అసత్య ప్రచారాలు చేస్తే సైబర్ క్రైమ్ విభాగం నిఘా ఉంచుతుందని తెలిపారు.\\r\\n\\r\\nశాంతి భద్రతలకు విఘాతం కలగకుండా జిల్లా వ్యాప్తంగా పోలీస్ పెట్రోలింగ్ కొనసాగుతుందని ఎస్పీ వెల్లడించారు.\\r\\n\\r\\n\', \'24\', NULL, \'48\', \'105\', \'1772459473_news.jpg\', \'హోలీ వేడుకల్లో అత్యుత్సాహం వద్దు\', \'pending\', \'2026-03-02 13:51:13\', \'2026-03-02 13:51:13\')')
 3 SYSTEMPATH\Database\BaseConnection.php(686): CodeIgniter\Database\BaseConnection->simpleQuery('INSERT INTO `news` (`title`, `slug`, `content`, `category_id`, `sub_category_id`, `district_id`, `mandal_id`, `featured_image`, `meta_description`, `status`, `created_at`, `updated_at`) VALUES (\'హోలీ వేడుకల్లో అత్యుత్సాహం వద్దు\', \'హోలీ-వేడుకల్లో-అత్యుత్సాహం-వద్దు\', \'ఉల్లంఘనలకు కఠిన చర్యలు – జిల్లావ్యాప్తంగా ప్రత్యేక నిఘా\\r\\n\\r\\nజగిత్యాల: హోలీ పండుగను సురక్షితంగా, శాంతియుత వాతావరణంలో జరుపుకోవాలని జిల్లా ఎస్పీ అశోక్ కుమార్ ఐపిఎస్ సూచించారు. ఇతరులకు ఇబ్బంది కలిగించేలా ప్రవర్తిస్తే కఠిన చర్యలు తీసుకుంటామని హెచ్చరించారు.\\r\\n\\r\\n\\r\\nపోలీస్ శాఖ ప్రత్యేక నిఘా – ముఖ్యాంశాలు\\r\\n\\r\\nడ్రంక్ అండ్ డ్రైవ్:\\r\\nమద్యం సేవించి వాహనాలు నడిపేవారిపై కఠిన చర్యలు తీసుకుంటామని, జిల్లావ్యాప్తంగా విస్తృత తనిఖీలు నిర్వహిస్తామని తెలిపారు.\\r\\nమైనర్ డ్రైవింగ్:\\r\\nమైనర్లు వాహనాలు నడిపితే వారితో పాటు వాహన యజమానులు, తల్లిదండ్రులపై కూడా కేసులు నమోదు చేస్తామని స్పష్టం చేశారు.\\r\\n\\r\\nర్యాష్ డ్రైవింగ్ & స్టంట్లు:\\r\\nబైక్‌లపై ట్రిపుల్ రైడింగ్, సైలెన్సర్లు తొలగించి శబ్ద కాలుష్యం సృష్టించడం, స్టంట్లు చేయడం వంటి చర్యలకు పాల్పడితే వాహనాలను సీజ్ చేస్తామని హెచ్చరించారు.\\r\\n\\r\\n\\r\\nమహిళల భద్రత:\\r\\nరంగుల పేరుతో మహిళలను వేధించడం, బలవంతంగా రంగులు పూయడం వంటి చర్యలకు చట్టపరమైన చర్యలు తీసుకుంటామని పేర్కొన్నారు.\\r\\n\\r\\nజలవనరుల వద్ద జాగ్రత్త:\\r\\nహోలీ అనంతరం స్నానాల కోసం చెరువులు, కాలువలు, లోతైన నీటి ప్రాంతాలకు వెళ్లడం ప్రమాదకరమని, అప్రమత్తంగా ఉండాలని సూచించారు.\\r\\n\\r\\n\\r\\nమత సామరస్యాన్ని కాపాడుతూ, ఇతరుల మనోభావాలను గౌరవిస్తూ పండుగ జరుపుకోవాలని ఎస్పీ పేర్కొన్నారు. సోషల్ మీడియాలో అసత్య ప్రచారాలు చేస్తే సైబర్ క్రైమ్ విభాగం నిఘా ఉంచుతుందని తెలిపారు.\\r\\n\\r\\nశాంతి భద్రతలకు విఘాతం కలగకుండా జిల్లా వ్యాప్తంగా పోలీస్ పెట్రోలింగ్ కొనసాగుతుందని ఎస్పీ వెల్లడించారు.\\r\\n\\r\\n\', \'24\', NULL, \'48\', \'105\', \'1772459473_news.jpg\', \'హోలీ వేడుకల్లో అత్యుత్సాహం వద్దు\', \'pending\', \'2026-03-02 13:51:13\', \'2026-03-02 13:51:13\')')
 4 SYSTEMPATH\Database\BaseBuilder.php(2345): CodeIgniter\Database\BaseConnection->query('INSERT INTO `news` (`title`, `slug`, `content`, `category_id`, `sub_category_id`, `district_id`, `mandal_id`, `featured_image`, `meta_description`, `status`, `created_at`, `updated_at`) VALUES (:title:, :slug:, :content:, :category_id:, :sub_category_id:, :district_id:, :mandal_id:, :featured_image:, :meta_description:, :status:, :created_at:, :updated_at:)', [...], false)
 5 SYSTEMPATH\Model.php(356): CodeIgniter\Database\BaseBuilder->insert()
 6 SYSTEMPATH\BaseModel.php(898): CodeIgniter\Model->doInsert([...])
 7 SYSTEMPATH\Model.php(665): CodeIgniter\BaseModel->insert([...], true)
 8 APPPATH\Controllers\Admin\News.php(111): CodeIgniter\Model->insert([...])
 9 SYSTEMPATH\CodeIgniter.php(951): App\Controllers\Admin\News->store()
10 SYSTEMPATH\CodeIgniter.php(497): CodeIgniter\CodeIgniter->runController(Object(App\Controllers\Admin\News))
11 SYSTEMPATH\CodeIgniter.php(340): CodeIgniter\CodeIgniter->handleRequest(null, Object(Config\Cache), false)
12 SYSTEMPATH\Boot.php(417): CodeIgniter\CodeIgniter->run()
13 SYSTEMPATH\Boot.php(68): CodeIgniter\Boot::runCodeIgniter(Object(CodeIgniter\CodeIgniter))
14 FCPATH\index.php(59): CodeIgniter\Boot::bootWeb(Object(Config\Paths))
CRITICAL - 2026-03-02 13:51:13 --> CodeIgniter\Database\Exceptions\DatabaseException: Unknown column 'sub_category_id' in 'field list'
[Method: POST, Route: admin/news/store]
in SYSTEMPATH\Database\BaseConnection.php on line 724.
 1 SYSTEMPATH\Database\BaseBuilder.php(2345): CodeIgniter\Database\BaseConnection->query('INSERT INTO `news` (`title`, `slug`, `content`, `category_id`, `sub_category_id`, `district_id`, `mandal_id`, `featured_image`, `meta_description`, `status`, `created_at`, `updated_at`) VALUES (:title:, :slug:, :content:, :category_id:, :sub_category_id:, :district_id:, :mandal_id:, :featured_image:, :meta_description:, :status:, :created_at:, :updated_at:)', [...], false)
 2 SYSTEMPATH\Model.php(356): CodeIgniter\Database\BaseBuilder->insert()
 3 SYSTEMPATH\BaseModel.php(898): CodeIgniter\Model->doInsert([...])
 4 SYSTEMPATH\Model.php(665): CodeIgniter\BaseModel->insert([...], true)
 5 APPPATH\Controllers\Admin\News.php(111): CodeIgniter\Model->insert([...])
 6 SYSTEMPATH\CodeIgniter.php(951): App\Controllers\Admin\News->store()
 7 SYSTEMPATH\CodeIgniter.php(497): CodeIgniter\CodeIgniter->runController(Object(App\Controllers\Admin\News))
 8 SYSTEMPATH\CodeIgniter.php(340): CodeIgniter\CodeIgniter->handleRequest(null, Object(Config\Cache), false)
 9 SYSTEMPATH\Boot.php(417): CodeIgniter\CodeIgniter->run()
10 SYSTEMPATH\Boot.php(68): CodeIgniter\Boot::runCodeIgniter(Object(CodeIgniter\CodeIgniter))
11 FCPATH\index.php(59): CodeIgniter\Boot::bootWeb(Object(Config\Paths))
CRITICAL - 2026-03-02 13:51:13 --> [Caused by] CodeIgniter\Database\Exceptions\DatabaseException: Unknown column 'sub_category_id' in 'field list'
in SYSTEMPATH\Database\MySQLi\Connection.php on line 310.
 1 SYSTEMPATH\Database\BaseConnection.php(769): CodeIgniter\Database\MySQLi\Connection->execute('INSERT INTO `news` (`title`, `slug`, `content`, `category_id`, `sub_category_id`, `district_id`, `mandal_id`, `featured_image`, `meta_description`, `status`, `created_at`, `updated_at`) VALUES (\'హోలీ వేడుకల్లో అత్యుత్సాహం వద్దు\', \'హోలీ-వేడుకల్లో-అత్యుత్సాహం-వద్దు\', \'ఉల్లంఘనలకు కఠిన చర్యలు – జిల్లావ్యాప్తంగా ప్రత్యేక నిఘా\\r\\n\\r\\nజగిత్యాల: హోలీ పండుగను సురక్షితంగా, శాంతియుత వాతావరణంలో జరుపుకోవాలని జిల్లా ఎస్పీ అశోక్ కుమార్ ఐపిఎస్ సూచించారు. ఇతరులకు ఇబ్బంది కలిగించేలా ప్రవర్తిస్తే కఠిన చర్యలు తీసుకుంటామని హెచ్చరించారు.\\r\\n\\r\\n\\r\\nపోలీస్ శాఖ ప్రత్యేక నిఘా – ముఖ్యాంశాలు\\r\\n\\r\\nడ్రంక్ అండ్ డ్రైవ్:\\r\\nమద్యం సేవించి వాహనాలు నడిపేవారిపై కఠిన చర్యలు తీసుకుంటామని, జిల్లావ్యాప్తంగా విస్తృత తనిఖీలు నిర్వహిస్తామని తెలిపారు.\\r\\nమైనర్ డ్రైవింగ్:\\r\\nమైనర్లు వాహనాలు నడిపితే వారితో పాటు వాహన యజమానులు, తల్లిదండ్రులపై కూడా కేసులు నమోదు చేస్తామని స్పష్టం చేశారు.\\r\\n\\r\\nర్యాష్ డ్రైవింగ్ & స్టంట్లు:\\r\\nబైక్‌లపై ట్రిపుల్ రైడింగ్, సైలెన్సర్లు తొలగించి శబ్ద కాలుష్యం సృష్టించడం, స్టంట్లు చేయడం వంటి చర్యలకు పాల్పడితే వాహనాలను సీజ్ చేస్తామని హెచ్చరించారు.\\r\\n\\r\\n\\r\\nమహిళల భద్రత:\\r\\nరంగుల పేరుతో మహిళలను వేధించడం, బలవంతంగా రంగులు పూయడం వంటి చర్యలకు చట్టపరమైన చర్యలు తీసుకుంటామని పేర్కొన్నారు.\\r\\n\\r\\nజలవనరుల వద్ద జాగ్రత్త:\\r\\nహోలీ అనంతరం స్నానాల కోసం చెరువులు, కాలువలు, లోతైన నీటి ప్రాంతాలకు వెళ్లడం ప్రమాదకరమని, అప్రమత్తంగా ఉండాలని సూచించారు.\\r\\n\\r\\n\\r\\nమత సామరస్యాన్ని కాపాడుతూ, ఇతరుల మనోభావాలను గౌరవిస్తూ పండుగ జరుపుకోవాలని ఎస్పీ పేర్కొన్నారు. సోషల్ మీడియాలో అసత్య ప్రచారాలు చేస్తే సైబర్ క్రైమ్ విభాగం నిఘా ఉంచుతుందని తెలిపారు.\\r\\n\\r\\nశాంతి భద్రతలకు విఘాతం కలగకుండా జిల్లా వ్యాప్తంగా పోలీస్ పెట్రోలింగ్ కొనసాగుతుందని ఎస్పీ వెల్లడించారు.\\r\\n\\r\\n\', \'24\', NULL, \'48\', \'105\', \'1772459473_news.jpg\', \'హోలీ వేడుకల్లో అత్యుత్సాహం వద్దు\', \'pending\', \'2026-03-02 13:51:13\', \'2026-03-02 13:51:13\')')
 2 SYSTEMPATH\Database\BaseConnection.php(686): CodeIgniter\Database\BaseConnection->simpleQuery('INSERT INTO `news` (`title`, `slug`, `content`, `category_id`, `sub_category_id`, `district_id`, `mandal_id`, `featured_image`, `meta_description`, `status`, `created_at`, `updated_at`) VALUES (\'హోలీ వేడుకల్లో అత్యుత్సాహం వద్దు\', \'హోలీ-వేడుకల్లో-అత్యుత్సాహం-వద్దు\', \'ఉల్లంఘనలకు కఠిన చర్యలు – జిల్లావ్యాప్తంగా ప్రత్యేక నిఘా\\r\\n\\r\\nజగిత్యాల: హోలీ పండుగను సురక్షితంగా, శాంతియుత వాతావరణంలో జరుపుకోవాలని జిల్లా ఎస్పీ అశోక్ కుమార్ ఐపిఎస్ సూచించారు. ఇతరులకు ఇబ్బంది కలిగించేలా ప్రవర్తిస్తే కఠిన చర్యలు తీసుకుంటామని హెచ్చరించారు.\\r\\n\\r\\n\\r\\nపోలీస్ శాఖ ప్రత్యేక నిఘా – ముఖ్యాంశాలు\\r\\n\\r\\nడ్రంక్ అండ్ డ్రైవ్:\\r\\nమద్యం సేవించి వాహనాలు నడిపేవారిపై కఠిన చర్యలు తీసుకుంటామని, జిల్లావ్యాప్తంగా విస్తృత తనిఖీలు నిర్వహిస్తామని తెలిపారు.\\r\\nమైనర్ డ్రైవింగ్:\\r\\nమైనర్లు వాహనాలు నడిపితే వారితో పాటు వాహన యజమానులు, తల్లిదండ్రులపై కూడా కేసులు నమోదు చేస్తామని స్పష్టం చేశారు.\\r\\n\\r\\nర్యాష్ డ్రైవింగ్ & స్టంట్లు:\\r\\nబైక్‌లపై ట్రిపుల్ రైడింగ్, సైలెన్సర్లు తొలగించి శబ్ద కాలుష్యం సృష్టించడం, స్టంట్లు చేయడం వంటి చర్యలకు పాల్పడితే వాహనాలను సీజ్ చేస్తామని హెచ్చరించారు.\\r\\n\\r\\n\\r\\nమహిళల భద్రత:\\r\\nరంగుల పేరుతో మహిళలను వేధించడం, బలవంతంగా రంగులు పూయడం వంటి చర్యలకు చట్టపరమైన చర్యలు తీసుకుంటామని పేర్కొన్నారు.\\r\\n\\r\\nజలవనరుల వద్ద జాగ్రత్త:\\r\\nహోలీ అనంతరం స్నానాల కోసం చెరువులు, కాలువలు, లోతైన నీటి ప్రాంతాలకు వెళ్లడం ప్రమాదకరమని, అప్రమత్తంగా ఉండాలని సూచించారు.\\r\\n\\r\\n\\r\\nమత సామరస్యాన్ని కాపాడుతూ, ఇతరుల మనోభావాలను గౌరవిస్తూ పండుగ జరుపుకోవాలని ఎస్పీ పేర్కొన్నారు. సోషల్ మీడియాలో అసత్య ప్రచారాలు చేస్తే సైబర్ క్రైమ్ విభాగం నిఘా ఉంచుతుందని తెలిపారు.\\r\\n\\r\\nశాంతి భద్రతలకు విఘాతం కలగకుండా జిల్లా వ్యాప్తంగా పోలీస్ పెట్రోలింగ్ కొనసాగుతుందని ఎస్పీ వెల్లడించారు.\\r\\n\\r\\n\', \'24\', NULL, \'48\', \'105\', \'1772459473_news.jpg\', \'హోలీ వేడుకల్లో అత్యుత్సాహం వద్దు\', \'pending\', \'2026-03-02 13:51:13\', \'2026-03-02 13:51:13\')')
 3 SYSTEMPATH\Database\BaseBuilder.php(2345): CodeIgniter\Database\BaseConnection->query('INSERT INTO `news` (`title`, `slug`, `content`, `category_id`, `sub_category_id`, `district_id`, `mandal_id`, `featured_image`, `meta_description`, `status`, `created_at`, `updated_at`) VALUES (:title:, :slug:, :content:, :category_id:, :sub_category_id:, :district_id:, :mandal_id:, :featured_image:, :meta_description:, :status:, :created_at:, :updated_at:)', [...], false)
 4 SYSTEMPATH\Model.php(356): CodeIgniter\Database\BaseBuilder->insert()
 5 SYSTEMPATH\BaseModel.php(898): CodeIgniter\Model->doInsert([...])
 6 SYSTEMPATH\Model.php(665): CodeIgniter\BaseModel->insert([...], true)
 7 APPPATH\Controllers\Admin\News.php(111): CodeIgniter\Model->insert([...])
 8 SYSTEMPATH\CodeIgniter.php(951): App\Controllers\Admin\News->store()
 9 SYSTEMPATH\CodeIgniter.php(497): CodeIgniter\CodeIgniter->runController(Object(App\Controllers\Admin\News))
10 SYSTEMPATH\CodeIgniter.php(340): CodeIgniter\CodeIgniter->handleRequest(null, Object(Config\Cache), false)
11 SYSTEMPATH\Boot.php(417): CodeIgniter\CodeIgniter->run()
12 SYSTEMPATH\Boot.php(68): CodeIgniter\Boot::runCodeIgniter(Object(CodeIgniter\CodeIgniter))
13 FCPATH\index.php(59): CodeIgniter\Boot::bootWeb(Object(Config\Paths))
CRITICAL - 2026-03-02 13:51:13 --> [Caused by] mysqli_sql_exception: Unknown column 'sub_category_id' in 'field list'
in SYSTEMPATH\Database\MySQLi\Connection.php on line 300.
 1 SYSTEMPATH\Database\MySQLi\Connection.php(300): mysqli->query('INSERT INTO `news` (`title`, `slug`, `content`, `category_id`, `sub_category_id`, `district_id`, `mandal_id`, `featured_image`, `meta_description`, `status`, `created_at`, `updated_at`) VALUES (\'హోలీ వేడుకల్లో అత్యుత్సాహం వద్దు\', \'హోలీ-వేడుకల్లో-అత్యుత్సాహం-వద్దు\', \'ఉల్లంఘనలకు కఠిన చర్యలు – జిల్లావ్యాప్తంగా ప్రత్యేక నిఘా\\r\\n\\r\\nజగిత్యాల: హోలీ పండుగను సురక్షితంగా, శాంతియుత వాతావరణంలో జరుపుకోవాలని జిల్లా ఎస్పీ అశోక్ కుమార్ ఐపిఎస్ సూచించారు. ఇతరులకు ఇబ్బంది కలిగించేలా ప్రవర్తిస్తే కఠిన చర్యలు తీసుకుంటామని హెచ్చరించారు.\\r\\n\\r\\n\\r\\nపోలీస్ శాఖ ప్రత్యేక నిఘా – ముఖ్యాంశాలు\\r\\n\\r\\nడ్రంక్ అండ్ డ్రైవ్:\\r\\nమద్యం సేవించి వాహనాలు నడిపేవారిపై కఠిన చర్యలు తీసుకుంటామని, జిల్లావ్యాప్తంగా విస్తృత తనిఖీలు నిర్వహిస్తామని తెలిపారు.\\r\\nమైనర్ డ్రైవింగ్:\\r\\nమైనర్లు వాహనాలు నడిపితే వారితో పాటు వాహన యజమానులు, తల్లిదండ్రులపై కూడా కేసులు నమోదు చేస్తామని స్పష్టం చేశారు.\\r\\n\\r\\nర్యాష్ డ్రైవింగ్ & స్టంట్లు:\\r\\nబైక్‌లపై ట్రిపుల్ రైడింగ్, సైలెన్సర్లు తొలగించి శబ్ద కాలుష్యం సృష్టించడం, స్టంట్లు చేయడం వంటి చర్యలకు పాల్పడితే వాహనాలను సీజ్ చేస్తామని హెచ్చరించారు.\\r\\n\\r\\n\\r\\nమహిళల భద్రత:\\r\\nరంగుల పేరుతో మహిళలను వేధించడం, బలవంతంగా రంగులు పూయడం వంటి చర్యలకు చట్టపరమైన చర్యలు తీసుకుంటామని పేర్కొన్నారు.\\r\\n\\r\\nజలవనరుల వద్ద జాగ్రత్త:\\r\\nహోలీ అనంతరం స్నానాల కోసం చెరువులు, కాలువలు, లోతైన నీటి ప్రాంతాలకు వెళ్లడం ప్రమాదకరమని, అప్రమత్తంగా ఉండాలని సూచించారు.\\r\\n\\r\\n\\r\\nమత సామరస్యాన్ని కాపాడుతూ, ఇతరుల మనోభావాలను గౌరవిస్తూ పండుగ జరుపుకోవాలని ఎస్పీ పేర్కొన్నారు. సోషల్ మీడియాలో అసత్య ప్రచారాలు చేస్తే సైబర్ క్రైమ్ విభాగం నిఘా ఉంచుతుందని తెలిపారు.\\r\\n\\r\\nశాంతి భద్రతలకు విఘాతం కలగకుండా జిల్లా వ్యాప్తంగా పోలీస్ పెట్రోలింగ్ కొనసాగుతుందని ఎస్పీ వెల్లడించారు.\\r\\n\\r\\n\', \'24\', NULL, \'48\', \'105\', \'1772459473_news.jpg\', \'హోలీ వేడుకల్లో అత్యుత్సాహం వద్దు\', \'pending\', \'2026-03-02 13:51:13\', \'2026-03-02 13:51:13\')', 0)
 2 SYSTEMPATH\Database\BaseConnection.php(769): CodeIgniter\Database\MySQLi\Connection->execute('INSERT INTO `news` (`title`, `slug`, `content`, `category_id`, `sub_category_id`, `district_id`, `mandal_id`, `featured_image`, `meta_description`, `status`, `created_at`, `updated_at`) VALUES (\'హోలీ వేడుకల్లో అత్యుత్సాహం వద్దు\', \'హోలీ-వేడుకల్లో-అత్యుత్సాహం-వద్దు\', \'ఉల్లంఘనలకు కఠిన చర్యలు – జిల్లావ్యాప్తంగా ప్రత్యేక నిఘా\\r\\n\\r\\nజగిత్యాల: హోలీ పండుగను సురక్షితంగా, శాంతియుత వాతావరణంలో జరుపుకోవాలని జిల్లా ఎస్పీ అశోక్ కుమార్ ఐపిఎస్ సూచించారు. ఇతరులకు ఇబ్బంది కలిగించేలా ప్రవర్తిస్తే కఠిన చర్యలు తీసుకుంటామని హెచ్చరించారు.\\r\\n\\r\\n\\r\\nపోలీస్ శాఖ ప్రత్యేక నిఘా – ముఖ్యాంశాలు\\r\\n\\r\\nడ్రంక్ అండ్ డ్రైవ్:\\r\\nమద్యం సేవించి వాహనాలు నడిపేవారిపై కఠిన చర్యలు తీసుకుంటామని, జిల్లావ్యాప్తంగా విస్తృత తనిఖీలు నిర్వహిస్తామని తెలిపారు.\\r\\nమైనర్ డ్రైవింగ్:\\r\\nమైనర్లు వాహనాలు నడిపితే వారితో పాటు వాహన యజమానులు, తల్లిదండ్రులపై కూడా కేసులు నమోదు చేస్తామని స్పష్టం చేశారు.\\r\\n\\r\\nర్యాష్ డ్రైవింగ్ & స్టంట్లు:\\r\\nబైక్‌లపై ట్రిపుల్ రైడింగ్, సైలెన్సర్లు తొలగించి శబ్ద కాలుష్యం సృష్టించడం, స్టంట్లు చేయడం వంటి చర్యలకు పాల్పడితే వాహనాలను సీజ్ చేస్తామని హెచ్చరించారు.\\r\\n\\r\\n\\r\\nమహిళల భద్రత:\\r\\nరంగుల పేరుతో మహిళలను వేధించడం, బలవంతంగా రంగులు పూయడం వంటి చర్యలకు చట్టపరమైన చర్యలు తీసుకుంటామని పేర్కొన్నారు.\\r\\n\\r\\nజలవనరుల వద్ద జాగ్రత్త:\\r\\nహోలీ అనంతరం స్నానాల కోసం చెరువులు, కాలువలు, లోతైన నీటి ప్రాంతాలకు వెళ్లడం ప్రమాదకరమని, అప్రమత్తంగా ఉండాలని సూచించారు.\\r\\n\\r\\n\\r\\nమత సామరస్యాన్ని కాపాడుతూ, ఇతరుల మనోభావాలను గౌరవిస్తూ పండుగ జరుపుకోవాలని ఎస్పీ పేర్కొన్నారు. సోషల్ మీడియాలో అసత్య ప్రచారాలు చేస్తే సైబర్ క్రైమ్ విభాగం నిఘా ఉంచుతుందని తెలిపారు.\\r\\n\\r\\nశాంతి భద్రతలకు విఘాతం కలగకుండా జిల్లా వ్యాప్తంగా పోలీస్ పెట్రోలింగ్ కొనసాగుతుందని ఎస్పీ వెల్లడించారు.\\r\\n\\r\\n\', \'24\', NULL, \'48\', \'105\', \'1772459473_news.jpg\', \'హోలీ వేడుకల్లో అత్యుత్సాహం వద్దు\', \'pending\', \'2026-03-02 13:51:13\', \'2026-03-02 13:51:13\')')
 3 SYSTEMPATH\Database\BaseConnection.php(686): CodeIgniter\Database\BaseConnection->simpleQuery('INSERT INTO `news` (`title`, `slug`, `content`, `category_id`, `sub_category_id`, `district_id`, `mandal_id`, `featured_image`, `meta_description`, `status`, `created_at`, `updated_at`) VALUES (\'హోలీ వేడుకల్లో అత్యుత్సాహం వద్దు\', \'హోలీ-వేడుకల్లో-అత్యుత్సాహం-వద్దు\', \'ఉల్లంఘనలకు కఠిన చర్యలు – జిల్లావ్యాప్తంగా ప్రత్యేక నిఘా\\r\\n\\r\\nజగిత్యాల: హోలీ పండుగను సురక్షితంగా, శాంతియుత వాతావరణంలో జరుపుకోవాలని జిల్లా ఎస్పీ అశోక్ కుమార్ ఐపిఎస్ సూచించారు. ఇతరులకు ఇబ్బంది కలిగించేలా ప్రవర్తిస్తే కఠిన చర్యలు తీసుకుంటామని హెచ్చరించారు.\\r\\n\\r\\n\\r\\nపోలీస్ శాఖ ప్రత్యేక నిఘా – ముఖ్యాంశాలు\\r\\n\\r\\nడ్రంక్ అండ్ డ్రైవ్:\\r\\nమద్యం సేవించి వాహనాలు నడిపేవారిపై కఠిన చర్యలు తీసుకుంటామని, జిల్లావ్యాప్తంగా విస్తృత తనిఖీలు నిర్వహిస్తామని తెలిపారు.\\r\\nమైనర్ డ్రైవింగ్:\\r\\nమైనర్లు వాహనాలు నడిపితే వారితో పాటు వాహన యజమానులు, తల్లిదండ్రులపై కూడా కేసులు నమోదు చేస్తామని స్పష్టం చేశారు.\\r\\n\\r\\nర్యాష్ డ్రైవింగ్ & స్టంట్లు:\\r\\nబైక్‌లపై ట్రిపుల్ రైడింగ్, సైలెన్సర్లు తొలగించి శబ్ద కాలుష్యం సృష్టించడం, స్టంట్లు చేయడం వంటి చర్యలకు పాల్పడితే వాహనాలను సీజ్ చేస్తామని హెచ్చరించారు.\\r\\n\\r\\n\\r\\nమహిళల భద్రత:\\r\\nరంగుల పేరుతో మహిళలను వేధించడం, బలవంతంగా రంగులు పూయడం వంటి చర్యలకు చట్టపరమైన చర్యలు తీసుకుంటామని పేర్కొన్నారు.\\r\\n\\r\\nజలవనరుల వద్ద జాగ్రత్త:\\r\\nహోలీ అనంతరం స్నానాల కోసం చెరువులు, కాలువలు, లోతైన నీటి ప్రాంతాలకు వెళ్లడం ప్రమాదకరమని, అప్రమత్తంగా ఉండాలని సూచించారు.\\r\\n\\r\\n\\r\\nమత సామరస్యాన్ని కాపాడుతూ, ఇతరుల మనోభావాలను గౌరవిస్తూ పండుగ జరుపుకోవాలని ఎస్పీ పేర్కొన్నారు. సోషల్ మీడియాలో అసత్య ప్రచారాలు చేస్తే సైబర్ క్రైమ్ విభాగం నిఘా ఉంచుతుందని తెలిపారు.\\r\\n\\r\\nశాంతి భద్రతలకు విఘాతం కలగకుండా జిల్లా వ్యాప్తంగా పోలీస్ పెట్రోలింగ్ కొనసాగుతుందని ఎస్పీ వెల్లడించారు.\\r\\n\\r\\n\', \'24\', NULL, \'48\', \'105\', \'1772459473_news.jpg\', \'హోలీ వేడుకల్లో అత్యుత్సాహం వద్దు\', \'pending\', \'2026-03-02 13:51:13\', \'2026-03-02 13:51:13\')')
 4 SYSTEMPATH\Database\BaseBuilder.php(2345): CodeIgniter\Database\BaseConnection->query('INSERT INTO `news` (`title`, `slug`, `content`, `category_id`, `sub_category_id`, `district_id`, `mandal_id`, `featured_image`, `meta_description`, `status`, `created_at`, `updated_at`) VALUES (:title:, :slug:, :content:, :category_id:, :sub_category_id:, :district_id:, :mandal_id:, :featured_image:, :meta_description:, :status:, :created_at:, :updated_at:)', [...], false)
 5 SYSTEMPATH\Model.php(356): CodeIgniter\Database\BaseBuilder->insert()
 6 SYSTEMPATH\BaseModel.php(898): CodeIgniter\Model->doInsert([...])
 7 SYSTEMPATH\Model.php(665): CodeIgniter\BaseModel->insert([...], true)
 8 APPPATH\Controllers\Admin\News.php(111): CodeIgniter\Model->insert([...])
 9 SYSTEMPATH\CodeIgniter.php(951): App\Controllers\Admin\News->store()
10 SYSTEMPATH\CodeIgniter.php(497): CodeIgniter\CodeIgniter->runController(Object(App\Controllers\Admin\News))
11 SYSTEMPATH\CodeIgniter.php(340): CodeIgniter\CodeIgniter->handleRequest(null, Object(Config\Cache), false)
12 SYSTEMPATH\Boot.php(417): CodeIgniter\CodeIgniter->run()
13 SYSTEMPATH\Boot.php(68): CodeIgniter\Boot::runCodeIgniter(Object(CodeIgniter\CodeIgniter))
14 FCPATH\index.php(59): CodeIgniter\Boot::bootWeb(Object(Config\Paths))
DEBUG - 2026-03-02 13:55:04 --> Session: Class initialized using 'CodeIgniter\Session\Handlers\FileHandler' driver.
DEBUG - 2026-03-02 13:55:04 --> Session: Class initialized using 'CodeIgniter\Session\Handlers\FileHandler' driver.
CRITICAL - 2026-03-02 13:55:16 --> CodeIgniter\HTTP\Exceptions\BadRequestException: The URI you submitted has disallowed characters: "హోలీ-వేడుకల్లో-అత్యుత్సాహం-వద్దు"
[Method: GET, Route: news/%E0%B0%B9%E0%B1%8B%E0%B0%B2%E0%B1%80-%E0%B0%B5%E0%B1%87%E0%B0%A1%E0%B1%81%E0%B0%95%E0%B0%B2%E0%B1%8D%E0%B0%B2%E0%B1%8B-%E0%B0%85%E0%B0%A4%E0%B1%8D%E0%B0%AF%E0%B1%81%E0%B0%A4%E0%B1%8D%E0%B0%B8%E0%B0%BE%E0%B0%B9%E0%B0%82-%E0%B0%B5%E0%B0%A6%E0%B1%8D%E0%B0%A6%E0%B1%81]
in SYSTEMPATH\Router\Router.php on line 768.
 1 SYSTEMPATH\Router\Router.php(219): CodeIgniter\Router\Router->checkDisallowedChars('news/హోలీ-వేడుకల్లో-అత్యుత్సాహం-వద్దు')
 2 SYSTEMPATH\CodeIgniter.php(829): CodeIgniter\Router\Router->handle('news/హోలీ-వేడుకల్లో-అత్యుత్సాహం-వద్దు')
 3 SYSTEMPATH\CodeIgniter.php(441): CodeIgniter\CodeIgniter->tryToRouteIt(Object(CodeIgniter\Router\RouteCollection))
 4 SYSTEMPATH\CodeIgniter.php(340): CodeIgniter\CodeIgniter->handleRequest(null, Object(Config\Cache), false)
 5 SYSTEMPATH\Boot.php(417): CodeIgniter\CodeIgniter->run()
 6 SYSTEMPATH\Boot.php(68): CodeIgniter\Boot::runCodeIgniter(Object(CodeIgniter\CodeIgniter))
 7 FCPATH\index.php(59): CodeIgniter\Boot::bootWeb(Object(Config\Paths))
CRITICAL - 2026-03-02 13:55:23 --> CodeIgniter\HTTP\Exceptions\BadRequestException: The URI you submitted has disallowed characters: "హోలీ-వేడుకల్లో-అత్యుత్సాహం-వద్దు"
[Method: GET, Route: news/%E0%B0%B9%E0%B1%8B%E0%B0%B2%E0%B1%80-%E0%B0%B5%E0%B1%87%E0%B0%A1%E0%B1%81%E0%B0%95%E0%B0%B2%E0%B1%8D%E0%B0%B2%E0%B1%8B-%E0%B0%85%E0%B0%A4%E0%B1%8D%E0%B0%AF%E0%B1%81%E0%B0%A4%E0%B1%8D%E0%B0%B8%E0%B0%BE%E0%B0%B9%E0%B0%82-%E0%B0%B5%E0%B0%A6%E0%B1%8D%E0%B0%A6%E0%B1%81]
in SYSTEMPATH\Router\Router.php on line 768.
 1 SYSTEMPATH\Router\Router.php(219): CodeIgniter\Router\Router->checkDisallowedChars('news/హోలీ-వేడుకల్లో-అత్యుత్సాహం-వద్దు')
 2 SYSTEMPATH\CodeIgniter.php(829): CodeIgniter\Router\Router->handle('news/హోలీ-వేడుకల్లో-అత్యుత్సాహం-వద్దు')
 3 SYSTEMPATH\CodeIgniter.php(441): CodeIgniter\CodeIgniter->tryToRouteIt(Object(CodeIgniter\Router\RouteCollection))
 4 SYSTEMPATH\CodeIgniter.php(340): CodeIgniter\CodeIgniter->handleRequest(null, Object(Config\Cache), false)
 5 SYSTEMPATH\Boot.php(417): CodeIgniter\CodeIgniter->run()
 6 SYSTEMPATH\Boot.php(68): CodeIgniter\Boot::runCodeIgniter(Object(CodeIgniter\CodeIgniter))
 7 FCPATH\index.php(59): CodeIgniter\Boot::bootWeb(Object(Config\Paths))
DEBUG - 2026-03-02 13:55:25 --> Session: Class initialized using 'CodeIgniter\Session\Handlers\FileHandler' driver.
DEBUG - 2026-03-02 13:55:31 --> Session: Class initialized using 'CodeIgniter\Session\Handlers\FileHandler' driver.
DEBUG - 2026-03-02 13:55:48 --> Session: Class initialized using 'CodeIgniter\Session\Handlers\FileHandler' driver.
DEBUG - 2026-03-02 13:55:51 --> Session: Class initialized using 'CodeIgniter\Session\Handlers\FileHandler' driver.
DEBUG - 2026-03-02 13:57:16 --> Session: Class initialized using 'CodeIgniter\Session\Handlers\FileHandler' driver.
DEBUG - 2026-03-02 13:57:31 --> Session: Class initialized using 'CodeIgniter\Session\Handlers\FileHandler' driver.
DEBUG - 2026-03-02 13:57:33 --> Session: Class initialized using 'CodeIgniter\Session\Handlers\FileHandler' driver.
DEBUG - 2026-03-02 14:00:13 --> Session: Class initialized using 'CodeIgniter\Session\Handlers\FileHandler' driver.
DEBUG - 2026-03-02 14:00:19 --> Session: Class initialized using 'CodeIgniter\Session\Handlers\FileHandler' driver.
DEBUG - 2026-03-02 14:00:22 --> Session: Class initialized using 'CodeIgniter\Session\Handlers\FileHandler' driver.
DEBUG - 2026-03-02 14:00:36 --> Session: Class initialized using 'CodeIgniter\Session\Handlers\FileHandler' driver.
DEBUG - 2026-03-02 14:00:41 --> Session: Class initialized using 'CodeIgniter\Session\Handlers\FileHandler' driver.
DEBUG - 2026-03-02 14:00:46 --> Session: Class initialized using 'CodeIgniter\Session\Handlers\FileHandler' driver.
DEBUG - 2026-03-02 14:00:49 --> Session: Class initialized using 'CodeIgniter\Session\Handlers\FileHandler' driver.
DEBUG - 2026-03-02 14:00:51 --> Session: Class initialized using 'CodeIgniter\Session\Handlers\FileHandler' driver.
DEBUG - 2026-03-02 14:00:53 --> Session: Class initialized using 'CodeIgniter\Session\Handlers\FileHandler' driver.
DEBUG - 2026-03-02 14:01:02 --> Session: Class initialized using 'CodeIgniter\Session\Handlers\FileHandler' driver.
DEBUG - 2026-03-02 14:01:02 --> Session: Class initialized using 'CodeIgniter\Session\Handlers\FileHandler' driver.
DEBUG - 2026-03-02 14:01:05 --> Session: Class initialized using 'CodeIgniter\Session\Handlers\FileHandler' driver.
DEBUG - 2026-03-02 14:01:16 --> Session: Class initialized using 'CodeIgniter\Session\Handlers\FileHandler' driver.
DEBUG - 2026-03-02 14:01:20 --> Session: Class initialized using 'CodeIgniter\Session\Handlers\FileHandler' driver.
DEBUG - 2026-03-02 14:01:49 --> Session: Class initialized using 'CodeIgniter\Session\Handlers\FileHandler' driver.
DEBUG - 2026-03-02 14:01:53 --> Session: Class initialized using 'CodeIgniter\Session\Handlers\FileHandler' driver.
DEBUG - 2026-03-02 14:02:10 --> Session: Class initialized using 'CodeIgniter\Session\Handlers\FileHandler' driver.
DEBUG - 2026-03-02 14:02:10 --> Session: Class initialized using 'CodeIgniter\Session\Handlers\FileHandler' driver.
DEBUG - 2026-03-02 14:02:13 --> Session: Class initialized using 'CodeIgniter\Session\Handlers\FileHandler' driver.
DEBUG - 2026-03-02 14:02:15 --> Session: Class initialized using 'CodeIgniter\Session\Handlers\FileHandler' driver.
DEBUG - 2026-03-02 14:02:17 --> Session: Class initialized using 'CodeIgniter\Session\Handlers\FileHandler' driver.
DEBUG - 2026-03-02 14:02:26 --> Session: Class initialized using 'CodeIgniter\Session\Handlers\FileHandler' driver.
DEBUG - 2026-03-02 14:02:29 --> Session: Class initialized using 'CodeIgniter\Session\Handlers\FileHandler' driver.
DEBUG - 2026-03-02 14:02:31 --> Session: Class initialized using 'CodeIgniter\Session\Handlers\FileHandler' driver.
DEBUG - 2026-03-02 14:02:33 --> Session: Class initialized using 'CodeIgniter\Session\Handlers\FileHandler' driver.
DEBUG - 2026-03-02 14:03:26 --> Session: Class initialized using 'CodeIgniter\Session\Handlers\FileHandler' driver.
DEBUG - 2026-03-02 14:03:26 --> Session: Class initialized using 'CodeIgniter\Session\Handlers\FileHandler' driver.
DEBUG - 2026-03-02 14:03:27 --> Session: Class initialized using 'CodeIgniter\Session\Handlers\FileHandler' driver.
DEBUG - 2026-03-02 14:03:27 --> Session: Class initialized using 'CodeIgniter\Session\Handlers\FileHandler' driver.
DEBUG - 2026-03-02 14:03:27 --> Session: Class initialized using 'CodeIgniter\Session\Handlers\FileHandler' driver.
DEBUG - 2026-03-02 14:03:27 --> Session: Class initialized using 'CodeIgniter\Session\Handlers\FileHandler' driver.
DEBUG - 2026-03-02 14:03:27 --> Session: Class initialized using 'CodeIgniter\Session\Handlers\FileHandler' driver.
DEBUG - 2026-03-02 14:03:29 --> Session: Class initialized using 'CodeIgniter\Session\Handlers\FileHandler' driver.
DEBUG - 2026-03-02 14:03:31 --> Session: Class initialized using 'CodeIgniter\Session\Handlers\FileHandler' driver.
DEBUG - 2026-03-02 14:03:33 --> Session: Class initialized using 'CodeIgniter\Session\Handlers\FileHandler' driver.
DEBUG - 2026-03-02 14:03:36 --> Session: Class initialized using 'CodeIgniter\Session\Handlers\FileHandler' driver.
DEBUG - 2026-03-02 14:03:40 --> Session: Class initialized using 'CodeIgniter\Session\Handlers\FileHandler' driver.
DEBUG - 2026-03-02 14:04:08 --> Session: Class initialized using 'CodeIgniter\Session\Handlers\FileHandler' driver.
DEBUG - 2026-03-02 14:04:55 --> Session: Class initialized using 'CodeIgniter\Session\Handlers\FileHandler' driver.
DEBUG - 2026-03-02 14:10:56 --> Session: Class initialized using 'CodeIgniter\Session\Handlers\FileHandler' driver.
DEBUG - 2026-03-02 14:10:59 --> Session: Class initialized using 'CodeIgniter\Session\Handlers\FileHandler' driver.
DEBUG - 2026-03-02 14:11:04 --> Session: Class initialized using 'CodeIgniter\Session\Handlers\FileHandler' driver.
DEBUG - 2026-03-02 14:13:31 --> Session: Class initialized using 'CodeIgniter\Session\Handlers\FileHandler' driver.
DEBUG - 2026-03-02 14:13:32 --> Session: Class initialized using 'CodeIgniter\Session\Handlers\FileHandler' driver.
DEBUG - 2026-03-02 14:13:56 --> Session: Class initialized using 'CodeIgniter\Session\Handlers\FileHandler' driver.
DEBUG - 2026-03-02 14:14:27 --> Session: Class initialized using 'CodeIgniter\Session\Handlers\FileHandler' driver.
DEBUG - 2026-03-02 14:14:28 --> Session: Class initialized using 'CodeIgniter\Session\Handlers\FileHandler' driver.
DEBUG - 2026-03-02 14:14:31 --> Session: Class initialized using 'CodeIgniter\Session\Handlers\FileHandler' driver.
DEBUG - 2026-03-02 14:14:32 --> Session: Class initialized using 'CodeIgniter\Session\Handlers\FileHandler' driver.
DEBUG - 2026-03-02 14:14:37 --> Session: Class initialized using 'CodeIgniter\Session\Handlers\FileHandler' driver.
DEBUG - 2026-03-02 14:14:37 --> Session: Class initialized using 'CodeIgniter\Session\Handlers\FileHandler' driver.
DEBUG - 2026-03-02 14:14:45 --> Session: Class initialized using 'CodeIgniter\Session\Handlers\FileHandler' driver.
DEBUG - 2026-03-02 14:15:01 --> Session: Class initialized using 'CodeIgniter\Session\Handlers\FileHandler' driver.
DEBUG - 2026-03-02 14:15:05 --> Session: Class initialized using 'CodeIgniter\Session\Handlers\FileHandler' driver.
DEBUG - 2026-03-02 14:15:10 --> Session: Class initialized using 'CodeIgniter\Session\Handlers\FileHandler' driver.
DEBUG - 2026-03-02 14:18:03 --> Session: Class initialized using 'CodeIgniter\Session\Handlers\FileHandler' driver.
DEBUG - 2026-03-02 14:18:39 --> Session: Class initialized using 'CodeIgniter\Session\Handlers\FileHandler' driver.
DEBUG - 2026-03-02 14:18:39 --> Session: Class initialized using 'CodeIgniter\Session\Handlers\FileHandler' driver.
DEBUG - 2026-03-02 14:18:42 --> Session: Class initialized using 'CodeIgniter\Session\Handlers\FileHandler' driver.
DEBUG - 2026-03-02 14:18:42 --> Session: Class initialized using 'CodeIgniter\Session\Handlers\FileHandler' driver.
DEBUG - 2026-03-02 14:18:50 --> Session: Class initialized using 'CodeIgniter\Session\Handlers\FileHandler' driver.
DEBUG - 2026-03-02 14:18:56 --> Session: Class initialized using 'CodeIgniter\Session\Handlers\FileHandler' driver.
DEBUG - 2026-03-02 14:18:59 --> Session: Class initialized using 'CodeIgniter\Session\Handlers\FileHandler' driver.
DEBUG - 2026-03-02 14:19:02 --> Session: Class initialized using 'CodeIgniter\Session\Handlers\FileHandler' driver.
DEBUG - 2026-03-02 14:19:02 --> Session: Class initialized using 'CodeIgniter\Session\Handlers\FileHandler' driver.
CRITICAL - 2026-03-02 14:19:04 --> CodeIgniter\HTTP\Exceptions\BadRequestException: The URI you submitted has disallowed characters: "ధురంధర్-2-ట్రైలర్-అయోమయంలో-ఫ్యాన్స్"
[Method: GET, Route: news/%E0%B0%A7%E0%B1%81%E0%B0%B0%E0%B0%82%E0%B0%A7%E0%B0%B0%E0%B1%8D-2-%E0%B0%9F%E0%B1%8D%E0%B0%B0%E0%B1%88%E0%B0%B2%E0%B0%B0%E0%B1%8D-%E0%B0%85%E0%B0%AF%E0%B1%8B%E0%B0%AE%E0%B0%AF%E0%B0%82%E0%B0%B2%E0%B1%8B-%E0%B0%AB%E0%B1%8D%E0%B0%AF%E0%B0%BE%E0%B0%A8%E0%B1%8D%E0%B0%B8%E0%B1%8D]
in SYSTEMPATH\Router\Router.php on line 768.
 1 SYSTEMPATH\Router\Router.php(219): CodeIgniter\Router\Router->checkDisallowedChars('news/ధురంధర్-2-ట్రైలర్-అయోమయంలో-ఫ్యాన్స్')
 2 SYSTEMPATH\CodeIgniter.php(829): CodeIgniter\Router\Router->handle('news/ధురంధర్-2-ట్రైలర్-అయోమయంలో-ఫ్యాన్స్')
 3 SYSTEMPATH\CodeIgniter.php(441): CodeIgniter\CodeIgniter->tryToRouteIt(Object(CodeIgniter\Router\RouteCollection))
 4 SYSTEMPATH\CodeIgniter.php(340): CodeIgniter\CodeIgniter->handleRequest(null, Object(Config\Cache), false)
 5 SYSTEMPATH\Boot.php(417): CodeIgniter\CodeIgniter->run()
 6 SYSTEMPATH\Boot.php(68): CodeIgniter\Boot::runCodeIgniter(Object(CodeIgniter\CodeIgniter))
 7 FCPATH\index.php(59): CodeIgniter\Boot::bootWeb(Object(Config\Paths))
DEBUG - 2026-03-02 14:19:07 --> Session: Class initialized using 'CodeIgniter\Session\Handlers\FileHandler' driver.
DEBUG - 2026-03-02 14:19:07 --> Session: Class initialized using 'CodeIgniter\Session\Handlers\FileHandler' driver.
DEBUG - 2026-03-02 14:19:11 --> Session: Class initialized using 'CodeIgniter\Session\Handlers\FileHandler' driver.
DEBUG - 2026-03-02 14:19:11 --> Session: Class initialized using 'CodeIgniter\Session\Handlers\FileHandler' driver.
DEBUG - 2026-03-02 14:41:57 --> Session: Class initialized using 'CodeIgniter\Session\Handlers\FileHandler' driver.
DEBUG - 2026-03-02 14:41:57 --> Session: Class initialized using 'CodeIgniter\Session\Handlers\FileHandler' driver.
DEBUG - 2026-03-02 14:46:24 --> Session: Class initialized using 'CodeIgniter\Session\Handlers\FileHandler' driver.
DEBUG - 2026-03-02 14:46:24 --> Session: Class initialized using 'CodeIgniter\Session\Handlers\FileHandler' driver.
DEBUG - 2026-03-02 14:48:31 --> Session: Class initialized using 'CodeIgniter\Session\Handlers\FileHandler' driver.
DEBUG - 2026-03-02 14:48:31 --> Session: Class initialized using 'CodeIgniter\Session\Handlers\FileHandler' driver.
DEBUG - 2026-03-02 14:49:39 --> Session: Class initialized using 'CodeIgniter\Session\Handlers\FileHandler' driver.
DEBUG - 2026-03-02 14:49:39 --> Session: Class initialized using 'CodeIgniter\Session\Handlers\FileHandler' driver.
DEBUG - 2026-03-02 14:50:34 --> Session: Class initialized using 'CodeIgniter\Session\Handlers\FileHandler' driver.
DEBUG - 2026-03-02 14:50:34 --> Session: Class initialized using 'CodeIgniter\Session\Handlers\FileHandler' driver.
DEBUG - 2026-03-02 14:50:41 --> Session: Class initialized using 'CodeIgniter\Session\Handlers\FileHandler' driver.
DEBUG - 2026-03-02 14:50:46 --> Session: Class initialized using 'CodeIgniter\Session\Handlers\FileHandler' driver.
DEBUG - 2026-03-02 14:50:46 --> Session: Class initialized using 'CodeIgniter\Session\Handlers\FileHandler' driver.
DEBUG - 2026-03-02 14:51:12 --> Session: Class initialized using 'CodeIgniter\Session\Handlers\FileHandler' driver.
DEBUG - 2026-03-02 14:51:12 --> Session: Class initialized using 'CodeIgniter\Session\Handlers\FileHandler' driver.
DEBUG - 2026-03-02 14:51:18 --> Session: Class initialized using 'CodeIgniter\Session\Handlers\FileHandler' driver.
DEBUG - 2026-03-02 14:51:21 --> Session: Class initialized using 'CodeIgniter\Session\Handlers\FileHandler' driver.
DEBUG - 2026-03-02 14:51:23 --> Session: Class initialized using 'CodeIgniter\Session\Handlers\FileHandler' driver.
DEBUG - 2026-03-02 14:51:30 --> Session: Class initialized using 'CodeIgniter\Session\Handlers\FileHandler' driver.
DEBUG - 2026-03-02 14:51:30 --> Session: Class initialized using 'CodeIgniter\Session\Handlers\FileHandler' driver.
CRITICAL - 2026-03-02 14:51:33 --> CodeIgniter\HTTP\Exceptions\BadRequestException: The URI you submitted has disallowed characters: "ధురంధర్-2-ట్రైలర్-అయోమయంలో-ఫ్యాన్స్"
[Method: GET, Route: news/%E0%B0%A7%E0%B1%81%E0%B0%B0%E0%B0%82%E0%B0%A7%E0%B0%B0%E0%B1%8D-2-%E0%B0%9F%E0%B1%8D%E0%B0%B0%E0%B1%88%E0%B0%B2%E0%B0%B0%E0%B1%8D-%E0%B0%85%E0%B0%AF%E0%B1%8B%E0%B0%AE%E0%B0%AF%E0%B0%82%E0%B0%B2%E0%B1%8B-%E0%B0%AB%E0%B1%8D%E0%B0%AF%E0%B0%BE%E0%B0%A8%E0%B1%8D%E0%B0%B8%E0%B1%8D]
in SYSTEMPATH\Router\Router.php on line 768.
 1 SYSTEMPATH\Router\Router.php(219): CodeIgniter\Router\Router->checkDisallowedChars('news/ధురంధర్-2-ట్రైలర్-అయోమయంలో-ఫ్యాన్స్')
 2 SYSTEMPATH\CodeIgniter.php(829): CodeIgniter\Router\Router->handle('news/ధురంధర్-2-ట్రైలర్-అయోమయంలో-ఫ్యాన్స్')
 3 SYSTEMPATH\CodeIgniter.php(441): CodeIgniter\CodeIgniter->tryToRouteIt(Object(CodeIgniter\Router\RouteCollection))
 4 SYSTEMPATH\CodeIgniter.php(340): CodeIgniter\CodeIgniter->handleRequest(null, Object(Config\Cache), false)
 5 SYSTEMPATH\Boot.php(417): CodeIgniter\CodeIgniter->run()
 6 SYSTEMPATH\Boot.php(68): CodeIgniter\Boot::runCodeIgniter(Object(CodeIgniter\CodeIgniter))
 7 FCPATH\index.php(59): CodeIgniter\Boot::bootWeb(Object(Config\Paths))
DEBUG - 2026-03-02 14:51:42 --> Session: Class initialized using 'CodeIgniter\Session\Handlers\FileHandler' driver.
DEBUG - 2026-03-02 14:51:52 --> Session: Class initialized using 'CodeIgniter\Session\Handlers\FileHandler' driver.
DEBUG - 2026-03-02 14:51:57 --> Session: Class initialized using 'CodeIgniter\Session\Handlers\FileHandler' driver.
DEBUG - 2026-03-02 14:52:00 --> Session: Class initialized using 'CodeIgniter\Session\Handlers\FileHandler' driver.
DEBUG - 2026-03-02 14:52:04 --> Session: Class initialized using 'CodeIgniter\Session\Handlers\FileHandler' driver.
DEBUG - 2026-03-02 14:55:39 --> Session: Class initialized using 'CodeIgniter\Session\Handlers\FileHandler' driver.
DEBUG - 2026-03-02 14:55:40 --> Session: Class initialized using 'CodeIgniter\Session\Handlers\FileHandler' driver.
DEBUG - 2026-03-02 14:56:43 --> Session: Class initialized using 'CodeIgniter\Session\Handlers\FileHandler' driver.
DEBUG - 2026-03-02 14:56:50 --> Session: Class initialized using 'CodeIgniter\Session\Handlers\FileHandler' driver.
DEBUG - 2026-03-02 14:57:08 --> Session: Class initialized using 'CodeIgniter\Session\Handlers\FileHandler' driver.
DEBUG - 2026-03-02 14:57:08 --> Session: Class initialized using 'CodeIgniter\Session\Handlers\FileHandler' driver.
DEBUG - 2026-03-02 14:57:46 --> Session: Class initialized using 'CodeIgniter\Session\Handlers\FileHandler' driver.
DEBUG - 2026-03-02 14:57:47 --> Session: Class initialized using 'CodeIgniter\Session\Handlers\FileHandler' driver.
DEBUG - 2026-03-02 14:58:16 --> Session: Class initialized using 'CodeIgniter\Session\Handlers\FileHandler' driver.
DEBUG - 2026-03-02 14:58:18 --> Session: Class initialized using 'CodeIgniter\Session\Handlers\FileHandler' driver.
DEBUG - 2026-03-02 14:58:18 --> Session: Class initialized using 'CodeIgniter\Session\Handlers\FileHandler' driver.
DEBUG - 2026-03-02 14:58:21 --> Session: Class initialized using 'CodeIgniter\Session\Handlers\FileHandler' driver.
DEBUG - 2026-03-02 14:58:22 --> Session: Class initialized using 'CodeIgniter\Session\Handlers\FileHandler' driver.
DEBUG - 2026-03-02 14:59:04 --> Session: Class initialized using 'CodeIgniter\Session\Handlers\FileHandler' driver.
DEBUG - 2026-03-02 14:59:06 --> Session: Class initialized using 'CodeIgniter\Session\Handlers\FileHandler' driver.
DEBUG - 2026-03-02 14:59:13 --> Session: Class initialized using 'CodeIgniter\Session\Handlers\FileHandler' driver.
DEBUG - 2026-03-02 14:59:28 --> Session: Class initialized using 'CodeIgniter\Session\Handlers\FileHandler' driver.
DEBUG - 2026-03-02 14:59:28 --> Session: Class initialized using 'CodeIgniter\Session\Handlers\FileHandler' driver.
CRITICAL - 2026-03-02 14:59:31 --> CodeIgniter\HTTP\Exceptions\BadRequestException: The URI you submitted has disallowed characters: "విజయ్-రష్మిక-కీలక-నిర్ణయం-ఆ-విద్యార్థులకు-భారీ-శుభవార్త-సొంతూరికి-కూడా"
[Method: GET, Route: news/%E0%B0%B5%E0%B0%BF%E0%B0%9C%E0%B0%AF%E0%B1%8D-%E0%B0%B0%E0%B0%B7%E0%B1%8D%E0%B0%AE%E0%B0%BF%E0%B0%95-%E0%B0%95%E0%B1%80%E0%B0%B2%E0%B0%95-%E0%B0%A8%E0%B0%BF%E0%B0%B0%E0%B1%8D%E0%B0%A3%E0%B0%AF%E0%B0%82-%E0%B0%86-%E0%B0%B5%E0%B0%BF%E0%B0%A6%E0%B1%8D%E0%B0%AF%E0%B0%BE%E0%B0%B0%E0%B1%8D%E0%B0%A5%E0%B1%81%E0%B0%B2%E0%B0%95%E0%B1%81-%E0%B0%AD%E0%B0%BE%E0%B0%B0%E0%B1%80-%E0%B0%B6%E0%B1%81%E0%B0%AD%E0%B0%B5%E0%B0%BE%E0%B0%B0%E0%B1%8D%E0%B0%A4-%E0%B0%B8%E0%B1%8A%E0%B0%82%E0%B0%A4%E0%B1%82%E0%B0%B0%E0%B0%BF%E0%B0%95%E0%B0%BF-%E0%B0%95%E0%B1%82%E0%B0%A1%E0%B0%BE]
in SYSTEMPATH\Router\Router.php on line 768.
 1 SYSTEMPATH\Router\Router.php(219): CodeIgniter\Router\Router->checkDisallowedChars('news/విజయ్-రష్మిక-కీలక-నిర్ణయం-ఆ-విద్యార్థులకు-భారీ-శుభవార్త-సొంతూరికి-కూడా')
 2 SYSTEMPATH\CodeIgniter.php(829): CodeIgniter\Router\Router->handle('news/విజయ్-రష్మిక-కీలక-నిర్ణయం-ఆ-విద్యార్థులకు-భారీ-శుభవార్త-సొంతూరికి-కూడా')
 3 SYSTEMPATH\CodeIgniter.php(441): CodeIgniter\CodeIgniter->tryToRouteIt(Object(CodeIgniter\Router\RouteCollection))
 4 SYSTEMPATH\CodeIgniter.php(340): CodeIgniter\CodeIgniter->handleRequest(null, Object(Config\Cache), false)
 5 SYSTEMPATH\Boot.php(417): CodeIgniter\CodeIgniter->run()
 6 SYSTEMPATH\Boot.php(68): CodeIgniter\Boot::runCodeIgniter(Object(CodeIgniter\CodeIgniter))
 7 FCPATH\index.php(59): CodeIgniter\Boot::bootWeb(Object(Config\Paths))
DEBUG - 2026-03-02 14:59:34 --> Session: Class initialized using 'CodeIgniter\Session\Handlers\FileHandler' driver.
DEBUG - 2026-03-02 14:59:34 --> Session: Class initialized using 'CodeIgniter\Session\Handlers\FileHandler' driver.
DEBUG - 2026-03-02 14:59:34 --> Session: Class initialized using 'CodeIgniter\Session\Handlers\FileHandler' driver.
DEBUG - 2026-03-02 14:59:35 --> Session: Class initialized using 'CodeIgniter\Session\Handlers\FileHandler' driver.
DEBUG - 2026-03-02 15:00:23 --> Session: Class initialized using 'CodeIgniter\Session\Handlers\FileHandler' driver.
DEBUG - 2026-03-02 15:00:23 --> Session: Class initialized using 'CodeIgniter\Session\Handlers\FileHandler' driver.
DEBUG - 2026-03-02 15:00:49 --> Session: Class initialized using 'CodeIgniter\Session\Handlers\FileHandler' driver.
DEBUG - 2026-03-02 15:00:49 --> Session: Class initialized using 'CodeIgniter\Session\Handlers\FileHandler' driver.
DEBUG - 2026-03-02 15:00:49 --> Session: Class initialized using 'CodeIgniter\Session\Handlers\FileHandler' driver.
DEBUG - 2026-03-02 15:00:49 --> Session: Class initialized using 'CodeIgniter\Session\Handlers\FileHandler' driver.
DEBUG - 2026-03-02 15:00:51 --> Session: Class initialized using 'CodeIgniter\Session\Handlers\FileHandler' driver.
DEBUG - 2026-03-02 15:00:51 --> Session: Class initialized using 'CodeIgniter\Session\Handlers\FileHandler' driver.
DEBUG - 2026-03-02 15:00:54 --> Session: Class initialized using 'CodeIgniter\Session\Handlers\FileHandler' driver.
DEBUG - 2026-03-02 15:01:03 --> Session: Class initialized using 'CodeIgniter\Session\Handlers\FileHandler' driver.
DEBUG - 2026-03-02 15:01:03 --> Session: Class initialized using 'CodeIgniter\Session\Handlers\FileHandler' driver.
DEBUG - 2026-03-02 15:01:04 --> Session: Class initialized using 'CodeIgniter\Session\Handlers\FileHandler' driver.
DEBUG - 2026-03-02 15:01:04 --> Session: Class initialized using 'CodeIgniter\Session\Handlers\FileHandler' driver.
DEBUG - 2026-03-02 15:01:18 --> Session: Class initialized using 'CodeIgniter\Session\Handlers\FileHandler' driver.
DEBUG - 2026-03-02 15:01:18 --> Session: Class initialized using 'CodeIgniter\Session\Handlers\FileHandler' driver.
DEBUG - 2026-03-02 15:01:31 --> Session: Class initialized using 'CodeIgniter\Session\Handlers\FileHandler' driver.
DEBUG - 2026-03-02 15:01:31 --> Session: Class initialized using 'CodeIgniter\Session\Handlers\FileHandler' driver.
DEBUG - 2026-03-02 15:01:32 --> Session: Class initialized using 'CodeIgniter\Session\Handlers\FileHandler' driver.
DEBUG - 2026-03-02 15:01:32 --> Session: Class initialized using 'CodeIgniter\Session\Handlers\FileHandler' driver.
DEBUG - 2026-03-02 15:01:36 --> Session: Class initialized using 'CodeIgniter\Session\Handlers\FileHandler' driver.
DEBUG - 2026-03-02 15:01:45 --> Session: Class initialized using 'CodeIgniter\Session\Handlers\FileHandler' driver.
DEBUG - 2026-03-02 15:01:48 --> Session: Class initialized using 'CodeIgniter\Session\Handlers\FileHandler' driver.
DEBUG - 2026-03-02 15:01:53 --> Session: Class initialized using 'CodeIgniter\Session\Handlers\FileHandler' driver.
DEBUG - 2026-03-02 15:01:53 --> Session: Class initialized using 'CodeIgniter\Session\Handlers\FileHandler' driver.
DEBUG - 2026-03-02 15:02:05 --> Session: Class initialized using 'CodeIgniter\Session\Handlers\FileHandler' driver.
DEBUG - 2026-03-02 15:02:05 --> Session: Class initialized using 'CodeIgniter\Session\Handlers\FileHandler' driver.
DEBUG - 2026-03-02 15:02:05 --> Session: Class initialized using 'CodeIgniter\Session\Handlers\FileHandler' driver.
DEBUG - 2026-03-02 15:02:05 --> Session: Class initialized using 'CodeIgniter\Session\Handlers\FileHandler' driver.
DEBUG - 2026-03-02 15:02:11 --> Session: Class initialized using 'CodeIgniter\Session\Handlers\FileHandler' driver.
DEBUG - 2026-03-02 15:02:14 --> Session: Class initialized using 'CodeIgniter\Session\Handlers\FileHandler' driver.
DEBUG - 2026-03-02 15:02:19 --> Session: Class initialized using 'CodeIgniter\Session\Handlers\FileHandler' driver.
DEBUG - 2026-03-02 15:02:32 --> Session: Class initialized using 'CodeIgniter\Session\Handlers\FileHandler' driver.
DEBUG - 2026-03-02 15:02:32 --> Session: Class initialized using 'CodeIgniter\Session\Handlers\FileHandler' driver.
DEBUG - 2026-03-02 15:02:38 --> Session: Class initialized using 'CodeIgniter\Session\Handlers\FileHandler' driver.
DEBUG - 2026-03-02 15:02:38 --> Session: Class initialized using 'CodeIgniter\Session\Handlers\FileHandler' driver.
DEBUG - 2026-03-02 15:02:41 --> Session: Class initialized using 'CodeIgniter\Session\Handlers\FileHandler' driver.
DEBUG - 2026-03-02 15:02:55 --> Session: Class initialized using 'CodeIgniter\Session\Handlers\FileHandler' driver.
DEBUG - 2026-03-02 15:02:55 --> Session: Class initialized using 'CodeIgniter\Session\Handlers\FileHandler' driver.
DEBUG - 2026-03-02 15:02:55 --> Session: Class initialized using 'CodeIgniter\Session\Handlers\FileHandler' driver.
DEBUG - 2026-03-02 15:02:55 --> Session: Class initialized using 'CodeIgniter\Session\Handlers\FileHandler' driver.
DEBUG - 2026-03-02 15:03:13 --> Session: Class initialized using 'CodeIgniter\Session\Handlers\FileHandler' driver.
DEBUG - 2026-03-02 15:03:55 --> Session: Class initialized using 'CodeIgniter\Session\Handlers\FileHandler' driver.
DEBUG - 2026-03-02 15:04:02 --> Session: Class initialized using 'CodeIgniter\Session\Handlers\FileHandler' driver.
DEBUG - 2026-03-02 15:04:02 --> Session: Class initialized using 'CodeIgniter\Session\Handlers\FileHandler' driver.
DEBUG - 2026-03-02 15:05:54 --> Session: Class initialized using 'CodeIgniter\Session\Handlers\FileHandler' driver.
DEBUG - 2026-03-02 15:05:59 --> Session: Class initialized using 'CodeIgniter\Session\Handlers\FileHandler' driver.
DEBUG - 2026-03-02 15:05:59 --> Session: Class initialized using 'CodeIgniter\Session\Handlers\FileHandler' driver.
DEBUG - 2026-03-02 15:06:02 --> Session: Class initialized using 'CodeIgniter\Session\Handlers\FileHandler' driver.
CRITICAL - 2026-03-02 15:08:27 --> ParseError: syntax error, unexpected single-quoted string "featured_image", expecting "]"
[Method: GET, Route: admin/news/edit/2152]
in APPPATH\Controllers\Admin\News.php on line 172.
 1 VENDORPATH\composer\ClassLoader.php(427): Composer\Autoload\{closure}('E:\\Development Tools\\Xampp\\htdocs\\NToday-News\\vendor\\composer/../../app\\Controllers\\Admin\\News.php')
 2 [internal function]: Composer\Autoload\ClassLoader->loadClass('App\\Controllers\\Admin\\News')
 3 SYSTEMPATH\Router\Router.php(792): class_exists('\\App\\Controllers\\Admin\\News')
 4 SYSTEMPATH\Router\Router.php(230): CodeIgniter\Router\Router->processRouteAttributes()
 5 SYSTEMPATH\CodeIgniter.php(829): CodeIgniter\Router\Router->handle('admin/news/edit/2152')
 6 SYSTEMPATH\CodeIgniter.php(441): CodeIgniter\CodeIgniter->tryToRouteIt(Object(CodeIgniter\Router\RouteCollection))
 7 SYSTEMPATH\CodeIgniter.php(340): CodeIgniter\CodeIgniter->handleRequest(null, Object(Config\Cache), false)
 8 SYSTEMPATH\Boot.php(417): CodeIgniter\CodeIgniter->run()
 9 SYSTEMPATH\Boot.php(68): CodeIgniter\Boot::runCodeIgniter(Object(CodeIgniter\CodeIgniter))
10 FCPATH\index.php(59): CodeIgniter\Boot::bootWeb(Object(Config\Paths))
DEBUG - 2026-03-02 15:08:44 --> Session: Class initialized using 'CodeIgniter\Session\Handlers\FileHandler' driver.
DEBUG - 2026-03-02 15:08:45 --> Session: Class initialized using 'CodeIgniter\Session\Handlers\FileHandler' driver.
DEBUG - 2026-03-02 15:09:08 --> Session: Class initialized using 'CodeIgniter\Session\Handlers\FileHandler' driver.
DEBUG - 2026-03-02 15:09:10 --> Session: Class initialized using 'CodeIgniter\Session\Handlers\FileHandler' driver.
DEBUG - 2026-03-02 15:09:10 --> Session: Class initialized using 'CodeIgniter\Session\Handlers\FileHandler' driver.
DEBUG - 2026-03-02 15:09:16 --> Session: Class initialized using 'CodeIgniter\Session\Handlers\FileHandler' driver.
DEBUG - 2026-03-02 15:09:16 --> Session: Class initialized using 'CodeIgniter\Session\Handlers\FileHandler' driver.
DEBUG - 2026-03-02 15:12:28 --> Session: Class initialized using 'CodeIgniter\Session\Handlers\FileHandler' driver.
DEBUG - 2026-03-02 15:12:35 --> Session: Class initialized using 'CodeIgniter\Session\Handlers\FileHandler' driver.
DEBUG - 2026-03-02 15:12:35 --> Session: Class initialized using 'CodeIgniter\Session\Handlers\FileHandler' driver.
DEBUG - 2026-03-02 15:12:35 --> Session: Class initialized using 'CodeIgniter\Session\Handlers\FileHandler' driver.
DEBUG - 2026-03-02 15:12:35 --> Session: Class initialized using 'CodeIgniter\Session\Handlers\FileHandler' driver.
DEBUG - 2026-03-02 15:12:39 --> Session: Class initialized using 'CodeIgniter\Session\Handlers\FileHandler' driver.
DEBUG - 2026-03-02 15:12:39 --> Session: Class initialized using 'CodeIgniter\Session\Handlers\FileHandler' driver.
DEBUG - 2026-03-02 15:13:39 --> Session: Class initialized using 'CodeIgniter\Session\Handlers\FileHandler' driver.
DEBUG - 2026-03-02 15:13:39 --> Session: Class initialized using 'CodeIgniter\Session\Handlers\FileHandler' driver.
DEBUG - 2026-03-02 15:13:39 --> Session: Class initialized using 'CodeIgniter\Session\Handlers\FileHandler' driver.
DEBUG - 2026-03-02 15:13:39 --> Session: Class initialized using 'CodeIgniter\Session\Handlers\FileHandler' driver.
DEBUG - 2026-03-02 15:13:52 --> Session: Class initialized using 'CodeIgniter\Session\Handlers\FileHandler' driver.
DEBUG - 2026-03-02 15:13:52 --> Session: Class initialized using 'CodeIgniter\Session\Handlers\FileHandler' driver.
DEBUG - 2026-03-02 15:13:54 --> Session: Class initialized using 'CodeIgniter\Session\Handlers\FileHandler' driver.
DEBUG - 2026-03-02 15:13:54 --> Session: Class initialized using 'CodeIgniter\Session\Handlers\FileHandler' driver.
DEBUG - 2026-03-02 15:13:54 --> Session: Class initialized using 'CodeIgniter\Session\Handlers\FileHandler' driver.
DEBUG - 2026-03-02 15:13:54 --> Session: Class initialized using 'CodeIgniter\Session\Handlers\FileHandler' driver.
DEBUG - 2026-03-02 15:23:14 --> Session: Class initialized using 'CodeIgniter\Session\Handlers\FileHandler' driver.
DEBUG - 2026-03-02 15:23:14 --> Session: Class initialized using 'CodeIgniter\Session\Handlers\FileHandler' driver.
DEBUG - 2026-03-02 15:23:14 --> Session: Class initialized using 'CodeIgniter\Session\Handlers\FileHandler' driver.
DEBUG - 2026-03-02 15:23:14 --> Session: Class initialized using 'CodeIgniter\Session\Handlers\FileHandler' driver.
DEBUG - 2026-03-02 15:23:51 --> Session: Class initialized using 'CodeIgniter\Session\Handlers\FileHandler' driver.
DEBUG - 2026-03-02 15:23:51 --> Session: Class initialized using 'CodeIgniter\Session\Handlers\FileHandler' driver.
DEBUG - 2026-03-02 15:23:52 --> Session: Class initialized using 'CodeIgniter\Session\Handlers\FileHandler' driver.
DEBUG - 2026-03-02 15:23:52 --> Session: Class initialized using 'CodeIgniter\Session\Handlers\FileHandler' driver.
DEBUG - 2026-03-02 15:23:52 --> Session: Class initialized using 'CodeIgniter\Session\Handlers\FileHandler' driver.
DEBUG - 2026-03-02 15:23:52 --> Session: Class initialized using 'CodeIgniter\Session\Handlers\FileHandler' driver.
DEBUG - 2026-03-02 15:23:52 --> Session: Class initialized using 'CodeIgniter\Session\Handlers\FileHandler' driver.
DEBUG - 2026-03-02 15:23:52 --> Session: Class initialized using 'CodeIgniter\Session\Handlers\FileHandler' driver.
DEBUG - 2026-03-02 15:23:56 --> Session: Class initialized using 'CodeIgniter\Session\Handlers\FileHandler' driver.
DEBUG - 2026-03-02 15:23:57 --> Session: Class initialized using 'CodeIgniter\Session\Handlers\FileHandler' driver.
DEBUG - 2026-03-02 15:24:00 --> Session: Class initialized using 'CodeIgniter\Session\Handlers\FileHandler' driver.
DEBUG - 2026-03-02 15:24:00 --> Session: Class initialized using 'CodeIgniter\Session\Handlers\FileHandler' driver.
DEBUG - 2026-03-02 15:24:06 --> Session: Class initialized using 'CodeIgniter\Session\Handlers\FileHandler' driver.
DEBUG - 2026-03-02 15:24:06 --> Session: Class initialized using 'CodeIgniter\Session\Handlers\FileHandler' driver.
DEBUG - 2026-03-02 15:24:09 --> Session: Class initialized using 'CodeIgniter\Session\Handlers\FileHandler' driver.
DEBUG - 2026-03-02 15:27:33 --> Session: Class initialized using 'CodeIgniter\Session\Handlers\FileHandler' driver.
DEBUG - 2026-03-02 15:27:41 --> Session: Class initialized using 'CodeIgniter\Session\Handlers\FileHandler' driver.
DEBUG - 2026-03-02 15:27:41 --> Session: Class initialized using 'CodeIgniter\Session\Handlers\FileHandler' driver.
DEBUG - 2026-03-02 15:27:41 --> Session: Class initialized using 'CodeIgniter\Session\Handlers\FileHandler' driver.
DEBUG - 2026-03-02 15:27:42 --> Session: Class initialized using 'CodeIgniter\Session\Handlers\FileHandler' driver.
DEBUG - 2026-03-02 15:27:43 --> Session: Class initialized using 'CodeIgniter\Session\Handlers\FileHandler' driver.
DEBUG - 2026-03-02 15:27:43 --> Session: Class initialized using 'CodeIgniter\Session\Handlers\FileHandler' driver.
DEBUG - 2026-03-02 15:27:43 --> Session: Class initialized using 'CodeIgniter\Session\Handlers\FileHandler' driver.
DEBUG - 2026-03-02 15:27:43 --> Session: Class initialized using 'CodeIgniter\Session\Handlers\FileHandler' driver.
DEBUG - 2026-03-02 15:27:45 --> Session: Class initialized using 'CodeIgniter\Session\Handlers\FileHandler' driver.
DEBUG - 2026-03-02 15:32:30 --> Session: Class initialized using 'CodeIgniter\Session\Handlers\FileHandler' driver.
DEBUG - 2026-03-02 15:32:31 --> Session: Class initialized using 'CodeIgniter\Session\Handlers\FileHandler' driver.
DEBUG - 2026-03-02 15:32:31 --> Session: Class initialized using 'CodeIgniter\Session\Handlers\FileHandler' driver.
DEBUG - 2026-03-02 15:32:31 --> Session: Class initialized using 'CodeIgniter\Session\Handlers\FileHandler' driver.
DEBUG - 2026-03-02 15:32:33 --> Session: Class initialized using 'CodeIgniter\Session\Handlers\FileHandler' driver.
DEBUG - 2026-03-02 15:32:33 --> Session: Class initialized using 'CodeIgniter\Session\Handlers\FileHandler' driver.
DEBUG - 2026-03-02 15:32:33 --> Session: Class initialized using 'CodeIgniter\Session\Handlers\FileHandler' driver.
DEBUG - 2026-03-02 15:32:33 --> Session: Class initialized using 'CodeIgniter\Session\Handlers\FileHandler' driver.
DEBUG - 2026-03-02 15:32:50 --> Session: Class initialized using 'CodeIgniter\Session\Handlers\FileHandler' driver.
DEBUG - 2026-03-02 15:36:09 --> Session: Class initialized using 'CodeIgniter\Session\Handlers\FileHandler' driver.
DEBUG - 2026-03-02 15:36:27 --> Session: Class initialized using 'CodeIgniter\Session\Handlers\FileHandler' driver.
DEBUG - 2026-03-02 15:36:31 --> Session: Class initialized using 'CodeIgniter\Session\Handlers\FileHandler' driver.
DEBUG - 2026-03-02 15:36:41 --> Session: Class initialized using 'CodeIgniter\Session\Handlers\FileHandler' driver.
DEBUG - 2026-03-02 15:36:43 --> Session: Class initialized using 'CodeIgniter\Session\Handlers\FileHandler' driver.
DEBUG - 2026-03-02 15:36:51 --> Session: Class initialized using 'CodeIgniter\Session\Handlers\FileHandler' driver.
DEBUG - 2026-03-02 15:36:55 --> Session: Class initialized using 'CodeIgniter\Session\Handlers\FileHandler' driver.
DEBUG - 2026-03-02 15:36:56 --> Session: Class initialized using 'CodeIgniter\Session\Handlers\FileHandler' driver.
CRITICAL - 2026-03-02 15:37:03 --> CodeIgniter\HTTP\Exceptions\BadRequestException: The URI you submitted has disallowed characters: "విజయ్-రష్మిక-కీలక-నిర్ణయం-ఆ-విద్యార్థులకు-భారీ-శుభవార్త-సొంతూరికి-కూడా"
[Method: GET, Route: news/%E0%B0%B5%E0%B0%BF%E0%B0%9C%E0%B0%AF%E0%B1%8D-%E0%B0%B0%E0%B0%B7%E0%B1%8D%E0%B0%AE%E0%B0%BF%E0%B0%95-%E0%B0%95%E0%B1%80%E0%B0%B2%E0%B0%95-%E0%B0%A8%E0%B0%BF%E0%B0%B0%E0%B1%8D%E0%B0%A3%E0%B0%AF%E0%B0%82-%E0%B0%86-%E0%B0%B5%E0%B0%BF%E0%B0%A6%E0%B1%8D%E0%B0%AF%E0%B0%BE%E0%B0%B0%E0%B1%8D%E0%B0%A5%E0%B1%81%E0%B0%B2%E0%B0%95%E0%B1%81-%E0%B0%AD%E0%B0%BE%E0%B0%B0%E0%B1%80-%E0%B0%B6%E0%B1%81%E0%B0%AD%E0%B0%B5%E0%B0%BE%E0%B0%B0%E0%B1%8D%E0%B0%A4-%E0%B0%B8%E0%B1%8A%E0%B0%82%E0%B0%A4%E0%B1%82%E0%B0%B0%E0%B0%BF%E0%B0%95%E0%B0%BF-%E0%B0%95%E0%B1%82%E0%B0%A1%E0%B0%BE]
in SYSTEMPATH\Router\Router.php on line 768.
 1 SYSTEMPATH\Router\Router.php(219): CodeIgniter\Router\Router->checkDisallowedChars('news/విజయ్-రష్మిక-కీలక-నిర్ణయం-ఆ-విద్యార్థులకు-భారీ-శుభవార్త-సొంతూరికి-కూడా')
 2 SYSTEMPATH\CodeIgniter.php(829): CodeIgniter\Router\Router->handle('news/విజయ్-రష్మిక-కీలక-నిర్ణయం-ఆ-విద్యార్థులకు-భారీ-శుభవార్త-సొంతూరికి-కూడా')
 3 SYSTEMPATH\CodeIgniter.php(441): CodeIgniter\CodeIgniter->tryToRouteIt(Object(CodeIgniter\Router\RouteCollection))
 4 SYSTEMPATH\CodeIgniter.php(340): CodeIgniter\CodeIgniter->handleRequest(null, Object(Config\Cache), false)
 5 SYSTEMPATH\Boot.php(417): CodeIgniter\CodeIgniter->run()
 6 SYSTEMPATH\Boot.php(68): CodeIgniter\Boot::runCodeIgniter(Object(CodeIgniter\CodeIgniter))
 7 FCPATH\index.php(59): CodeIgniter\Boot::bootWeb(Object(Config\Paths))
DEBUG - 2026-03-02 15:37:11 --> Session: Class initialized using 'CodeIgniter\Session\Handlers\FileHandler' driver.
DEBUG - 2026-03-02 15:37:11 --> Session: Class initialized using 'CodeIgniter\Session\Handlers\FileHandler' driver.
CRITICAL - 2026-03-02 15:37:17 --> CodeIgniter\HTTP\Exceptions\BadRequestException: The URI you submitted has disallowed characters: "విజయ్-రష్మిక-కీలక-నిర్ణయం-ఆ-విద్యార్థులకు-భారీ-శుభవార్త-సొంతూరికి-కూడా"
[Method: GET, Route: news/%E0%B0%B5%E0%B0%BF%E0%B0%9C%E0%B0%AF%E0%B1%8D-%E0%B0%B0%E0%B0%B7%E0%B1%8D%E0%B0%AE%E0%B0%BF%E0%B0%95-%E0%B0%95%E0%B1%80%E0%B0%B2%E0%B0%95-%E0%B0%A8%E0%B0%BF%E0%B0%B0%E0%B1%8D%E0%B0%A3%E0%B0%AF%E0%B0%82-%E0%B0%86-%E0%B0%B5%E0%B0%BF%E0%B0%A6%E0%B1%8D%E0%B0%AF%E0%B0%BE%E0%B0%B0%E0%B1%8D%E0%B0%A5%E0%B1%81%E0%B0%B2%E0%B0%95%E0%B1%81-%E0%B0%AD%E0%B0%BE%E0%B0%B0%E0%B1%80-%E0%B0%B6%E0%B1%81%E0%B0%AD%E0%B0%B5%E0%B0%BE%E0%B0%B0%E0%B1%8D%E0%B0%A4-%E0%B0%B8%E0%B1%8A%E0%B0%82%E0%B0%A4%E0%B1%82%E0%B0%B0%E0%B0%BF%E0%B0%95%E0%B0%BF-%E0%B0%95%E0%B1%82%E0%B0%A1%E0%B0%BE]
in SYSTEMPATH\Router\Router.php on line 768.
 1 SYSTEMPATH\Router\Router.php(219): CodeIgniter\Router\Router->checkDisallowedChars('news/విజయ్-రష్మిక-కీలక-నిర్ణయం-ఆ-విద్యార్థులకు-భారీ-శుభవార్త-సొంతూరికి-కూడా')
 2 SYSTEMPATH\CodeIgniter.php(829): CodeIgniter\Router\Router->handle('news/విజయ్-రష్మిక-కీలక-నిర్ణయం-ఆ-విద్యార్థులకు-భారీ-శుభవార్త-సొంతూరికి-కూడా')
 3 SYSTEMPATH\CodeIgniter.php(441): CodeIgniter\CodeIgniter->tryToRouteIt(Object(CodeIgniter\Router\RouteCollection))
 4 SYSTEMPATH\CodeIgniter.php(340): CodeIgniter\CodeIgniter->handleRequest(null, Object(Config\Cache), false)
 5 SYSTEMPATH\Boot.php(417): CodeIgniter\CodeIgniter->run()
 6 SYSTEMPATH\Boot.php(68): CodeIgniter\Boot::runCodeIgniter(Object(CodeIgniter\CodeIgniter))
 7 FCPATH\index.php(59): CodeIgniter\Boot::bootWeb(Object(Config\Paths))
DEBUG - 2026-03-02 15:37:58 --> Session: Class initialized using 'CodeIgniter\Session\Handlers\FileHandler' driver.
DEBUG - 2026-03-02 15:37:59 --> Session: Class initialized using 'CodeIgniter\Session\Handlers\FileHandler' driver.
DEBUG - 2026-03-02 15:40:46 --> Session: Class initialized using 'CodeIgniter\Session\Handlers\FileHandler' driver.
DEBUG - 2026-03-02 15:40:54 --> Session: Class initialized using 'CodeIgniter\Session\Handlers\FileHandler' driver.
DEBUG - 2026-03-02 15:44:15 --> Session: Class initialized using 'CodeIgniter\Session\Handlers\FileHandler' driver.
CRITICAL - 2026-03-02 15:44:16 --> ErrorException: Undefined array key "IsActive"
[Method: GET, Route: /]
in APPPATH\Views\frontend\home.php on line 111.
 1 APPPATH\Views\frontend\home.php(111): CodeIgniter\Debug\Exceptions->errorHandler(2, 'Undefined array key "IsActive"', 'E:\\Development Tools\\Xampp\\htdocs\\NToday-News\\app\\Views\\frontend\\home.php', 111)
 2 SYSTEMPATH\View\View.php(238): include('E:\\Development Tools\\Xampp\\htdocs\\NToday-News\\app\\Views\\frontend\\home.php')
 3 SYSTEMPATH\View\View.php(241): CodeIgniter\View\View->CodeIgniter\View\{closure}()
 4 SYSTEMPATH\Common.php(1250): CodeIgniter\View\View->render('frontend/home', [], true)
 5 APPPATH\Controllers\Home.php(52): view('frontend/home', [...])
 6 SYSTEMPATH\CodeIgniter.php(951): App\Controllers\Home->index()
 7 SYSTEMPATH\CodeIgniter.php(497): CodeIgniter\CodeIgniter->runController(Object(App\Controllers\Home))
 8 SYSTEMPATH\CodeIgniter.php(340): CodeIgniter\CodeIgniter->handleRequest(null, Object(Config\Cache), false)
 9 SYSTEMPATH\Boot.php(417): CodeIgniter\CodeIgniter->run()
10 SYSTEMPATH\Boot.php(68): CodeIgniter\Boot::runCodeIgniter(Object(CodeIgniter\CodeIgniter))
11 FCPATH\index.php(59): CodeIgniter\Boot::bootWeb(Object(Config\Paths))
CRITICAL - 2026-03-02 15:44:20 --> ErrorException: Undefined array key "IsActive"
[Method: GET, Route: /]
in APPPATH\Views\frontend\home.php on line 111.
 1 APPPATH\Views\frontend\home.php(111): CodeIgniter\Debug\Exceptions->errorHandler(2, 'Undefined array key "IsActive"', 'E:\\Development Tools\\Xampp\\htdocs\\NToday-News\\app\\Views\\frontend\\home.php', 111)
 2 SYSTEMPATH\View\View.php(238): include('E:\\Development Tools\\Xampp\\htdocs\\NToday-News\\app\\Views\\frontend\\home.php')
 3 SYSTEMPATH\View\View.php(241): CodeIgniter\View\View->CodeIgniter\View\{closure}()
 4 SYSTEMPATH\Common.php(1250): CodeIgniter\View\View->render('frontend/home', [], true)
 5 APPPATH\Controllers\Home.php(52): view('frontend/home', [...])
 6 SYSTEMPATH\CodeIgniter.php(951): App\Controllers\Home->index()
 7 SYSTEMPATH\CodeIgniter.php(497): CodeIgniter\CodeIgniter->runController(Object(App\Controllers\Home))
 8 SYSTEMPATH\CodeIgniter.php(340): CodeIgniter\CodeIgniter->handleRequest(null, Object(Config\Cache), false)
 9 SYSTEMPATH\Boot.php(417): CodeIgniter\CodeIgniter->run()
10 SYSTEMPATH\Boot.php(68): CodeIgniter\Boot::runCodeIgniter(Object(CodeIgniter\CodeIgniter))
11 FCPATH\index.php(59): CodeIgniter\Boot::bootWeb(Object(Config\Paths))
DEBUG - 2026-03-02 15:44:52 --> Session: Class initialized using 'CodeIgniter\Session\Handlers\FileHandler' driver.
DEBUG - 2026-03-02 15:47:17 --> Session: Class initialized using 'CodeIgniter\Session\Handlers\FileHandler' driver.
DEBUG - 2026-03-02 15:49:27 --> Session: Class initialized using 'CodeIgniter\Session\Handlers\FileHandler' driver.
DEBUG - 2026-03-02 15:55:59 --> Session: Class initialized using 'CodeIgniter\Session\Handlers\FileHandler' driver.
CRITICAL - 2026-03-02 15:56:04 --> ErrorException: Undefined variable $categories
[Method: GET, Route: news/shakhira-sing-song]
in APPPATH\Views\frontend\includes\header.php on line 106.
 1 APPPATH\Views\frontend\includes\header.php(106): CodeIgniter\Debug\Exceptions->errorHandler(2, 'Undefined variable $categories', 'E:\\Development Tools\\Xampp\\htdocs\\NToday-News\\app\\Views\\frontend\\includes\\header.php', 106)
 2 SYSTEMPATH\View\View.php(238): include('E:\\Development Tools\\Xampp\\htdocs\\NToday-News\\app\\Views\\frontend\\includes\\header.php')
 3 SYSTEMPATH\View\View.php(241): CodeIgniter\View\View->CodeIgniter\View\{closure}()
 4 SYSTEMPATH\Common.php(1250): CodeIgniter\View\View->render('frontend/includes/header', [], true)
 5 APPPATH\Views\frontend\single_news.php(1): view('frontend/includes/header', [...])
 6 SYSTEMPATH\View\View.php(238): include('E:\\Development Tools\\Xampp\\htdocs\\NToday-News\\app\\Views\\frontend\\single_news.php')
 7 SYSTEMPATH\View\View.php(241): CodeIgniter\View\View->CodeIgniter\View\{closure}()
 8 SYSTEMPATH\Common.php(1250): CodeIgniter\View\View->render('frontend/single_news', [], true)
 9 APPPATH\Controllers\Home.php(137): view('frontend/single_news', [...])
10 SYSTEMPATH\CodeIgniter.php(951): App\Controllers\Home->view('shakhira-sing-song')
11 SYSTEMPATH\CodeIgniter.php(497): CodeIgniter\CodeIgniter->runController(Object(App\Controllers\Home))
12 SYSTEMPATH\CodeIgniter.php(340): CodeIgniter\CodeIgniter->handleRequest(null, Object(Config\Cache), false)
13 SYSTEMPATH\Boot.php(417): CodeIgniter\CodeIgniter->run()
14 SYSTEMPATH\Boot.php(68): CodeIgniter\Boot::runCodeIgniter(Object(CodeIgniter\CodeIgniter))
15 FCPATH\index.php(59): CodeIgniter\Boot::bootWeb(Object(Config\Paths))
CRITICAL - 2026-03-02 15:56:05 --> ErrorException: Undefined variable $categories
[Method: GET, Route: news/shakhira-sing-song]
in APPPATH\Views\frontend\includes\header.php on line 106.
 1 APPPATH\Views\frontend\includes\header.php(106): CodeIgniter\Debug\Exceptions->errorHandler(2, 'Undefined variable $categories', 'E:\\Development Tools\\Xampp\\htdocs\\NToday-News\\app\\Views\\frontend\\includes\\header.php', 106)
 2 SYSTEMPATH\View\View.php(238): include('E:\\Development Tools\\Xampp\\htdocs\\NToday-News\\app\\Views\\frontend\\includes\\header.php')
 3 SYSTEMPATH\View\View.php(241): CodeIgniter\View\View->CodeIgniter\View\{closure}()
 4 SYSTEMPATH\Common.php(1250): CodeIgniter\View\View->render('frontend/includes/header', [], true)
 5 APPPATH\Views\frontend\single_news.php(1): view('frontend/includes/header', [...])
 6 SYSTEMPATH\View\View.php(238): include('E:\\Development Tools\\Xampp\\htdocs\\NToday-News\\app\\Views\\frontend\\single_news.php')
 7 SYSTEMPATH\View\View.php(241): CodeIgniter\View\View->CodeIgniter\View\{closure}()
 8 SYSTEMPATH\Common.php(1250): CodeIgniter\View\View->render('frontend/single_news', [], true)
 9 APPPATH\Controllers\Home.php(137): view('frontend/single_news', [...])
10 SYSTEMPATH\CodeIgniter.php(951): App\Controllers\Home->view('shakhira-sing-song')
11 SYSTEMPATH\CodeIgniter.php(497): CodeIgniter\CodeIgniter->runController(Object(App\Controllers\Home))
12 SYSTEMPATH\CodeIgniter.php(340): CodeIgniter\CodeIgniter->handleRequest(null, Object(Config\Cache), false)
13 SYSTEMPATH\Boot.php(417): CodeIgniter\CodeIgniter->run()
14 SYSTEMPATH\Boot.php(68): CodeIgniter\Boot::runCodeIgniter(Object(CodeIgniter\CodeIgniter))
15 FCPATH\index.php(59): CodeIgniter\Boot::bootWeb(Object(Config\Paths))
DEBUG - 2026-03-02 15:56:24 --> Session: Class initialized using 'CodeIgniter\Session\Handlers\FileHandler' driver.
DEBUG - 2026-03-02 15:58:50 --> Session: Class initialized using 'CodeIgniter\Session\Handlers\FileHandler' driver.
DEBUG - 2026-03-02 15:59:59 --> Session: Class initialized using 'CodeIgniter\Session\Handlers\FileHandler' driver.
DEBUG - 2026-03-02 16:02:05 --> Session: Class initialized using 'CodeIgniter\Session\Handlers\FileHandler' driver.
DEBUG - 2026-03-02 16:02:30 --> Session: Class initialized using 'CodeIgniter\Session\Handlers\FileHandler' driver.
DEBUG - 2026-03-02 16:02:53 --> Session: Class initialized using 'CodeIgniter\Session\Handlers\FileHandler' driver.
DEBUG - 2026-03-02 16:03:14 --> Session: Class initialized using 'CodeIgniter\Session\Handlers\FileHandler' driver.
DEBUG - 2026-03-02 16:04:30 --> Session: Class initialized using 'CodeIgniter\Session\Handlers\FileHandler' driver.
DEBUG - 2026-03-02 16:04:50 --> Session: Class initialized using 'CodeIgniter\Session\Handlers\FileHandler' driver.
DEBUG - 2026-03-02 16:05:15 --> Session: Class initialized using 'CodeIgniter\Session\Handlers\FileHandler' driver.
DEBUG - 2026-03-02 16:09:15 --> Session: Class initialized using 'CodeIgniter\Session\Handlers\FileHandler' driver.
DEBUG - 2026-03-02 16:09:28 --> Session: Class initialized using 'CodeIgniter\Session\Handlers\FileHandler' driver.
DEBUG - 2026-03-02 16:10:07 --> Session: Class initialized using 'CodeIgniter\Session\Handlers\FileHandler' driver.
DEBUG - 2026-03-02 16:10:10 --> Session: Class initialized using 'CodeIgniter\Session\Handlers\FileHandler' driver.
DEBUG - 2026-03-02 16:10:12 --> Session: Class initialized using 'CodeIgniter\Session\Handlers\FileHandler' driver.
DEBUG - 2026-03-02 16:10:15 --> Session: Class initialized using 'CodeIgniter\Session\Handlers\FileHandler' driver.
DEBUG - 2026-03-02 16:10:26 --> Session: Class initialized using 'CodeIgniter\Session\Handlers\FileHandler' driver.
DEBUG - 2026-03-02 16:10:29 --> Session: Class initialized using 'CodeIgniter\Session\Handlers\FileHandler' driver.
DEBUG - 2026-03-02 16:10:32 --> Session: Class initialized using 'CodeIgniter\Session\Handlers\FileHandler' driver.
DEBUG - 2026-03-02 16:10:45 --> Session: Class initialized using 'CodeIgniter\Session\Handlers\FileHandler' driver.
DEBUG - 2026-03-02 16:10:48 --> Session: Class initialized using 'CodeIgniter\Session\Handlers\FileHandler' driver.
DEBUG - 2026-03-02 16:10:51 --> Session: Class initialized using 'CodeIgniter\Session\Handlers\FileHandler' driver.
DEBUG - 2026-03-02 16:11:00 --> Session: Class initialized using 'CodeIgniter\Session\Handlers\FileHandler' driver.
DEBUG - 2026-03-02 16:14:39 --> Session: Class initialized using 'CodeIgniter\Session\Handlers\FileHandler' driver.
DEBUG - 2026-03-02 16:14:47 --> Session: Class initialized using 'CodeIgniter\Session\Handlers\FileHandler' driver.
DEBUG - 2026-03-02 16:14:49 --> Session: Class initialized using 'CodeIgniter\Session\Handlers\FileHandler' driver.
DEBUG - 2026-03-02 16:14:52 --> Session: Class initialized using 'CodeIgniter\Session\Handlers\FileHandler' driver.
DEBUG - 2026-03-02 16:14:54 --> Session: Class initialized using 'CodeIgniter\Session\Handlers\FileHandler' driver.
DEBUG - 2026-03-02 16:15:11 --> Session: Class initialized using 'CodeIgniter\Session\Handlers\FileHandler' driver.
DEBUG - 2026-03-02 16:15:12 --> Session: Class initialized using 'CodeIgniter\Session\Handlers\FileHandler' driver.
DEBUG - 2026-03-02 16:15:16 --> Session: Class initialized using 'CodeIgniter\Session\Handlers\FileHandler' driver.
DEBUG - 2026-03-02 16:15:19 --> Session: Class initialized using 'CodeIgniter\Session\Handlers\FileHandler' driver.
CRITICAL - 2026-03-02 16:15:24 --> CodeIgniter\HTTP\Exceptions\BadRequestException: The URI you submitted has disallowed characters: "హోలీ-వేడుకల్లో-అత్యుత్సాహం-వద్దు"
[Method: GET, Route: news/%E0%B0%B9%E0%B1%8B%E0%B0%B2%E0%B1%80-%E0%B0%B5%E0%B1%87%E0%B0%A1%E0%B1%81%E0%B0%95%E0%B0%B2%E0%B1%8D%E0%B0%B2%E0%B1%8B-%E0%B0%85%E0%B0%A4%E0%B1%8D%E0%B0%AF%E0%B1%81%E0%B0%A4%E0%B1%8D%E0%B0%B8%E0%B0%BE%E0%B0%B9%E0%B0%82-%E0%B0%B5%E0%B0%A6%E0%B1%8D%E0%B0%A6%E0%B1%81]
in SYSTEMPATH\Router\Router.php on line 768.
 1 SYSTEMPATH\Router\Router.php(219): CodeIgniter\Router\Router->checkDisallowedChars('news/హోలీ-వేడుకల్లో-అత్యుత్సాహం-వద్దు')
 2 SYSTEMPATH\CodeIgniter.php(829): CodeIgniter\Router\Router->handle('news/హోలీ-వేడుకల్లో-అత్యుత్సాహం-వద్దు')
 3 SYSTEMPATH\CodeIgniter.php(441): CodeIgniter\CodeIgniter->tryToRouteIt(Object(CodeIgniter\Router\RouteCollection))
 4 SYSTEMPATH\CodeIgniter.php(340): CodeIgniter\CodeIgniter->handleRequest(null, Object(Config\Cache), false)
 5 SYSTEMPATH\Boot.php(417): CodeIgniter\CodeIgniter->run()
 6 SYSTEMPATH\Boot.php(68): CodeIgniter\Boot::runCodeIgniter(Object(CodeIgniter\CodeIgniter))
 7 FCPATH\index.php(59): CodeIgniter\Boot::bootWeb(Object(Config\Paths))
DEBUG - 2026-03-02 16:15:27 --> Session: Class initialized using 'CodeIgniter\Session\Handlers\FileHandler' driver.
DEBUG - 2026-03-02 16:15:28 --> Session: Class initialized using 'CodeIgniter\Session\Handlers\FileHandler' driver.
DEBUG - 2026-03-02 16:15:28 --> Session: Class initialized using 'CodeIgniter\Session\Handlers\FileHandler' driver.
DEBUG - 2026-03-02 16:15:28 --> Session: Class initialized using 'CodeIgniter\Session\Handlers\FileHandler' driver.
DEBUG - 2026-03-02 16:15:34 --> Session: Class initialized using 'CodeIgniter\Session\Handlers\FileHandler' driver.
DEBUG - 2026-03-02 16:15:42 --> Session: Class initialized using 'CodeIgniter\Session\Handlers\FileHandler' driver.
DEBUG - 2026-03-02 16:16:29 --> Session: Class initialized using 'CodeIgniter\Session\Handlers\FileHandler' driver.
DEBUG - 2026-03-02 16:16:29 --> Session: Class initialized using 'CodeIgniter\Session\Handlers\FileHandler' driver.
DEBUG - 2026-03-02 16:16:29 --> Session: Class initialized using 'CodeIgniter\Session\Handlers\FileHandler' driver.
DEBUG - 2026-03-02 16:16:29 --> Session: Class initialized using 'CodeIgniter\Session\Handlers\FileHandler' driver.
DEBUG - 2026-03-02 16:16:33 --> Session: Class initialized using 'CodeIgniter\Session\Handlers\FileHandler' driver.
DEBUG - 2026-03-02 16:16:35 --> Session: Class initialized using 'CodeIgniter\Session\Handlers\FileHandler' driver.
DEBUG - 2026-03-02 16:16:36 --> Session: Class initialized using 'CodeIgniter\Session\Handlers\FileHandler' driver.
DEBUG - 2026-03-02 16:16:40 --> Session: Class initialized using 'CodeIgniter\Session\Handlers\FileHandler' driver.
DEBUG - 2026-03-02 16:16:40 --> Session: Class initialized using 'CodeIgniter\Session\Handlers\FileHandler' driver.
DEBUG - 2026-03-02 16:16:40 --> Session: Class initialized using 'CodeIgniter\Session\Handlers\FileHandler' driver.
DEBUG - 2026-03-02 16:16:40 --> Session: Class initialized using 'CodeIgniter\Session\Handlers\FileHandler' driver.
DEBUG - 2026-03-02 16:16:43 --> Session: Class initialized using 'CodeIgniter\Session\Handlers\FileHandler' driver.
DEBUG - 2026-03-02 16:17:40 --> Session: Class initialized using 'CodeIgniter\Session\Handlers\FileHandler' driver.
CRITICAL - 2026-03-02 16:17:40 --> ErrorException: unlink(E:\Development Tools\Xampp\htdocs\NToday-News\writable\debugbar/debugbar_1772468127.973185.json): No such file or directory
[Method: GET, Route: /]
in SYSTEMPATH\Debug\Toolbar\Collectors\History.php on line 82.
 1 [internal function]: CodeIgniter\Debug\Exceptions->errorHandler(2, 'unlink(E:\\Development Tools\\Xampp\\htdocs\\NToday-News\\writable\\debugbar/debugbar_1772468127.973185.json): No such file or directory', 'E:\\Development Tools\\Xampp\\htdocs\\NToday-News\\vendor\\codeigniter4\\framework\\system\\Debug\\Toolbar\\Collectors\\History.php', 82)
 2 SYSTEMPATH\Debug\Toolbar\Collectors\History.php(82): unlink('E:\\Development Tools\\Xampp\\htdocs\\NToday-News\\writable\\debugbar/debugbar_1772468127.973185.json')
 3 SYSTEMPATH\Debug\Toolbar.php(517): CodeIgniter\Debug\Toolbar\Collectors\History->setFiles('1772468260.549856', 20)
 4 SYSTEMPATH\Debug\Toolbar.php(496): CodeIgniter\Debug\Toolbar->format([...], 'html')
 5 APPPATH\Config\Events.php(47): CodeIgniter\Debug\Toolbar->respond()
 6 SYSTEMPATH\Events\Events.php(152): CodeIgniter\Events\Events::Config\{closure}()
 7 SYSTEMPATH\CodeIgniter.php(325): CodeIgniter\Events\Events::trigger('pre_system')
 8 SYSTEMPATH\Boot.php(417): CodeIgniter\CodeIgniter->run()
 9 SYSTEMPATH\Boot.php(68): CodeIgniter\Boot::runCodeIgniter(Object(CodeIgniter\CodeIgniter))
10 FCPATH\index.php(59): CodeIgniter\Boot::bootWeb(Object(Config\Paths))
DEBUG - 2026-03-02 16:17:45 --> Session: Class initialized using 'CodeIgniter\Session\Handlers\FileHandler' driver.
DEBUG - 2026-03-02 16:17:45 --> Session: Class initialized using 'CodeIgniter\Session\Handlers\FileHandler' driver.
DEBUG - 2026-03-02 16:17:45 --> Session: Class initialized using 'CodeIgniter\Session\Handlers\FileHandler' driver.
DEBUG - 2026-03-02 16:17:45 --> Session: Class initialized using 'CodeIgniter\Session\Handlers\FileHandler' driver.
DEBUG - 2026-03-02 16:17:48 --> Session: Class initialized using 'CodeIgniter\Session\Handlers\FileHandler' driver.
DEBUG - 2026-03-02 16:17:51 --> Session: Class initialized using 'CodeIgniter\Session\Handlers\FileHandler' driver.
DEBUG - 2026-03-02 16:17:51 --> Session: Class initialized using 'CodeIgniter\Session\Handlers\FileHandler' driver.
DEBUG - 2026-03-02 16:17:51 --> Session: Class initialized using 'CodeIgniter\Session\Handlers\FileHandler' driver.
DEBUG - 2026-03-02 16:17:51 --> Session: Class initialized using 'CodeIgniter\Session\Handlers\FileHandler' driver.
DEBUG - 2026-03-02 16:17:51 --> Session: Class initialized using 'CodeIgniter\Session\Handlers\FileHandler' driver.
DEBUG - 2026-03-02 16:18:22 --> Session: Class initialized using 'CodeIgniter\Session\Handlers\FileHandler' driver.
DEBUG - 2026-03-02 16:18:22 --> Session: Class initialized using 'CodeIgniter\Session\Handlers\FileHandler' driver.
DEBUG - 2026-03-02 16:18:22 --> Session: Class initialized using 'CodeIgniter\Session\Handlers\FileHandler' driver.
DEBUG - 2026-03-02 16:18:22 --> Session: Class initialized using 'CodeIgniter\Session\Handlers\FileHandler' driver.
DEBUG - 2026-03-02 16:18:24 --> Session: Class initialized using 'CodeIgniter\Session\Handlers\FileHandler' driver.
DEBUG - 2026-03-02 16:18:26 --> Session: Class initialized using 'CodeIgniter\Session\Handlers\FileHandler' driver.
DEBUG - 2026-03-02 16:18:26 --> Session: Class initialized using 'CodeIgniter\Session\Handlers\FileHandler' driver.
DEBUG - 2026-03-02 16:18:30 --> Session: Class initialized using 'CodeIgniter\Session\Handlers\FileHandler' driver.
DEBUG - 2026-03-02 16:18:32 --> Session: Class initialized using 'CodeIgniter\Session\Handlers\FileHandler' driver.
DEBUG - 2026-03-02 16:18:34 --> Session: Class initialized using 'CodeIgniter\Session\Handlers\FileHandler' driver.
DEBUG - 2026-03-02 16:18:35 --> Session: Class initialized using 'CodeIgniter\Session\Handlers\FileHandler' driver.
DEBUG - 2026-03-02 16:18:35 --> Session: Class initialized using 'CodeIgniter\Session\Handlers\FileHandler' driver.
DEBUG - 2026-03-02 16:22:37 --> Session: Class initialized using 'CodeIgniter\Session\Handlers\FileHandler' driver.
CRITICAL - 2026-03-02 16:22:37 --> ErrorException: Undefined array key "IsActive"
[Method: GET, Route: /]
in APPPATH\Views\frontend\includes\header.php on line 114.
 1 APPPATH\Views\frontend\includes\header.php(114): CodeIgniter\Debug\Exceptions->errorHandler(2, 'Undefined array key "IsActive"', 'E:\\Development Tools\\Xampp\\htdocs\\NToday-News\\app\\Views\\frontend\\includes\\header.php', 114)
 2 SYSTEMPATH\View\View.php(238): include('E:\\Development Tools\\Xampp\\htdocs\\NToday-News\\app\\Views\\frontend\\includes\\header.php')
 3 SYSTEMPATH\View\View.php(241): CodeIgniter\View\View->CodeIgniter\View\{closure}()
 4 SYSTEMPATH\Common.php(1250): CodeIgniter\View\View->render('frontend/includes/header', [], true)
 5 APPPATH\Views\frontend\home.php(3): view('frontend/includes/header', [...])
 6 SYSTEMPATH\View\View.php(238): include('E:\\Development Tools\\Xampp\\htdocs\\NToday-News\\app\\Views\\frontend\\home.php')
 7 SYSTEMPATH\View\View.php(241): CodeIgniter\View\View->CodeIgniter\View\{closure}()
 8 SYSTEMPATH\Common.php(1250): CodeIgniter\View\View->render('frontend/home', [], true)
 9 APPPATH\Controllers\Home.php(52): view('frontend/home', [...])
10 SYSTEMPATH\CodeIgniter.php(951): App\Controllers\Home->index()
11 SYSTEMPATH\CodeIgniter.php(497): CodeIgniter\CodeIgniter->runController(Object(App\Controllers\Home))
12 SYSTEMPATH\CodeIgniter.php(340): CodeIgniter\CodeIgniter->handleRequest(null, Object(Config\Cache), false)
13 SYSTEMPATH\Boot.php(417): CodeIgniter\CodeIgniter->run()
14 SYSTEMPATH\Boot.php(68): CodeIgniter\Boot::runCodeIgniter(Object(CodeIgniter\CodeIgniter))
15 FCPATH\index.php(59): CodeIgniter\Boot::bootWeb(Object(Config\Paths))
DEBUG - 2026-03-02 16:22:37 --> Session: Class initialized using 'CodeIgniter\Session\Handlers\FileHandler' driver.
CRITICAL - 2026-03-02 16:22:42 --> ErrorException: Undefined array key "IsActive"
[Method: GET, Route: /]
in APPPATH\Views\frontend\includes\header.php on line 114.
 1 APPPATH\Views\frontend\includes\header.php(114): CodeIgniter\Debug\Exceptions->errorHandler(2, 'Undefined array key "IsActive"', 'E:\\Development Tools\\Xampp\\htdocs\\NToday-News\\app\\Views\\frontend\\includes\\header.php', 114)
 2 SYSTEMPATH\View\View.php(238): include('E:\\Development Tools\\Xampp\\htdocs\\NToday-News\\app\\Views\\frontend\\includes\\header.php')
 3 SYSTEMPATH\View\View.php(241): CodeIgniter\View\View->CodeIgniter\View\{closure}()
 4 SYSTEMPATH\Common.php(1250): CodeIgniter\View\View->render('frontend/includes/header', [], true)
 5 APPPATH\Views\frontend\home.php(3): view('frontend/includes/header', [...])
 6 SYSTEMPATH\View\View.php(238): include('E:\\Development Tools\\Xampp\\htdocs\\NToday-News\\app\\Views\\frontend\\home.php')
 7 SYSTEMPATH\View\View.php(241): CodeIgniter\View\View->CodeIgniter\View\{closure}()
 8 SYSTEMPATH\Common.php(1250): CodeIgniter\View\View->render('frontend/home', [], true)
 9 APPPATH\Controllers\Home.php(52): view('frontend/home', [...])
10 SYSTEMPATH\CodeIgniter.php(951): App\Controllers\Home->index()
11 SYSTEMPATH\CodeIgniter.php(497): CodeIgniter\CodeIgniter->runController(Object(App\Controllers\Home))
12 SYSTEMPATH\CodeIgniter.php(340): CodeIgniter\CodeIgniter->handleRequest(null, Object(Config\Cache), false)
13 SYSTEMPATH\Boot.php(417): CodeIgniter\CodeIgniter->run()
14 SYSTEMPATH\Boot.php(68): CodeIgniter\Boot::runCodeIgniter(Object(CodeIgniter\CodeIgniter))
15 FCPATH\index.php(59): CodeIgniter\Boot::bootWeb(Object(Config\Paths))
CRITICAL - 2026-03-02 16:22:42 --> ErrorException: Undefined array key "IsActive"
[Method: GET, Route: /]
in APPPATH\Views\frontend\includes\header.php on line 114.
 1 APPPATH\Views\frontend\includes\header.php(114): CodeIgniter\Debug\Exceptions->errorHandler(2, 'Undefined array key "IsActive"', 'E:\\Development Tools\\Xampp\\htdocs\\NToday-News\\app\\Views\\frontend\\includes\\header.php', 114)
 2 SYSTEMPATH\View\View.php(238): include('E:\\Development Tools\\Xampp\\htdocs\\NToday-News\\app\\Views\\frontend\\includes\\header.php')
 3 SYSTEMPATH\View\View.php(241): CodeIgniter\View\View->CodeIgniter\View\{closure}()
 4 SYSTEMPATH\Common.php(1250): CodeIgniter\View\View->render('frontend/includes/header', [], true)
 5 APPPATH\Views\frontend\home.php(3): view('frontend/includes/header', [...])
 6 SYSTEMPATH\View\View.php(238): include('E:\\Development Tools\\Xampp\\htdocs\\NToday-News\\app\\Views\\frontend\\home.php')
 7 SYSTEMPATH\View\View.php(241): CodeIgniter\View\View->CodeIgniter\View\{closure}()
 8 SYSTEMPATH\Common.php(1250): CodeIgniter\View\View->render('frontend/home', [], true)
 9 APPPATH\Controllers\Home.php(52): view('frontend/home', [...])
10 SYSTEMPATH\CodeIgniter.php(951): App\Controllers\Home->index()
11 SYSTEMPATH\CodeIgniter.php(497): CodeIgniter\CodeIgniter->runController(Object(App\Controllers\Home))
12 SYSTEMPATH\CodeIgniter.php(340): CodeIgniter\CodeIgniter->handleRequest(null, Object(Config\Cache), false)
13 SYSTEMPATH\Boot.php(417): CodeIgniter\CodeIgniter->run()
14 SYSTEMPATH\Boot.php(68): CodeIgniter\Boot::runCodeIgniter(Object(CodeIgniter\CodeIgniter))
15 FCPATH\index.php(59): CodeIgniter\Boot::bootWeb(Object(Config\Paths))
CRITICAL - 2026-03-02 16:22:43 --> ErrorException: Undefined array key "IsActive"
[Method: GET, Route: /]
in APPPATH\Views\frontend\includes\header.php on line 114.
 1 APPPATH\Views\frontend\includes\header.php(114): CodeIgniter\Debug\Exceptions->errorHandler(2, 'Undefined array key "IsActive"', 'E:\\Development Tools\\Xampp\\htdocs\\NToday-News\\app\\Views\\frontend\\includes\\header.php', 114)
 2 SYSTEMPATH\View\View.php(238): include('E:\\Development Tools\\Xampp\\htdocs\\NToday-News\\app\\Views\\frontend\\includes\\header.php')
 3 SYSTEMPATH\View\View.php(241): CodeIgniter\View\View->CodeIgniter\View\{closure}()
 4 SYSTEMPATH\Common.php(1250): CodeIgniter\View\View->render('frontend/includes/header', [], true)
 5 APPPATH\Views\frontend\home.php(3): view('frontend/includes/header', [...])
 6 SYSTEMPATH\View\View.php(238): include('E:\\Development Tools\\Xampp\\htdocs\\NToday-News\\app\\Views\\frontend\\home.php')
 7 SYSTEMPATH\View\View.php(241): CodeIgniter\View\View->CodeIgniter\View\{closure}()
 8 SYSTEMPATH\Common.php(1250): CodeIgniter\View\View->render('frontend/home', [], true)
 9 APPPATH\Controllers\Home.php(52): view('frontend/home', [...])
10 SYSTEMPATH\CodeIgniter.php(951): App\Controllers\Home->index()
11 SYSTEMPATH\CodeIgniter.php(497): CodeIgniter\CodeIgniter->runController(Object(App\Controllers\Home))
12 SYSTEMPATH\CodeIgniter.php(340): CodeIgniter\CodeIgniter->handleRequest(null, Object(Config\Cache), false)
13 SYSTEMPATH\Boot.php(417): CodeIgniter\CodeIgniter->run()
14 SYSTEMPATH\Boot.php(68): CodeIgniter\Boot::runCodeIgniter(Object(CodeIgniter\CodeIgniter))
15 FCPATH\index.php(59): CodeIgniter\Boot::bootWeb(Object(Config\Paths))
CRITICAL - 2026-03-02 16:22:58 --> ErrorException: Undefined array key "IsActive"
[Method: GET, Route: /]
in APPPATH\Views\frontend\includes\header.php on line 114.
 1 APPPATH\Views\frontend\includes\header.php(114): CodeIgniter\Debug\Exceptions->errorHandler(2, 'Undefined array key "IsActive"', 'E:\\Development Tools\\Xampp\\htdocs\\NToday-News\\app\\Views\\frontend\\includes\\header.php', 114)
 2 SYSTEMPATH\View\View.php(238): include('E:\\Development Tools\\Xampp\\htdocs\\NToday-News\\app\\Views\\frontend\\includes\\header.php')
 3 SYSTEMPATH\View\View.php(241): CodeIgniter\View\View->CodeIgniter\View\{closure}()
 4 SYSTEMPATH\Common.php(1250): CodeIgniter\View\View->render('frontend/includes/header', [], true)
 5 APPPATH\Views\frontend\home.php(3): view('frontend/includes/header', [...])
 6 SYSTEMPATH\View\View.php(238): include('E:\\Development Tools\\Xampp\\htdocs\\NToday-News\\app\\Views\\frontend\\home.php')
 7 SYSTEMPATH\View\View.php(241): CodeIgniter\View\View->CodeIgniter\View\{closure}()
 8 SYSTEMPATH\Common.php(1250): CodeIgniter\View\View->render('frontend/home', [], true)
 9 APPPATH\Controllers\Home.php(52): view('frontend/home', [...])
10 SYSTEMPATH\CodeIgniter.php(951): App\Controllers\Home->index()
11 SYSTEMPATH\CodeIgniter.php(497): CodeIgniter\CodeIgniter->runController(Object(App\Controllers\Home))
12 SYSTEMPATH\CodeIgniter.php(340): CodeIgniter\CodeIgniter->handleRequest(null, Object(Config\Cache), false)
13 SYSTEMPATH\Boot.php(417): CodeIgniter\CodeIgniter->run()
14 SYSTEMPATH\Boot.php(68): CodeIgniter\Boot::runCodeIgniter(Object(CodeIgniter\CodeIgniter))
15 FCPATH\index.php(59): CodeIgniter\Boot::bootWeb(Object(Config\Paths))
CRITICAL - 2026-03-02 16:22:58 --> ErrorException: Undefined array key "IsActive"
[Method: GET, Route: /]
in APPPATH\Views\frontend\includes\header.php on line 114.
 1 APPPATH\Views\frontend\includes\header.php(114): CodeIgniter\Debug\Exceptions->errorHandler(2, 'Undefined array key "IsActive"', 'E:\\Development Tools\\Xampp\\htdocs\\NToday-News\\app\\Views\\frontend\\includes\\header.php', 114)
 2 SYSTEMPATH\View\View.php(238): include('E:\\Development Tools\\Xampp\\htdocs\\NToday-News\\app\\Views\\frontend\\includes\\header.php')
 3 SYSTEMPATH\View\View.php(241): CodeIgniter\View\View->CodeIgniter\View\{closure}()
 4 SYSTEMPATH\Common.php(1250): CodeIgniter\View\View->render('frontend/includes/header', [], true)
 5 APPPATH\Views\frontend\home.php(3): view('frontend/includes/header', [...])
 6 SYSTEMPATH\View\View.php(238): include('E:\\Development Tools\\Xampp\\htdocs\\NToday-News\\app\\Views\\frontend\\home.php')
 7 SYSTEMPATH\View\View.php(241): CodeIgniter\View\View->CodeIgniter\View\{closure}()
 8 SYSTEMPATH\Common.php(1250): CodeIgniter\View\View->render('frontend/home', [], true)
 9 APPPATH\Controllers\Home.php(52): view('frontend/home', [...])
10 SYSTEMPATH\CodeIgniter.php(951): App\Controllers\Home->index()
11 SYSTEMPATH\CodeIgniter.php(497): CodeIgniter\CodeIgniter->runController(Object(App\Controllers\Home))
12 SYSTEMPATH\CodeIgniter.php(340): CodeIgniter\CodeIgniter->handleRequest(null, Object(Config\Cache), false)
13 SYSTEMPATH\Boot.php(417): CodeIgniter\CodeIgniter->run()
14 SYSTEMPATH\Boot.php(68): CodeIgniter\Boot::runCodeIgniter(Object(CodeIgniter\CodeIgniter))
15 FCPATH\index.php(59): CodeIgniter\Boot::bootWeb(Object(Config\Paths))
CRITICAL - 2026-03-02 16:22:59 --> ErrorException: Undefined array key "IsActive"
[Method: GET, Route: /]
in APPPATH\Views\frontend\includes\header.php on line 114.
 1 APPPATH\Views\frontend\includes\header.php(114): CodeIgniter\Debug\Exceptions->errorHandler(2, 'Undefined array key "IsActive"', 'E:\\Development Tools\\Xampp\\htdocs\\NToday-News\\app\\Views\\frontend\\includes\\header.php', 114)
 2 SYSTEMPATH\View\View.php(238): include('E:\\Development Tools\\Xampp\\htdocs\\NToday-News\\app\\Views\\frontend\\includes\\header.php')
 3 SYSTEMPATH\View\View.php(241): CodeIgniter\View\View->CodeIgniter\View\{closure}()
 4 SYSTEMPATH\Common.php(1250): CodeIgniter\View\View->render('frontend/includes/header', [], true)
 5 APPPATH\Views\frontend\home.php(3): view('frontend/includes/header', [...])
 6 SYSTEMPATH\View\View.php(238): include('E:\\Development Tools\\Xampp\\htdocs\\NToday-News\\app\\Views\\frontend\\home.php')
 7 SYSTEMPATH\View\View.php(241): CodeIgniter\View\View->CodeIgniter\View\{closure}()
 8 SYSTEMPATH\Common.php(1250): CodeIgniter\View\View->render('frontend/home', [], true)
 9 APPPATH\Controllers\Home.php(52): view('frontend/home', [...])
10 SYSTEMPATH\CodeIgniter.php(951): App\Controllers\Home->index()
11 SYSTEMPATH\CodeIgniter.php(497): CodeIgniter\CodeIgniter->runController(Object(App\Controllers\Home))
12 SYSTEMPATH\CodeIgniter.php(340): CodeIgniter\CodeIgniter->handleRequest(null, Object(Config\Cache), false)
13 SYSTEMPATH\Boot.php(417): CodeIgniter\CodeIgniter->run()
14 SYSTEMPATH\Boot.php(68): CodeIgniter\Boot::runCodeIgniter(Object(CodeIgniter\CodeIgniter))
15 FCPATH\index.php(59): CodeIgniter\Boot::bootWeb(Object(Config\Paths))
CRITICAL - 2026-03-02 16:22:59 --> ErrorException: Undefined array key "IsActive"
[Method: GET, Route: /]
in APPPATH\Views\frontend\includes\header.php on line 114.
 1 APPPATH\Views\frontend\includes\header.php(114): CodeIgniter\Debug\Exceptions->errorHandler(2, 'Undefined array key "IsActive"', 'E:\\Development Tools\\Xampp\\htdocs\\NToday-News\\app\\Views\\frontend\\includes\\header.php', 114)
 2 SYSTEMPATH\View\View.php(238): include('E:\\Development Tools\\Xampp\\htdocs\\NToday-News\\app\\Views\\frontend\\includes\\header.php')
 3 SYSTEMPATH\View\View.php(241): CodeIgniter\View\View->CodeIgniter\View\{closure}()
 4 SYSTEMPATH\Common.php(1250): CodeIgniter\View\View->render('frontend/includes/header', [], true)
 5 APPPATH\Views\frontend\home.php(3): view('frontend/includes/header', [...])
 6 SYSTEMPATH\View\View.php(238): include('E:\\Development Tools\\Xampp\\htdocs\\NToday-News\\app\\Views\\frontend\\home.php')
 7 SYSTEMPATH\View\View.php(241): CodeIgniter\View\View->CodeIgniter\View\{closure}()
 8 SYSTEMPATH\Common.php(1250): CodeIgniter\View\View->render('frontend/home', [], true)
 9 APPPATH\Controllers\Home.php(52): view('frontend/home', [...])
10 SYSTEMPATH\CodeIgniter.php(951): App\Controllers\Home->index()
11 SYSTEMPATH\CodeIgniter.php(497): CodeIgniter\CodeIgniter->runController(Object(App\Controllers\Home))
12 SYSTEMPATH\CodeIgniter.php(340): CodeIgniter\CodeIgniter->handleRequest(null, Object(Config\Cache), false)
13 SYSTEMPATH\Boot.php(417): CodeIgniter\CodeIgniter->run()
14 SYSTEMPATH\Boot.php(68): CodeIgniter\Boot::runCodeIgniter(Object(CodeIgniter\CodeIgniter))
15 FCPATH\index.php(59): CodeIgniter\Boot::bootWeb(Object(Config\Paths))
DEBUG - 2026-03-02 16:23:08 --> Session: Class initialized using 'CodeIgniter\Session\Handlers\FileHandler' driver.
DEBUG - 2026-03-02 16:23:08 --> Session: Class initialized using 'CodeIgniter\Session\Handlers\FileHandler' driver.
DEBUG - 2026-03-02 16:25:19 --> Session: Class initialized using 'CodeIgniter\Session\Handlers\FileHandler' driver.
DEBUG - 2026-03-02 16:25:19 --> Session: Class initialized using 'CodeIgniter\Session\Handlers\FileHandler' driver.
DEBUG - 2026-03-02 16:25:23 --> Session: Class initialized using 'CodeIgniter\Session\Handlers\FileHandler' driver.
DEBUG - 2026-03-02 16:25:45 --> Session: Class initialized using 'CodeIgniter\Session\Handlers\FileHandler' driver.
DEBUG - 2026-03-02 16:25:49 --> Session: Class initialized using 'CodeIgniter\Session\Handlers\FileHandler' driver.
DEBUG - 2026-03-02 16:26:05 --> Session: Class initialized using 'CodeIgniter\Session\Handlers\FileHandler' driver.
ERROR - 2026-03-02 16:26:05 --> Cannot add or update a child row: a foreign key constraint fails (`ntodaynews`.`categories`, CONSTRAINT `categories_ibfk_1` FOREIGN KEY (`parent_id`) REFERENCES `categories` (`id`) ON DELETE CASCADE)
in SYSTEMPATH\Database\MySQLi\Connection.php on line 300.
 1 SYSTEMPATH\Database\MySQLi\Connection.php(300): mysqli->query('INSERT INTO `categories` (`parent_id`, `name`, `slug`, `type`, `status`) VALUES (0, \'Chanikya Madhu\', \'chanikya-madhu\', \'main\', 1)', 0)
 2 SYSTEMPATH\Database\BaseConnection.php(769): CodeIgniter\Database\MySQLi\Connection->execute('INSERT INTO `categories` (`parent_id`, `name`, `slug`, `type`, `status`) VALUES (0, \'Chanikya Madhu\', \'chanikya-madhu\', \'main\', 1)')
 3 SYSTEMPATH\Database\BaseConnection.php(686): CodeIgniter\Database\BaseConnection->simpleQuery('INSERT INTO `categories` (`parent_id`, `name`, `slug`, `type`, `status`) VALUES (0, \'Chanikya Madhu\', \'chanikya-madhu\', \'main\', 1)')
 4 SYSTEMPATH\Database\BaseBuilder.php(2345): CodeIgniter\Database\BaseConnection->query('INSERT INTO `categories` (`parent_id`, `name`, `slug`, `type`, `status`) VALUES (:parent_id:, :name:, :slug:, :type:, :status:)', [...], false)
 5 SYSTEMPATH\Model.php(356): CodeIgniter\Database\BaseBuilder->insert()
 6 SYSTEMPATH\BaseModel.php(898): CodeIgniter\Model->doInsert([...])
 7 SYSTEMPATH\Model.php(665): CodeIgniter\BaseModel->insert([...], true)
 8 APPPATH\Controllers\Admin\CategoryController.php(76): CodeIgniter\Model->insert([...])
 9 SYSTEMPATH\CodeIgniter.php(951): App\Controllers\Admin\CategoryController->store()
10 SYSTEMPATH\CodeIgniter.php(497): CodeIgniter\CodeIgniter->runController(Object(App\Controllers\Admin\CategoryController))
11 SYSTEMPATH\CodeIgniter.php(340): CodeIgniter\CodeIgniter->handleRequest(null, Object(Config\Cache), false)
12 SYSTEMPATH\Boot.php(417): CodeIgniter\CodeIgniter->run()
13 SYSTEMPATH\Boot.php(68): CodeIgniter\Boot::runCodeIgniter(Object(CodeIgniter\CodeIgniter))
14 FCPATH\index.php(59): CodeIgniter\Boot::bootWeb(Object(Config\Paths))
DEBUG - 2026-03-02 16:26:06 --> Session: Class initialized using 'CodeIgniter\Session\Handlers\FileHandler' driver.
DEBUG - 2026-03-02 16:26:12 --> Session: Class initialized using 'CodeIgniter\Session\Handlers\FileHandler' driver.
DEBUG - 2026-03-02 16:26:17 --> Session: Class initialized using 'CodeIgniter\Session\Handlers\FileHandler' driver.
DEBUG - 2026-03-02 16:26:17 --> Session: Class initialized using 'CodeIgniter\Session\Handlers\FileHandler' driver.
DEBUG - 2026-03-02 16:26:21 --> Session: Class initialized using 'CodeIgniter\Session\Handlers\FileHandler' driver.
DEBUG - 2026-03-02 16:26:24 --> Session: Class initialized using 'CodeIgniter\Session\Handlers\FileHandler' driver.
DEBUG - 2026-03-02 16:27:42 --> Session: Class initialized using 'CodeIgniter\Session\Handlers\FileHandler' driver.
DEBUG - 2026-03-02 16:27:44 --> Session: Class initialized using 'CodeIgniter\Session\Handlers\FileHandler' driver.
DEBUG - 2026-03-02 16:27:46 --> Session: Class initialized using 'CodeIgniter\Session\Handlers\FileHandler' driver.
DEBUG - 2026-03-02 16:28:41 --> Session: Class initialized using 'CodeIgniter\Session\Handlers\FileHandler' driver.
DEBUG - 2026-03-02 16:28:42 --> Session: Class initialized using 'CodeIgniter\Session\Handlers\FileHandler' driver.
DEBUG - 2026-03-02 16:28:43 --> Session: Class initialized using 'CodeIgniter\Session\Handlers\FileHandler' driver.
DEBUG - 2026-03-02 16:28:43 --> Session: Class initialized using 'CodeIgniter\Session\Handlers\FileHandler' driver.
DEBUG - 2026-03-02 16:28:45 --> Session: Class initialized using 'CodeIgniter\Session\Handlers\FileHandler' driver.
DEBUG - 2026-03-02 16:29:16 --> Session: Class initialized using 'CodeIgniter\Session\Handlers\FileHandler' driver.
DEBUG - 2026-03-02 16:29:16 --> Session: Class initialized using 'CodeIgniter\Session\Handlers\FileHandler' driver.
DEBUG - 2026-03-02 16:29:17 --> Session: Class initialized using 'CodeIgniter\Session\Handlers\FileHandler' driver.
DEBUG - 2026-03-02 16:29:17 --> Session: Class initialized using 'CodeIgniter\Session\Handlers\FileHandler' driver.
DEBUG - 2026-03-02 16:29:17 --> Session: Class initialized using 'CodeIgniter\Session\Handlers\FileHandler' driver.
DEBUG - 2026-03-02 16:29:17 --> Session: Class initialized using 'CodeIgniter\Session\Handlers\FileHandler' driver.
DEBUG - 2026-03-02 16:29:17 --> Session: Class initialized using 'CodeIgniter\Session\Handlers\FileHandler' driver.
DEBUG - 2026-03-02 16:29:20 --> Session: Class initialized using 'CodeIgniter\Session\Handlers\FileHandler' driver.
DEBUG - 2026-03-02 16:29:22 --> Session: Class initialized using 'CodeIgniter\Session\Handlers\FileHandler' driver.
DEBUG - 2026-03-02 16:29:23 --> Session: Class initialized using 'CodeIgniter\Session\Handlers\FileHandler' driver.
DEBUG - 2026-03-02 16:29:59 --> Session: Class initialized using 'CodeIgniter\Session\Handlers\FileHandler' driver.
DEBUG - 2026-03-02 16:30:01 --> Session: Class initialized using 'CodeIgniter\Session\Handlers\FileHandler' driver.
CRITICAL - 2026-03-02 16:32:33 --> ErrorException: Undefined array key "IsActive"
[Method: GET, Route: /]
in APPPATH\Views\frontend\includes\header.php on line 108.
 1 APPPATH\Views\frontend\includes\header.php(108): CodeIgniter\Debug\Exceptions->errorHandler(2, 'Undefined array key "IsActive"', 'E:\\Development Tools\\Xampp\\htdocs\\NToday-News\\app\\Views\\frontend\\includes\\header.php', 108)
 2 SYSTEMPATH\View\View.php(238): include('E:\\Development Tools\\Xampp\\htdocs\\NToday-News\\app\\Views\\frontend\\includes\\header.php')
 3 SYSTEMPATH\View\View.php(241): CodeIgniter\View\View->CodeIgniter\View\{closure}()
 4 SYSTEMPATH\Common.php(1250): CodeIgniter\View\View->render('frontend/includes/header', [], true)
 5 APPPATH\Views\frontend\home.php(3): view('frontend/includes/header', [...])
 6 SYSTEMPATH\View\View.php(238): include('E:\\Development Tools\\Xampp\\htdocs\\NToday-News\\app\\Views\\frontend\\home.php')
 7 SYSTEMPATH\View\View.php(241): CodeIgniter\View\View->CodeIgniter\View\{closure}()
 8 SYSTEMPATH\Common.php(1250): CodeIgniter\View\View->render('frontend/home', [], true)
 9 APPPATH\Controllers\Home.php(53): view('frontend/home', [...])
10 SYSTEMPATH\CodeIgniter.php(951): App\Controllers\Home->index()
11 SYSTEMPATH\CodeIgniter.php(497): CodeIgniter\CodeIgniter->runController(Object(App\Controllers\Home))
12 SYSTEMPATH\CodeIgniter.php(340): CodeIgniter\CodeIgniter->handleRequest(null, Object(Config\Cache), false)
13 SYSTEMPATH\Boot.php(417): CodeIgniter\CodeIgniter->run()
14 SYSTEMPATH\Boot.php(68): CodeIgniter\Boot::runCodeIgniter(Object(CodeIgniter\CodeIgniter))
15 FCPATH\index.php(59): CodeIgniter\Boot::bootWeb(Object(Config\Paths))
DEBUG - 2026-03-02 16:32:33 --> Session: Class initialized using 'CodeIgniter\Session\Handlers\FileHandler' driver.
CRITICAL - 2026-03-02 16:32:36 --> ErrorException: Undefined array key "IsActive"
[Method: GET, Route: /]
in APPPATH\Views\frontend\includes\header.php on line 108.
 1 APPPATH\Views\frontend\includes\header.php(108): CodeIgniter\Debug\Exceptions->errorHandler(2, 'Undefined array key "IsActive"', 'E:\\Development Tools\\Xampp\\htdocs\\NToday-News\\app\\Views\\frontend\\includes\\header.php', 108)
 2 SYSTEMPATH\View\View.php(238): include('E:\\Development Tools\\Xampp\\htdocs\\NToday-News\\app\\Views\\frontend\\includes\\header.php')
 3 SYSTEMPATH\View\View.php(241): CodeIgniter\View\View->CodeIgniter\View\{closure}()
 4 SYSTEMPATH\Common.php(1250): CodeIgniter\View\View->render('frontend/includes/header', [], true)
 5 APPPATH\Views\frontend\home.php(3): view('frontend/includes/header', [...])
 6 SYSTEMPATH\View\View.php(238): include('E:\\Development Tools\\Xampp\\htdocs\\NToday-News\\app\\Views\\frontend\\home.php')
 7 SYSTEMPATH\View\View.php(241): CodeIgniter\View\View->CodeIgniter\View\{closure}()
 8 SYSTEMPATH\Common.php(1250): CodeIgniter\View\View->render('frontend/home', [], true)
 9 APPPATH\Controllers\Home.php(53): view('frontend/home', [...])
10 SYSTEMPATH\CodeIgniter.php(951): App\Controllers\Home->index()
11 SYSTEMPATH\CodeIgniter.php(497): CodeIgniter\CodeIgniter->runController(Object(App\Controllers\Home))
12 SYSTEMPATH\CodeIgniter.php(340): CodeIgniter\CodeIgniter->handleRequest(null, Object(Config\Cache), false)
13 SYSTEMPATH\Boot.php(417): CodeIgniter\CodeIgniter->run()
14 SYSTEMPATH\Boot.php(68): CodeIgniter\Boot::runCodeIgniter(Object(CodeIgniter\CodeIgniter))
15 FCPATH\index.php(59): CodeIgniter\Boot::bootWeb(Object(Config\Paths))
DEBUG - 2026-03-02 16:32:58 --> Session: Class initialized using 'CodeIgniter\Session\Handlers\FileHandler' driver.
CRITICAL - 2026-03-02 16:33:00 --> ErrorException: Undefined array key "IsActive"
[Method: GET, Route: /]
in APPPATH\Views\frontend\includes\header.php on line 108.
 1 APPPATH\Views\frontend\includes\header.php(108): CodeIgniter\Debug\Exceptions->errorHandler(2, 'Undefined array key "IsActive"', 'E:\\Development Tools\\Xampp\\htdocs\\NToday-News\\app\\Views\\frontend\\includes\\header.php', 108)
 2 SYSTEMPATH\View\View.php(238): include('E:\\Development Tools\\Xampp\\htdocs\\NToday-News\\app\\Views\\frontend\\includes\\header.php')
 3 SYSTEMPATH\View\View.php(241): CodeIgniter\View\View->CodeIgniter\View\{closure}()
 4 SYSTEMPATH\Common.php(1250): CodeIgniter\View\View->render('frontend/includes/header', [], true)
 5 APPPATH\Views\frontend\home.php(3): view('frontend/includes/header', [...])
 6 SYSTEMPATH\View\View.php(238): include('E:\\Development Tools\\Xampp\\htdocs\\NToday-News\\app\\Views\\frontend\\home.php')
 7 SYSTEMPATH\View\View.php(241): CodeIgniter\View\View->CodeIgniter\View\{closure}()
 8 SYSTEMPATH\Common.php(1250): CodeIgniter\View\View->render('frontend/home', [], true)
 9 APPPATH\Controllers\Home.php(55): view('frontend/home', [...])
10 SYSTEMPATH\CodeIgniter.php(951): App\Controllers\Home->index()
11 SYSTEMPATH\CodeIgniter.php(497): CodeIgniter\CodeIgniter->runController(Object(App\Controllers\Home))
12 SYSTEMPATH\CodeIgniter.php(340): CodeIgniter\CodeIgniter->handleRequest(null, Object(Config\Cache), false)
13 SYSTEMPATH\Boot.php(417): CodeIgniter\CodeIgniter->run()
14 SYSTEMPATH\Boot.php(68): CodeIgniter\Boot::runCodeIgniter(Object(CodeIgniter\CodeIgniter))
15 FCPATH\index.php(59): CodeIgniter\Boot::bootWeb(Object(Config\Paths))
CRITICAL - 2026-03-02 16:33:01 --> ErrorException: Undefined array key "IsActive"
[Method: GET, Route: /]
in APPPATH\Views\frontend\includes\header.php on line 108.
 1 APPPATH\Views\frontend\includes\header.php(108): CodeIgniter\Debug\Exceptions->errorHandler(2, 'Undefined array key "IsActive"', 'E:\\Development Tools\\Xampp\\htdocs\\NToday-News\\app\\Views\\frontend\\includes\\header.php', 108)
 2 SYSTEMPATH\View\View.php(238): include('E:\\Development Tools\\Xampp\\htdocs\\NToday-News\\app\\Views\\frontend\\includes\\header.php')
 3 SYSTEMPATH\View\View.php(241): CodeIgniter\View\View->CodeIgniter\View\{closure}()
 4 SYSTEMPATH\Common.php(1250): CodeIgniter\View\View->render('frontend/includes/header', [], true)
 5 APPPATH\Views\frontend\home.php(3): view('frontend/includes/header', [...])
 6 SYSTEMPATH\View\View.php(238): include('E:\\Development Tools\\Xampp\\htdocs\\NToday-News\\app\\Views\\frontend\\home.php')
 7 SYSTEMPATH\View\View.php(241): CodeIgniter\View\View->CodeIgniter\View\{closure}()
 8 SYSTEMPATH\Common.php(1250): CodeIgniter\View\View->render('frontend/home', [], true)
 9 APPPATH\Controllers\Home.php(55): view('frontend/home', [...])
10 SYSTEMPATH\CodeIgniter.php(951): App\Controllers\Home->index()
11 SYSTEMPATH\CodeIgniter.php(497): CodeIgniter\CodeIgniter->runController(Object(App\Controllers\Home))
12 SYSTEMPATH\CodeIgniter.php(340): CodeIgniter\CodeIgniter->handleRequest(null, Object(Config\Cache), false)
13 SYSTEMPATH\Boot.php(417): CodeIgniter\CodeIgniter->run()
14 SYSTEMPATH\Boot.php(68): CodeIgniter\Boot::runCodeIgniter(Object(CodeIgniter\CodeIgniter))
15 FCPATH\index.php(59): CodeIgniter\Boot::bootWeb(Object(Config\Paths))
CRITICAL - 2026-03-02 16:33:01 --> ErrorException: Undefined array key "IsActive"
[Method: GET, Route: /]
in APPPATH\Views\frontend\includes\header.php on line 108.
 1 APPPATH\Views\frontend\includes\header.php(108): CodeIgniter\Debug\Exceptions->errorHandler(2, 'Undefined array key "IsActive"', 'E:\\Development Tools\\Xampp\\htdocs\\NToday-News\\app\\Views\\frontend\\includes\\header.php', 108)
 2 SYSTEMPATH\View\View.php(238): include('E:\\Development Tools\\Xampp\\htdocs\\NToday-News\\app\\Views\\frontend\\includes\\header.php')
 3 SYSTEMPATH\View\View.php(241): CodeIgniter\View\View->CodeIgniter\View\{closure}()
 4 SYSTEMPATH\Common.php(1250): CodeIgniter\View\View->render('frontend/includes/header', [], true)
 5 APPPATH\Views\frontend\home.php(3): view('frontend/includes/header', [...])
 6 SYSTEMPATH\View\View.php(238): include('E:\\Development Tools\\Xampp\\htdocs\\NToday-News\\app\\Views\\frontend\\home.php')
 7 SYSTEMPATH\View\View.php(241): CodeIgniter\View\View->CodeIgniter\View\{closure}()
 8 SYSTEMPATH\Common.php(1250): CodeIgniter\View\View->render('frontend/home', [], true)
 9 APPPATH\Controllers\Home.php(55): view('frontend/home', [...])
10 SYSTEMPATH\CodeIgniter.php(951): App\Controllers\Home->index()
11 SYSTEMPATH\CodeIgniter.php(497): CodeIgniter\CodeIgniter->runController(Object(App\Controllers\Home))
12 SYSTEMPATH\CodeIgniter.php(340): CodeIgniter\CodeIgniter->handleRequest(null, Object(Config\Cache), false)
13 SYSTEMPATH\Boot.php(417): CodeIgniter\CodeIgniter->run()
14 SYSTEMPATH\Boot.php(68): CodeIgniter\Boot::runCodeIgniter(Object(CodeIgniter\CodeIgniter))
15 FCPATH\index.php(59): CodeIgniter\Boot::bootWeb(Object(Config\Paths))
CRITICAL - 2026-03-02 16:33:01 --> ErrorException: Undefined array key "IsActive"
[Method: GET, Route: /]
in APPPATH\Views\frontend\includes\header.php on line 108.
 1 APPPATH\Views\frontend\includes\header.php(108): CodeIgniter\Debug\Exceptions->errorHandler(2, 'Undefined array key "IsActive"', 'E:\\Development Tools\\Xampp\\htdocs\\NToday-News\\app\\Views\\frontend\\includes\\header.php', 108)
 2 SYSTEMPATH\View\View.php(238): include('E:\\Development Tools\\Xampp\\htdocs\\NToday-News\\app\\Views\\frontend\\includes\\header.php')
 3 SYSTEMPATH\View\View.php(241): CodeIgniter\View\View->CodeIgniter\View\{closure}()
 4 SYSTEMPATH\Common.php(1250): CodeIgniter\View\View->render('frontend/includes/header', [], true)
 5 APPPATH\Views\frontend\home.php(3): view('frontend/includes/header', [...])
 6 SYSTEMPATH\View\View.php(238): include('E:\\Development Tools\\Xampp\\htdocs\\NToday-News\\app\\Views\\frontend\\home.php')
 7 SYSTEMPATH\View\View.php(241): CodeIgniter\View\View->CodeIgniter\View\{closure}()
 8 SYSTEMPATH\Common.php(1250): CodeIgniter\View\View->render('frontend/home', [], true)
 9 APPPATH\Controllers\Home.php(55): view('frontend/home', [...])
10 SYSTEMPATH\CodeIgniter.php(951): App\Controllers\Home->index()
11 SYSTEMPATH\CodeIgniter.php(497): CodeIgniter\CodeIgniter->runController(Object(App\Controllers\Home))
12 SYSTEMPATH\CodeIgniter.php(340): CodeIgniter\CodeIgniter->handleRequest(null, Object(Config\Cache), false)
13 SYSTEMPATH\Boot.php(417): CodeIgniter\CodeIgniter->run()
14 SYSTEMPATH\Boot.php(68): CodeIgniter\Boot::runCodeIgniter(Object(CodeIgniter\CodeIgniter))
15 FCPATH\index.php(59): CodeIgniter\Boot::bootWeb(Object(Config\Paths))
CRITICAL - 2026-03-02 16:33:14 --> ErrorException: Undefined array key "IsActive"
[Method: GET, Route: /]
in APPPATH\Views\frontend\includes\header.php on line 108.
 1 APPPATH\Views\frontend\includes\header.php(108): CodeIgniter\Debug\Exceptions->errorHandler(2, 'Undefined array key "IsActive"', 'E:\\Development Tools\\Xampp\\htdocs\\NToday-News\\app\\Views\\frontend\\includes\\header.php', 108)
 2 SYSTEMPATH\View\View.php(238): include('E:\\Development Tools\\Xampp\\htdocs\\NToday-News\\app\\Views\\frontend\\includes\\header.php')
 3 SYSTEMPATH\View\View.php(241): CodeIgniter\View\View->CodeIgniter\View\{closure}()
 4 SYSTEMPATH\Common.php(1250): CodeIgniter\View\View->render('frontend/includes/header', [], true)
 5 APPPATH\Views\frontend\home.php(3): view('frontend/includes/header', [...])
 6 SYSTEMPATH\View\View.php(238): include('E:\\Development Tools\\Xampp\\htdocs\\NToday-News\\app\\Views\\frontend\\home.php')
 7 SYSTEMPATH\View\View.php(241): CodeIgniter\View\View->CodeIgniter\View\{closure}()
 8 SYSTEMPATH\Common.php(1250): CodeIgniter\View\View->render('frontend/home', [], true)
 9 APPPATH\Controllers\Home.php(55): view('frontend/home', [...])
10 SYSTEMPATH\CodeIgniter.php(951): App\Controllers\Home->index()
11 SYSTEMPATH\CodeIgniter.php(497): CodeIgniter\CodeIgniter->runController(Object(App\Controllers\Home))
12 SYSTEMPATH\CodeIgniter.php(340): CodeIgniter\CodeIgniter->handleRequest(null, Object(Config\Cache), false)
13 SYSTEMPATH\Boot.php(417): CodeIgniter\CodeIgniter->run()
14 SYSTEMPATH\Boot.php(68): CodeIgniter\Boot::runCodeIgniter(Object(CodeIgniter\CodeIgniter))
15 FCPATH\index.php(59): CodeIgniter\Boot::bootWeb(Object(Config\Paths))
CRITICAL - 2026-03-02 16:33:14 --> ErrorException: Undefined array key "IsActive"
[Method: GET, Route: /]
in APPPATH\Views\frontend\includes\header.php on line 108.
 1 APPPATH\Views\frontend\includes\header.php(108): CodeIgniter\Debug\Exceptions->errorHandler(2, 'Undefined array key "IsActive"', 'E:\\Development Tools\\Xampp\\htdocs\\NToday-News\\app\\Views\\frontend\\includes\\header.php', 108)
 2 SYSTEMPATH\View\View.php(238): include('E:\\Development Tools\\Xampp\\htdocs\\NToday-News\\app\\Views\\frontend\\includes\\header.php')
 3 SYSTEMPATH\View\View.php(241): CodeIgniter\View\View->CodeIgniter\View\{closure}()
 4 SYSTEMPATH\Common.php(1250): CodeIgniter\View\View->render('frontend/includes/header', [], true)
 5 APPPATH\Views\frontend\home.php(3): view('frontend/includes/header', [...])
 6 SYSTEMPATH\View\View.php(238): include('E:\\Development Tools\\Xampp\\htdocs\\NToday-News\\app\\Views\\frontend\\home.php')
 7 SYSTEMPATH\View\View.php(241): CodeIgniter\View\View->CodeIgniter\View\{closure}()
 8 SYSTEMPATH\Common.php(1250): CodeIgniter\View\View->render('frontend/home', [], true)
 9 APPPATH\Controllers\Home.php(55): view('frontend/home', [...])
10 SYSTEMPATH\CodeIgniter.php(951): App\Controllers\Home->index()
11 SYSTEMPATH\CodeIgniter.php(497): CodeIgniter\CodeIgniter->runController(Object(App\Controllers\Home))
12 SYSTEMPATH\CodeIgniter.php(340): CodeIgniter\CodeIgniter->handleRequest(null, Object(Config\Cache), false)
13 SYSTEMPATH\Boot.php(417): CodeIgniter\CodeIgniter->run()
14 SYSTEMPATH\Boot.php(68): CodeIgniter\Boot::runCodeIgniter(Object(CodeIgniter\CodeIgniter))
15 FCPATH\index.php(59): CodeIgniter\Boot::bootWeb(Object(Config\Paths))
CRITICAL - 2026-03-02 16:33:15 --> ErrorException: Undefined array key "IsActive"
[Method: GET, Route: /]
in APPPATH\Views\frontend\includes\header.php on line 108.
 1 APPPATH\Views\frontend\includes\header.php(108): CodeIgniter\Debug\Exceptions->errorHandler(2, 'Undefined array key "IsActive"', 'E:\\Development Tools\\Xampp\\htdocs\\NToday-News\\app\\Views\\frontend\\includes\\header.php', 108)
 2 SYSTEMPATH\View\View.php(238): include('E:\\Development Tools\\Xampp\\htdocs\\NToday-News\\app\\Views\\frontend\\includes\\header.php')
 3 SYSTEMPATH\View\View.php(241): CodeIgniter\View\View->CodeIgniter\View\{closure}()
 4 SYSTEMPATH\Common.php(1250): CodeIgniter\View\View->render('frontend/includes/header', [], true)
 5 APPPATH\Views\frontend\home.php(3): view('frontend/includes/header', [...])
 6 SYSTEMPATH\View\View.php(238): include('E:\\Development Tools\\Xampp\\htdocs\\NToday-News\\app\\Views\\frontend\\home.php')
 7 SYSTEMPATH\View\View.php(241): CodeIgniter\View\View->CodeIgniter\View\{closure}()
 8 SYSTEMPATH\Common.php(1250): CodeIgniter\View\View->render('frontend/home', [], true)
 9 APPPATH\Controllers\Home.php(55): view('frontend/home', [...])
10 SYSTEMPATH\CodeIgniter.php(951): App\Controllers\Home->index()
11 SYSTEMPATH\CodeIgniter.php(497): CodeIgniter\CodeIgniter->runController(Object(App\Controllers\Home))
12 SYSTEMPATH\CodeIgniter.php(340): CodeIgniter\CodeIgniter->handleRequest(null, Object(Config\Cache), false)
13 SYSTEMPATH\Boot.php(417): CodeIgniter\CodeIgniter->run()
14 SYSTEMPATH\Boot.php(68): CodeIgniter\Boot::runCodeIgniter(Object(CodeIgniter\CodeIgniter))
15 FCPATH\index.php(59): CodeIgniter\Boot::bootWeb(Object(Config\Paths))
CRITICAL - 2026-03-02 16:33:15 --> ErrorException: Undefined array key "IsActive"
[Method: GET, Route: /]
in APPPATH\Views\frontend\includes\header.php on line 108.
 1 APPPATH\Views\frontend\includes\header.php(108): CodeIgniter\Debug\Exceptions->errorHandler(2, 'Undefined array key "IsActive"', 'E:\\Development Tools\\Xampp\\htdocs\\NToday-News\\app\\Views\\frontend\\includes\\header.php', 108)
 2 SYSTEMPATH\View\View.php(238): include('E:\\Development Tools\\Xampp\\htdocs\\NToday-News\\app\\Views\\frontend\\includes\\header.php')
 3 SYSTEMPATH\View\View.php(241): CodeIgniter\View\View->CodeIgniter\View\{closure}()
 4 SYSTEMPATH\Common.php(1250): CodeIgniter\View\View->render('frontend/includes/header', [], true)
 5 APPPATH\Views\frontend\home.php(3): view('frontend/includes/header', [...])
 6 SYSTEMPATH\View\View.php(238): include('E:\\Development Tools\\Xampp\\htdocs\\NToday-News\\app\\Views\\frontend\\home.php')
 7 SYSTEMPATH\View\View.php(241): CodeIgniter\View\View->CodeIgniter\View\{closure}()
 8 SYSTEMPATH\Common.php(1250): CodeIgniter\View\View->render('frontend/home', [], true)
 9 APPPATH\Controllers\Home.php(55): view('frontend/home', [...])
10 SYSTEMPATH\CodeIgniter.php(951): App\Controllers\Home->index()
11 SYSTEMPATH\CodeIgniter.php(497): CodeIgniter\CodeIgniter->runController(Object(App\Controllers\Home))
12 SYSTEMPATH\CodeIgniter.php(340): CodeIgniter\CodeIgniter->handleRequest(null, Object(Config\Cache), false)
13 SYSTEMPATH\Boot.php(417): CodeIgniter\CodeIgniter->run()
14 SYSTEMPATH\Boot.php(68): CodeIgniter\Boot::runCodeIgniter(Object(CodeIgniter\CodeIgniter))
15 FCPATH\index.php(59): CodeIgniter\Boot::bootWeb(Object(Config\Paths))
CRITICAL - 2026-03-02 16:33:16 --> ErrorException: Undefined array key "IsActive"
[Method: GET, Route: /]
in APPPATH\Views\frontend\includes\header.php on line 108.
 1 APPPATH\Views\frontend\includes\header.php(108): CodeIgniter\Debug\Exceptions->errorHandler(2, 'Undefined array key "IsActive"', 'E:\\Development Tools\\Xampp\\htdocs\\NToday-News\\app\\Views\\frontend\\includes\\header.php', 108)
 2 SYSTEMPATH\View\View.php(238): include('E:\\Development Tools\\Xampp\\htdocs\\NToday-News\\app\\Views\\frontend\\includes\\header.php')
 3 SYSTEMPATH\View\View.php(241): CodeIgniter\View\View->CodeIgniter\View\{closure}()
 4 SYSTEMPATH\Common.php(1250): CodeIgniter\View\View->render('frontend/includes/header', [], true)
 5 APPPATH\Views\frontend\home.php(3): view('frontend/includes/header', [...])
 6 SYSTEMPATH\View\View.php(238): include('E:\\Development Tools\\Xampp\\htdocs\\NToday-News\\app\\Views\\frontend\\home.php')
 7 SYSTEMPATH\View\View.php(241): CodeIgniter\View\View->CodeIgniter\View\{closure}()
 8 SYSTEMPATH\Common.php(1250): CodeIgniter\View\View->render('frontend/home', [], true)
 9 APPPATH\Controllers\Home.php(55): view('frontend/home', [...])
10 SYSTEMPATH\CodeIgniter.php(951): App\Controllers\Home->index()
11 SYSTEMPATH\CodeIgniter.php(497): CodeIgniter\CodeIgniter->runController(Object(App\Controllers\Home))
12 SYSTEMPATH\CodeIgniter.php(340): CodeIgniter\CodeIgniter->handleRequest(null, Object(Config\Cache), false)
13 SYSTEMPATH\Boot.php(417): CodeIgniter\CodeIgniter->run()
14 SYSTEMPATH\Boot.php(68): CodeIgniter\Boot::runCodeIgniter(Object(CodeIgniter\CodeIgniter))
15 FCPATH\index.php(59): CodeIgniter\Boot::bootWeb(Object(Config\Paths))
DEBUG - 2026-03-02 16:33:31 --> Session: Class initialized using 'CodeIgniter\Session\Handlers\FileHandler' driver.
DEBUG - 2026-03-02 16:36:02 --> Session: Class initialized using 'CodeIgniter\Session\Handlers\FileHandler' driver.
DEBUG - 2026-03-02 16:36:12 --> Session: Class initialized using 'CodeIgniter\Session\Handlers\FileHandler' driver.
DEBUG - 2026-03-02 16:36:14 --> Session: Class initialized using 'CodeIgniter\Session\Handlers\FileHandler' driver.
DEBUG - 2026-03-02 16:36:14 --> Session: Class initialized using 'CodeIgniter\Session\Handlers\FileHandler' driver.
DEBUG - 2026-03-02 16:38:38 --> Session: Class initialized using 'CodeIgniter\Session\Handlers\FileHandler' driver.
DEBUG - 2026-03-02 16:39:49 --> Session: Class initialized using 'CodeIgniter\Session\Handlers\FileHandler' driver.
DEBUG - 2026-03-02 16:40:15 --> Session: Class initialized using 'CodeIgniter\Session\Handlers\FileHandler' driver.
DEBUG - 2026-03-02 16:43:03 --> Session: Class initialized using 'CodeIgniter\Session\Handlers\FileHandler' driver.
DEBUG - 2026-03-02 16:43:54 --> Session: Class initialized using 'CodeIgniter\Session\Handlers\FileHandler' driver.
DEBUG - 2026-03-02 16:44:07 --> Session: Class initialized using 'CodeIgniter\Session\Handlers\FileHandler' driver.
DEBUG - 2026-03-02 16:46:08 --> Session: Class initialized using 'CodeIgniter\Session\Handlers\FileHandler' driver.
DEBUG - 2026-03-02 16:47:37 --> Session: Class initialized using 'CodeIgniter\Session\Handlers\FileHandler' driver.
DEBUG - 2026-03-02 16:49:19 --> Session: Class initialized using 'CodeIgniter\Session\Handlers\FileHandler' driver.
DEBUG - 2026-03-02 16:49:46 --> Session: Class initialized using 'CodeIgniter\Session\Handlers\FileHandler' driver.
DEBUG - 2026-03-02 16:50:15 --> Session: Class initialized using 'CodeIgniter\Session\Handlers\FileHandler' driver.
DEBUG - 2026-03-02 16:51:45 --> Session: Class initialized using 'CodeIgniter\Session\Handlers\FileHandler' driver.
DEBUG - 2026-03-02 16:51:56 --> Session: Class initialized using 'CodeIgniter\Session\Handlers\FileHandler' driver.
DEBUG - 2026-03-02 16:52:35 --> Session: Class initialized using 'CodeIgniter\Session\Handlers\FileHandler' driver.
DEBUG - 2026-03-02 16:52:44 --> Session: Class initialized using 'CodeIgniter\Session\Handlers\FileHandler' driver.
DEBUG - 2026-03-02 16:53:29 --> Session: Class initialized using 'CodeIgniter\Session\Handlers\FileHandler' driver.
DEBUG - 2026-03-02 16:53:56 --> Session: Class initialized using 'CodeIgniter\Session\Handlers\FileHandler' driver.
DEBUG - 2026-03-02 16:54:23 --> Session: Class initialized using 'CodeIgniter\Session\Handlers\FileHandler' driver.
DEBUG - 2026-03-02 16:54:47 --> Session: Class initialized using 'CodeIgniter\Session\Handlers\FileHandler' driver.
CRITICAL - 2026-03-02 16:55:20 --> CodeIgniter\HTTP\Exceptions\BadRequestException: The URI you submitted has disallowed characters: "ధురంధర్-2-ట్రైలర్-అయోమయంలో-ఫ్యాన్స్"
[Method: GET, Route: news/%E0%B0%A7%E0%B1%81%E0%B0%B0%E0%B0%82%E0%B0%A7%E0%B0%B0%E0%B1%8D-2-%E0%B0%9F%E0%B1%8D%E0%B0%B0%E0%B1%88%E0%B0%B2%E0%B0%B0%E0%B1%8D-%E0%B0%85%E0%B0%AF%E0%B1%8B%E0%B0%AE%E0%B0%AF%E0%B0%82%E0%B0%B2%E0%B1%8B-%E0%B0%AB%E0%B1%8D%E0%B0%AF%E0%B0%BE%E0%B0%A8%E0%B1%8D%E0%B0%B8%E0%B1%8D]
in SYSTEMPATH\Router\Router.php on line 768.
 1 SYSTEMPATH\Router\Router.php(219): CodeIgniter\Router\Router->checkDisallowedChars('news/ధురంధర్-2-ట్రైలర్-అయోమయంలో-ఫ్యాన్స్')
 2 SYSTEMPATH\CodeIgniter.php(829): CodeIgniter\Router\Router->handle('news/ధురంధర్-2-ట్రైలర్-అయోమయంలో-ఫ్యాన్స్')
 3 SYSTEMPATH\CodeIgniter.php(441): CodeIgniter\CodeIgniter->tryToRouteIt(Object(CodeIgniter\Router\RouteCollection))
 4 SYSTEMPATH\CodeIgniter.php(340): CodeIgniter\CodeIgniter->handleRequest(null, Object(Config\Cache), false)
 5 SYSTEMPATH\Boot.php(417): CodeIgniter\CodeIgniter->run()
 6 SYSTEMPATH\Boot.php(68): CodeIgniter\Boot::runCodeIgniter(Object(CodeIgniter\CodeIgniter))
 7 FCPATH\index.php(59): CodeIgniter\Boot::bootWeb(Object(Config\Paths))
DEBUG - 2026-03-02 16:55:44 --> Session: Class initialized using 'CodeIgniter\Session\Handlers\FileHandler' driver.
DEBUG - 2026-03-02 16:56:06 --> Session: Class initialized using 'CodeIgniter\Session\Handlers\FileHandler' driver.
DEBUG - 2026-03-02 16:56:06 --> Session: Class initialized using 'CodeIgniter\Session\Handlers\FileHandler' driver.
DEBUG - 2026-03-02 16:56:13 --> Session: Class initialized using 'CodeIgniter\Session\Handlers\FileHandler' driver.
DEBUG - 2026-03-02 16:56:13 --> Session: Class initialized using 'CodeIgniter\Session\Handlers\FileHandler' driver.
